cust_id,prediction
2dfoualegmpt6x2h,335.26412404340186
d2q2stjpnzld7a4r,0.29941176760197996
cojscuqlpylhclv2,0.0
vntezlhi2ryvxk6m,126.49287726665221
jgy4ytjkdr2b75wf,140.82966164769877
z5556xsae7hjyzns,0.0
bsgb4hg5tvtm6c34,0.0
w6helbfkvtpppzjx,51.70074403944969
kklab3poqqxo5c2w,0.0
unhzujie5tubmofh,0.023575716149474665
mt7bbsdrdqbyila7,0.0
qxefj47dasckrbgu,0.45445872383339675
i3pefo7e5ziiqddf,0.0
lt6fc3anudfsbnc5,0.0
w2u3l7j7fuznosyx,0.0
hjc7q6by6aijy64c,0.0
e77lp747kn6bhzjv,0.0
mp7pxxezjzyfjat4,62.34311588320641
4qspohriyfl34cjt,0.0
4pvt6gbhfunzts5z,0.0
owb3dy63bpyzkt6v,0.0
gbsrgj2aw47jmvhs,0.0
o5a4pkcang735wyl,0.0
3a66lozetm6svsnv,69.76449324715739
cdxavpi2nbdumynr,151.48229941778368
5zbw2336e6mdw6lo,0.0
2cgohb5ao3ffyckl,223.20795246101414
xb4rt4d3elug5vxk,137.9118338538866
h6fmn4bnrfk44eqp,86.01032936645186
ojydk24mdd4e37ih,89.15945201124087
tfij7mtnav2fd2zn,0.0
ivfnnkmugvmk53rg,119.28357308249161
dewqyggwzke2d53g,0.0
37ytmqcobmfnflbm,209.4139123091064
oqvuv2pqn73nm2cj,163.67195724655892
rpm7hwms7krjsqkn,57.19376160033528
2kpzez7kqlzxfn6b,123.28700655814757
sosyovkbvxbf6jgj,370.10368919674545
su3bhvdieqjba5iu,0.18648806214064376
zzzia37zqscfec3n,0.0
73uhr3jruta4v6xm,61.59041840749127
ocuyspz2fu5uikhm,0.01421898772286635
wtkhjsmccn7ktdko,117.16428703667138
qpboyfcpxc53iw3c,456.7372394542987
uaasljjky5t7wu2s,0.0
vp6h4pzaa45x2nup,0.00010714229446458391
fgflt3u2acnyoq5i,236.3038762369015
ntrilbhwzhchvxtm,320.90967070369095
pwvxgt3cchedf3co,0.0
db2a5tj4qgmiimmf,0.0
hwtqzoxcplz36eyy,84.30623022215073
3hck6mdz2324ecjl,0.0068604675692746095
qvirs4c22ewvpvbo,0.07503660683041802
hqsnlz7a4u2zbu2q,163.682824787657
5ogq3gzf5uj6aeoe,109.66282331765458
fo5uhamw7mga4jq2,6.1759010736515085
rkfgyaof5ekcq6bk,98.50010362829389
uz5lqmgj77sbla6h,0.0
dk5yzohjfnkfuswf,95.751869853848
2gf4vroed6gtokyj,123.96912731530901
2dgiv23haqmb267p,15.635240392808006
lafyntrqbtgb53hg,5.350311716152291
htkttgbqkpnmdb6z,155.80974992358267
624efinbwhrr2lmt,99.87557800623824
ghty6cjgzqcwg4pg,237.9078627341581
sk73dnh4xom2omqo,76.17105273402879
23yawgtipsh4xspt,105.70025944285757
y4fdlfs2vfzkac3g,192.7335847498162
uitfxihupuhmjihj,101.5399415676431
dxaiu4hzat3o7lnz,65.68248648917904
4rha2lfqbjfsgcvt,0.19266717152203403
7gqu36t63ncr4edq,0.0
u7wqfdtkccgyrmgu,0.0
avbm2jozx3eb73pg,227.73933811036483
hr6lngmxd37pzduy,4.337957088979142
2ofhfn33r3sqenaz,0.0
v4svojiij6jfkt66,0.0
hipuppsqx4lnk2nd,108.07896036085299
waiowrlips7ypdgc,0.0003029865068656225
ycikda4lypwfsagn,0.017102105230352844
edzz64vynktjlm7l,0.0
hdu7fcenwgexn5kn,0.0
of6ynj6shqitxb54,139.87781956909643
wkdxpf6xctsq6o6s,272.9503608242637
e2vtswdjemxokzj4,0.0
asrhixohwvyvjwbz,473.89575356971955
5nskkolunulig77t,0.0
vebfgbpsglphwylt,88.79152135180598
766j6apa4pgs52ja,102.53592139558037
yaknkpcgwgclwkne,7.457613164662273
yt6jy5jc4ku2yhol,19.52119750213253
umwfw3lqlr2ysdp5,0.0
wvrcy73haqw7scuq,0.0
pflnkdijotddcnhz,6.378772377166298
iy3lrf2jrkk2u3qe,0.0
ljgvrmp5mja6wwkp,0.0
josem5qg5qlrc2xe,125.39463355040772
s6mgcsfyrm63fkio,151.08616534490716
znnr6fltja32bjlu,0.0025610351462264955
e43my5vb7rdjlqud,0.0
25x3d2xycnr6dp7j,0.0
2srouiphr4lllwhq,0.0
bmkhch3rrz52rnzd,1.1205215961101118e-06
qwxu6nt6hacguv6z,0.0005785455726589425
dp7qi4dso2ulfzdh,68.49721340424661
i6n6myz4s3vswic2,0.0
x7nhslp4nbbjxn6j,84.87850979416923
qdiweyna6mbhuuqu,70.202357773999
tlqxwsk6srpv7iyb,0.0
l6jtmtrd6636wzqp,44.8919465061181
kbeagkh2mog5lb4j,0.0
ty5bxdp526t3a6uu,0.3097324818238028
ro4zuarna42ywozr,0.0
dcqg3gr4y7ferzc5,186.4122886030849
wxiu37qsc6qpevyn,6.044166936713e-07
5icr4ugikfpfaflh,2.4926867589505957
is5b6elprrazlfft,0.0
oivg5ajsimnlgvu2,0.0
mcreibehy6ujjkc5,139.8977183259616
phfdorvt4cdfvx2r,0.0
z7i742gmmcgurade,0.0
dvlzsetg4ifvlkq5,1.5020328097698823
o2x7oc2a6if2rwym,1.204691149778209e-10
vnfejzij5en224z3,0.0031367708788547343
fkbq7xm5jit4aizz,50.687702347555216
obpkxdvpq7xgmfqi,0.0
72pc2jxzudjcbwml,84.71030730411385
srslnoqntuvshnzh,5.460807456540132e-07
fmc6egd3saykehg4,0.0
75uqhi4l75nx6sta,0.15202630617950613
csfezb43sqz2ix6y,0.0
ln3hsungbaeuvruz,0.0
witgtbphcijcb3rs,0.0
rhulieq6d4pzibwx,0.0009358261232490508
o46o2ugsz32fvcan,2.162419837734688
mlpj6eornd6yzcmo,92.16524488594655
v2tahb3cgzsagvmx,0.0
ycjgho2xzwnb6f72,0.0
x7g6nnhiw6una7qe,0.0
j5wsnub6zea5zm7e,0.0
eaafrnytx7shlk4g,0.016155209346249224
ur3mi7pukfxx3vae,0.0
vszenkxgrgyhr7th,0.0
4wyb6cbda7iyrk5s,149.38987963362013
mydfpnlkornenjcj,0.0
z6ycdokgkfnlu3bf,0.02075459085675106
k3hpnfrscj4phrmt,270.0703985067985
rim5au3lomzkybu4,59.80048752159957
omxiqe6k4d2uvfap,0.0
uwtd7gxqzsptfx7r,0.0
gcrtj76nmqv57px6,20.034505590554563
bke2tme5czi7r7c3,144.41897465598606
7mvypkysza6zmoit,169.0137809558688
4ldyav7lw2ulzj47,349.0579544884731
zhoir4i223yvbs2m,134.81829395858983
ohchyht4ol3ejl27,0.0
tx5djwe5oykyponz,49.19081230868866
twrnykhajgdwdh36,0.03914296078440356
rmp7wjvwtqsirkmc,0.0
a6bejmj3tt72s723,0.0
kfxb2dk6vmp777vv,0.0
n6mrjnwa4umo7bmw,78.97191343313378
nmh2a336irdhamft,362.11581656331384
tmqi5hx3ownzanje,125.69098051813046
r3n26pi4xbaco4qo,123.40029190158432
rc63xz3ytmpbisxq,494.97896571452844
zbc4iytqar4dzyet,0.10057558263765926
dua6wg766w4735h4,0.00016301741539550323
vh4jz5gei6suip6j,118.57737155459193
ve2rrphhcy4qt2jm,0.23131594807142739
uqscmox2gqpu6j6e,0.08480487915550582
awvgmhzejywn5rzb,1.6713246425128812
32kvgjwnmpfmyns6,191.12519396010384
quij4frg63bldnde,203.84278559123987
ygewylt4mbgb6gh5,0.0
atmvelgj2vt3afye,0.0
oz2vlhtarnsakmxk,0.00034831161571794225
vgys6kc2hxrs7fs5,0.0
gklyixcehx4hgt5m,0.0
vjy5czk5ivk6hveh,108.9203217148112
rfgthzatrlmpf76t,69.33306555744598
52bgdzen5vvfychl,0.0
jcldqzd4hxg2esis,352.64837384905513
kwhvyevrlhjq7rkl,183.0101709720607
v4yta7bnwripnomi,0.00016801549769208783
dranez726vytaiti,98.69350087504046
jo4h4wxzelkri7yg,0.0
r7bxaiqc5m33y4wo,0.0
pbtlnhngtnkkt6c7,0.0
vedx6hgexay75bur,1.5136778636233491e-18
o2eh3e47u5zovfmt,0.0
73bmavlauppwp6uu,0.0
geg3hzhtx4irczbr,0.0
upfo2xlio26tytka,6.5123884519034325
ijny5tfqg56fkk26,0.0
shumlozwe3bua73x,0.0
khhwl4yhik4ta7hd,0.0
qweebsukusqutxva,94.42192176734909
rozsq4ynkmcasdn3,0.0009452696718920935
tyym5awmoibcggwz,334.3579118328606
q4yhorp7pmpofbz2,0.0
p3pe77yyoa6hww2c,0.07514645979060255
2k5wqclmvqbizfcb,0.0
m3azyfqbkzoi55ug,380.20629074460817
d7yrv753xzyown4d,0.0
zfvyub7dv4lunrzq,0.0
4ggmaa2ub7577b7u,0.016504318054034503
ppsjupfua6jvhms6,0.00028576234102040723
6q25wnqp7a3vqr2k,0.0002149466863306362
ta77veuc6xh6niht,144.99288044678997
lxhyx5coj4z4rpzi,23.225136466275536
dateldxxl7mshgpp,0.0
o7ycxx3hwjokchul,0.0
uanpvj6xm7epafvm,5.885295379337432
ec23lsigrnwhqwm2,15.704896619557266
plx7qqx5537mjagz,0.0
3jsyrk3uxqfggx5b,1.6834167180342786e-10
gnqin3ax3o3be3kk,0.0
mx5owlue3cvgml7u,0.0006044981019611728
idu3xezarsoghejq,0.0
d6bbowe36abtnuda,130.39264149213298
2i3iddbmrty7nkmg,77.1751394048664
uyujpojnvztidhvp,0.0
f4fk3gmr4m76n3gd,0.0
bab2mpsoxll6pdju,70.86411216971108
yxe3zf6fnmbyijwt,320.31406089388366
piqzh2r4nc5ki6ku,0.0
f7grjiqsybz52o6h,350.15869157390284
2nparfcyphuwdoeo,92.22141045624798
ap37tzr4o7bcw6xf,0.0
dvvkf4gwca2yahup,131.6813329595589
3is5kizt73dohf7q,0.00757978485792747
q4mq64rakytg4xfl,186.71365081138808
fsw43oo6jmxpudda,104.62296332815501
ik2xyqkz3wffzeqd,0.00025299202490660033
5aembr2pkzhtwwb5,252.308889919384
7i2ssjrzfpzt2nkf,156.3579654498836
muqtfoaubetev62a,260.4874254061358
x5ikxqbl23f5sqak,92.32353082147222
ba4qujj2koe3ussp,0.0
lxjvkrs46o2t7noh,0.16480026519003352
oevmkscqc27xhxvz,55.93086130931143
4n7geaa5725icd43,153.0205270378251
a3cg23bzsorzondu,0.1895709099374616
rgjfwmpfx6bhmq4w,73.45239341184255
y2ofw6d5ehfyw5a7,7.646133740345961e-05
aa753nki6hs7liud,0.0
svj4xmwtolcmqa6a,0.0017829663498369088
cgqexwy5ef6rshiv,0.0
sz3gf462ryb6hra7,0.0
bvkubixa57wpxqqj,68.31538734069068
fmcgeha74gjuml4f,0.0
ahbv2jrfdobo6xwj,0.0
hjwtqijfqjpzlwrm,89.68223442843671
emr23wdezltrv55o,5.919964568925467e-07
wfpxm6xzh43hnlno,0.0
2a7lzw4t273rqrtg,0.0
j6wrfmqw3pz4gkoa,186.9196625583569
pdzrizw7cfv3fe7i,0.4485734694672544
zxtzg7pczyys7crx,1.4133306225587902e-06
r57qt5aizw2wvhi3,140.06735214393555
tnpbhk5fvs2j3jj7,0.0
lmqyawiwtygaei72,113.21272222420512
lqvqclbblx77okno,2.511329478989386e-05
d5zsmt3n2sv4viyj,0.0
bsv54n32qerelmva,0.0
5gdzqei5xr4ocqdj,0.0
h4olvld43ntyailp,0.0
hzuobhnjblrnojiz,69.70036554494257
5gvy7aq5jkbympcs,145.2726440293544
iklpkmt6cpkar2bs,0.0
oamckggs3em6yvu3,0.013491915881860257
jw6aqs7yjt5xy2aa,0.0
vg3vxfoebf2myxno,0.0
upidqiaies4hmv3s,448.39861466117713
enj5plnnm4athcrc,0.2259180481121741
7apnvqodulcw7t3a,4.6100379068273565
ej6ue7am3cn4ywjz,43.39506428774791
htqsj7bikf2vvpgq,0.0
5zb63xghdfmkjoik,1.7075995015318771e-06
wzlp37pu5kbzgryo,97.24827097996874
ixkf7bx6pjw6slrc,9.833175225743327e-05
nvl2dm2ljem4eu47,0.09676275535871717
ttmrqrrv4kjkynhu,0.0
kphlxbzq2mfaeux4,0.0
46ek5ijjbif5ooyb,0.0
d6kticrn4zkigmtg,0.0
forjqe5kyggsttux,0.0
zfdm4uzr2qtufmb5,112.9456790849308
svcnmurr3bagx5dh,0.0
f5tqrhmm2z4dweos,0.0
t4spn2pqdr5zjtbr,0.0
gj77uvskwnvtbej3,0.0
atgfc72usfitb7rl,0.0037737500101329992
g2mjro3tozgwnxzr,1.2048883516389641
fiixxeecbpqjpmxu,0.0
6rhonh63kare2fgj,0.0
v75y27xutwo3ry77,206.58383791428128
anarz3554val37xb,2.49268997922314
x4esogmune3ycn6h,0.0
dvgddqbqchlpuafb,65.43188368705057
2zetvl5nnjidr557,407.2482371722184
nkryojppekximqir,124.19918062722999
luy5jni7n56fehhm,1.4195166725561177
okuuolnfdz5xgns3,154.96368344427907
nfah4yir4sg3ogm5,161.7065770492554
2quqlle5pqydp7nu,13.498479077724859
3fdffxxd3fbqtuxf,117.13640264409102
px27fkdc5hulsted,407.10824222434894
py2errokpo5p3ay3,103.12697508309108
gnbqzsxrz3hckmvs,95.8422002210227
36bd7lvofr43aion,0.0
57iy3m5mm7nu3bdi,366.4363995542754
q6mzfs3f4httkpv5,0.0
dwwftknz7doufgpz,47.10992616133392
4mwe63fmwfqxysue,0.0
momuufyqei57zxls,0.4186372055294596
7koipx3hzhukcrht,0.0
yllxcchcldyuzxro,0.5678326589407935
heapn3g3bret43do,88.55573614416801
vaivwhd6gebslag5,94.89879984632364
62puc2dgukzdiolt,0.0
qbf5sbd2gm4tkjl7,0.0
xr3hwpffc7crj3tv,0.0
shbs3q74dydfphpu,122.98494102724183
hjlexcvpv2ipamwu,0.0
hrkvea5rrj6kmmbn,3.5921122967781454
wco64oqrdcv663ta,0.0
i42psxpkm7hfdeuj,0.0
wfxrvrvx533rev7o,0.0
5ihd6dzou257s3wi,0.0
r6scrnm2b4qf3mcj,326.20832649358886
toozt6hkmgtw2z2c,0.0
kipmpqueluizvye3,0.0
dsp34o5i3jb53see,0.0
k7pdykymcmm4kvam,0.0
enx5m5xgebjpomdc,0.0
rrjozds53wotagpy,284.731466343825
ewuosbot7mkurctq,174.26420105339974
b6xdxp6ocqnivwxj,0.0
26zli6bcuosuj34g,0.0
iduqfsrcolgktkkx,112.36140603850241
s2c4uuxbzp3nhmwx,0.0
jcthufxxmsbuwbnp,2.074303228426457
leii7vdydvr7amql,1.2012023433321626
3vn2icmf74yzezjd,312.4860250933225
pmcnccdbbv6fzxa3,187.96026519943285
pcevlpquclq2b6nm,10.843482506976967
3o2u7czfgmrcco6d,0.0
spuu5evv3ficubna,51.839350958681734
dxmbgjy5qaa53yli,0.0
6hzqrb4ygtpmmesp,12.781037816324275
rpuzv6oxipcbsgyz,350.8431081065263
6a4y3wzvcuwmv5rb,22.152839488424533
6bkbxmb5j3fzleqb,0.0
jxlwbyghpbttcpzq,0.01767295714978983
kzrruxzushrikzpu,74.18720733680016
ona4ehjtpowboyex,11.835297110204285
rbsh5asasjbj3jxt,0.0
fufzw4aso5muxuqz,2.07337489876474e-05
omezout24ttms7h6,79.17510667005274
k2yxf4tzkl7wrjy5,94.1409264253471
nrql7tri4itwxshn,1.0408686500014243e-05
mah2ononbnyyvckd,9.747168805820901e-07
bmwzplaiduwtvpva,0.19796558334412023
qrk7atzhokajljbp,71.36916823103792
4gxe6xhru2zgdyw3,74.84550635767073
hfnjxbkmgacuodoe,0.04358602596253492
eszqe4jmklusbqlc,0.0
abiu3zrge2q47thq,7.726915548418808e-06
j27ebpu3bixn7yzm,337.0911590870641
zqnsiuq5it7gxmlm,0.004171001446521434
u465koinwpksuu7i,11.213192008724834
zpcdhjjlb5xzaleb,28.797433335105826
2mjzgfhfxgq5zura,334.76760052603936
grdwt2kdfbbg73qj,0.0
7nxqf5wlr3iueylh,154.39094102432918
bxibkcp6rhtbnrdr,0.0
nkfgl2ipvet3f5ud,0.0
bk4ufpgfd26nizk6,0.0
gnucdlldqynwtz2y,343.48856310988424
urnyqhjxvlklqn4y,326.6613975149281
j45o2hshjqhwiizr,178.76374850691195
wdqekbzndnf7i2dn,75.84911801564957
gsyhqr6zxrcxf23f,93.04167603573194
tnod4ovlobzl7d6a,314.7477791203794
cjfv5ooc6zgn34o7,0.0
jv4dgdpqwxz7ch7o,0.0
lceinhgfohhaujcb,0.08433296311660533
rukvx4qstsmcpwdw,0.3287858157289137
3l6kcvqno67abemb,236.19151468798836
tog5zs4a3t75wslt,0.0
l5va7ih2mt4kbxor,0.0
fdwuv2q22lphxqv3,0.0
u2piwmhdjlf63zsj,0.0
xmrzvv63osfqtcgb,0.0
roieop634camltt3,95.06953777481026
gmxpk2xjlr6qjihf,0.0
f42xksighyylnqau,0.31617304962359605
bs6mjquudcmmxjt6,0.0
pnglab7t2islc6yb,0.0
efuwjxhycpihvxad,0.0
4nxx6e5nadgigije,0.0
zbstnfee4vbeo7dr,0.0
y7hbseo7kl2kvyay,0.0
w2rah3defcllx246,0.00014147803598901266
djggssut2ilemmoa,0.0
yfusrhiyij5ph46q,0.0
ydcbp3li6vr3s6av,0.0
plmnk56gfef2afcq,0.0
r4wb4puyswnkbjj6,0.0
d2w7nfu2z5yzlyny,16.513296298106724
ximy6iphxdjbkh6k,45.99345607059481
yhomciecepvzdcq7,0.0
ttjbm7rhghvq3mus,0.0
6tteaz3jarso4cdo,0.0
kjqioqbl2ng3wzn2,0.0
evh3jszvk2bbf4eu,0.0
dbqtxyx7plkocvo5,41.33632155287636
wy2xfkgqrwl7rkrk,278.58900640680014
jx6sbosx5eh2t37m,108.48096917105636
7vhpjrryva56yhqa,0.0
dqtx6pk2uyibsmry,0.0
yjiq5nbbcbfseif7,0.0
d6jlnqo3etqrx6i7,0.0
s5gyc32jh4i2awid,0.0
ty73em6p2nlyaimc,0.0
uebka6hsvcqd3qgs,168.55622164702646
e7w7rrmepyilwjfu,149.94266950813756
ipvlwj6vvyu3klnb,0.0
vjonx4udfq4obips,62.31722115748996
e2rg2o4uvmhubf5f,0.0
p4ns3pv6yqt6nu7t,186.14538437920586
27g7umpckptycjxe,330.362836500089
mg5mbjn6v5edlnpx,0.0
7lzbru5wgvmvqgrx,2.3261696135617184e-07
7qfbukkl5ml3dxkp,95.53055855694642
3vejt6dplujfz2br,1.0007280548210087
ngsdpwweiznnqa5s,0.0
crmc5au4z2daojn5,0.0
67vmdu3cmjir7diq,408.00176871253734
i2i2gxkwcwonjuab,98.51854407078082
abqwpnn4bect7u2v,0.0
iewyz7cqv57jvzhn,0.0
clubcgf7sljnfslr,95.42356367683894
imrfnvnvruadg7xj,0.0
o6yvpsndqcdumosk,0.0
uasiowmifpk6d7hh,0.0
4hykawhan7tzcbhr,107.68444322525195
i54mvylvncjqfj3t,0.0
thr6miwfrrbgyaym,0.0
b5zodb4v7fql6onc,0.07634224797736193
jae2hsbitjmdvpil,0.0
jv6lu44qsnjro2nt,0.0
j7djtxalye4dhxpm,0.0
qnvhyohsxzmfz6nr,0.0
inlp52kkwsqdwb6x,115.9891751835661
sieh6wmqgc4uwcr5,2.4425988074067266
qmohjicir3buzvkg,0.0
mfwwluv2ffjdmyk6,70.54683792971606
fvtqcpdgzedgfwc3,0.0001368466853457047
x564evj3tgta3c4x,124.27354305899311
c3aggsjdhmtelnzk,0.0
ae74xdgo5w7oqsev,0.0
ha45wyk2folbhxud,0.13910930243700265
777osj5seeyjq5wr,98.70831072229099
x45ay6o52gomccwg,0.0
ukuvpsk452mqkdfy,6.945514913870833
io7gcdhct2ckc2kl,288.9757553366809
oxm632ho4zxjikam,0.10308209920662295
fz6thetjacl3zhnz,7.320084606104248e-06
qmid6g7b2abjekr3,0.0
mhofqcei7pmfo77i,130.71593226643304
ig4e2nup6w7p7gje,0.0
qtujkpvhbpdecqrk,2.618109077236725
hpljihq6w5brhmpt,201.34478982683046
lam2ih2rzajtjwv4,0.0
ek3wa7c3w4zxksff,0.0
qpsdgzqdrnsr7wuk,150.98878619407355
vlqq3vg4c5mcs5yh,0.01351994945526651
x3mqedfrxld4w73b,163.64543050717765
dtcpzqzoaugmtdv4,0.0
vqupjivmkcvpz665,3.8280242785366206e-06
nkx26rqhljnafwco,0.0031447783278471513
kt7lfwq3weayuyef,0.0
txlqo47ygnjhgo3v,121.04674368871113
5middoofkqzhprc4,1.7988464583430152e-07
jsiyj3h2d2ite6jr,0.0011663016813031066
ozivwyrjyyultypf,228.2476629597529
ol7nd6eobd5l6bi7,46.06745070410888
s5jxzchvitgvqb44,114.61181876332046
qbmpm4i2m5yysroz,0.0
hdugvl36xnw6thye,0.0001972970613046225
vsrfxrckur7wywsa,0.0
sbhvdpuholtas4cy,0.0
mljcwfw4lrqzcxtk,0.0
mbstedsrkp4yqqlm,0.557158910970708
6knc3gsarkn6dfqs,0.0
lcfpivtof2zaa4lf,0.0
nfxz6qwzuxca3ink,0.0
hsqj76drjzotq5ng,0.0
4jutp7ougcejxsun,101.05779708393459
zm5plwhfsib5vxdh,1.1165241885777536e-07
rpi5ep7nyth5rwa7,75.58317517872936
3zwvrdcvks5me6zk,0.0
64xpuuhhz4kp4buc,0.0
3o2fnvvjykvk4dsx,0.0
5na2zq5cbixigdh3,331.55078602931405
x7gwy4ivj6be2y5k,0.0
ur5j7ogmjvna4ktb,0.0
cvosx227cwsnmj7u,65.94827770346862
cssd3kv7kkyqff5b,0.0
546uhajbiyk63g3s,57.88119079316205
vgw34lwd3zmvpkuc,0.0
2nev5nhh2bztfx4n,0.0
5ynydadi6xit5s7u,47.6794064871546
kmddpd6fjbx35ccj,0.0
6bpds46dc2j43pdi,0.0
pj7xgccdvcytzosz,5.357236451863999
ybic5gi4u6zxkk3g,51.718235657138564
6wini2frdsbqfawe,235.89620485246093
lvawnvdbiwekkngj,146.0429679955064
jbupumjd57c7cfei,3.839412634376154e-05
cbkilb4dlzuuctv3,0.0
me3iosv2yh5oskoh,58.31218136519417
wtfwp3erlmo6gnh4,0.0
ey6j7bbhkzhshuey,87.52076185396416
gdyitnukl2sw45ce,77.10669346494016
l5nhjfo55yd5eqjq,0.0
qhkcorf5kxmvq4sa,0.0
grhchekbxltrogkh,0.0
n7xdyxij2ohh6ocl,0.0
suwzyk5xvpxy4kgd,64.05478331739516
mteelqzu2stsiosh,75.86417279316211
lhjlird2us7udu5c,0.1174209735702252
dejuywycy5nzna56,125.83747514722128
42enylmnpuyh4pr6,7.137471660944325
ge7jxvambxqjvpb2,62.20555613326987
74yosr5ydkzfno66,123.14304389006548
bnpo6bmfrtsglxqw,0.0
y3ld4336r2ag5ouh,0.0
4kx5tigrkll3ld4j,0.0
zqxa6fgvm7a327wh,0.0
wyzewbboacluqo24,0.0
f3msuy7lan5cct6a,0.0
5vvj4dsyob63fjv3,0.00010146114230445142
zhpouv46zqkfwsbe,0.0
dqjjpthwr3etnjux,178.2638537410097
yerrpijnzizgwd5v,0.0
2wmotzfymnm663vi,3.0611404231334802
xw2lgfcsp4kp3wk6,0.0
dmzkwpbrgrojihn2,0.0
asaafwn2umu75jms,99.50753477113165
7wlxon4cgqssiyvm,0.0
75textmrg4oobqwo,0.0
ombenry6cupknghc,93.30965670922788
r4gufmuwmedulvwo,1.6311026203786804e-14
vq63tw6qwzbysuev,0.0020528765228917016
52456a5264763tk2,89.19349146216226
5stq3ophij3pwlgx,100.32661513724423
d7hm5z5fagu2wjqb,188.23635331636524
iudh4hzksux4mwp6,3.793516442189645e-06
5holdd32ja4dlyvw,0.0
zerfxphvlyht3rmr,0.0
j7qq7ycxze6u3o5n,200.15834095938112
xgssjf336wzo6ngq,0.0
pqxoprpcs6wvn2ak,0.0
rid3j42mftqoeyza,3.012818725819055
7p6umnd7typnuyac,1.6044826345492569
s6vw4hqhuncrtgmg,88.0245055051409
u5fowgsjyg5u6t5o,49.89852554540576
cva6m4l5bxpdbg2h,173.58404755570885
y5q3bcic6yemexzr,7.445755501250263e-05
onrvsu3w6rrt4qua,133.04795579804056
n2ubagxkqtr5hxog,80.17758389345344
kz3y2nqzmywum4qo,0.2177224660718814
lhtseituzarltggl,0.0
6z2ieowacbez2htt,0.0
yiarq3ilkknb3zwo,0.0
7klumnl36ayrvnny,0.0
kakzrdhnv2du2fdj,0.0
rxj7th7aum5kcgfd,77.43845222147738
o6wpydrgtbqyjejk,0.0
vp3vfjzil3mepy3h,0.0
uricbxasbsbbc5ss,0.0
ikwhe2i6bspg343w,0.0
o6z5eu7wqgc2wq3b,69.1644596278656
ruw554cqcakeejct,0.0
22hau6r34jewtggv,0.0
m3d236z43dojc7hs,0.0
ydsqpjpw6qibttav,0.055933350770370906
epfrabbi2z3koycy,0.0
wwu35ccmxydapyor,0.0
4taafy5f2ntuvmxc,0.0
z7ykkeg5cwrdyvmy,92.15291013317457
3th3d34rjsyoul2d,91.51806157977532
nryoqvllbco3mzgx,0.26601583763403686
dcx226u5qwlskhvw,0.0
jukjrvfv6zadtt2e,0.0
yocwvjpa2jbx7n42,0.0
fu35ry4655cmynxq,0.007758136702246389
sa5okcwfryf3bf4j,1.7988360221249922e-07
66iiglarehjm2lle,0.0
ykto5tt7xy2w5ohm,0.0
xzwzznjundmzwomd,144.32416893914132
n3hpksfpddunxrs3,0.0
ubtqkevtfb2mu766,0.0
hdelzacgyefjnsla,122.33323449494925
2s3uw6jybnzm2osu,111.95898595883827
fxpix327npzudw6e,1.062562533757645
d6nhgrf63v37g2mt,58.40049323031019
kvhdbzbp4haufipd,255.43944718826856
w66t5xliwwfhonm7,0.004749298605023281
6jgh45iafsz3rlbo,0.0
dmadgra63cddqpjg,1.095370200468576
gk2xufjt2yedkh73,0.970648064495933
wzsv2eofotcj23by,0.12076693439927501
56m62jx6t6nlnk33,0.0
xp6llonz64h7k4wz,265.6087434727077
yihc2s7rv4nfgonl,68.58404907326357
vg2xt3wiouddn6mx,0.0
kaj7642shzsoqsci,0.00030443377551729416
di5ddbjyvq7rv4kz,0.0
v5gwlitdwz5y77fd,0.0
yfumglldvrt62jb6,0.0
ebndu2h6qi2ebot5,196.50959036367988
5x6aden2ejs2jar6,261.7294156439555
ngnwpcac6xn3zgsq,0.0
fclyrwynescew5a5,2.108445652448729
3lnuslnreafhftc5,0.2747880338209278
zoa5y3oixypqotdh,97.46042800943259
g7yomzswbwcbafeu,110.51711872591244
wnunqnut6uqjvob4,7.613732030916874e-07
5gwo4uqdukdatnld,0.0
55gjbhgywcgsyroe,7.012007017118653
qiwcj4zf2upzlgfu,0.0
t6vsa4ui3clb7wia,116.01009087634128
ohoxeugys7d6elg3,0.0
helb2jylziszaipm,0.0
lci4ah4ehte7o6bm,243.84829023776226
nwr3q6luupmfzwzu,0.0
mn7mdeszhznaupxs,12.634085535705603
ma525fm2m6oy7rjf,195.85365979069633
z4pogtdaj6urljq4,0.0
b3fhmqohcfz53w6c,0.0
7wyarjrhnrwwwbjt,1.2746504375353214
tpd4aqohei5ehvjo,0.0
lcuirwswpaolk24i,71.55257368609087
j2qopin2yapiyes4,116.36979170912842
7od3gbr4jkmb6i6h,276.43852791123726
jaqkhulfzto4xboo,0.0
kvx3ylwrdqvkvkvv,1.6556964653348398
4g6bskbzh5w6x4nq,0.0
centrdk6uxhdjejr,472.1958316943057
mgtog6lu6s6majq6,487.35419207154666
4pthp43353bmvrdq,3.0081928121695714
n7sudwpwdedqoxld,98.24582195287198
wsjs26drvmhuszpc,0.02872170718085316
turopnlarjoof7ui,0.0
gp76l7trnobduf5o,278.08855636891064
huefh2zvxxobvomb,0.0
jgjddcn57bnwp5kv,18.95308283472318
5jdqllgbcp6szocz,0.0
eck63efhz6mr24yk,221.19689884557394
dm7e5ohzpfl6bz5z,0.01091248316728789
ac4ebbf4bbly6lwa,369.56154025332796
a5atjcpctkmicynh,272.88404656865373
fqcuf7tagfbb25ai,0.0
hg5xxwdynlix67g6,0.013712276179770432
oafdjkoemzvp7knn,0.023937713511475132
3kud4wlr2aqoxy6j,103.63155395361348
f7rxrelqmcput6zi,0.0
q3c3cyt2muvwl6kw,0.0
cugbua2wdpewgdwo,191.0311249615972
64nawjrqhjmp7amh,8.519396976008679
37jqv2btnrug4hoi,0.0
udpgwtusudndtm4h,71.7166710311517
plfydv3pxqykjllq,0.0
sbrc477aqd3i3f57,0.0
l4ejx2w7p4y7ydra,0.0
ax4ce26iycezkahm,0.0
oxr4m5eyei2nooch,0.0
re627sdf3juunt4o,0.0
a6fj2mkcaogppfoo,0.0
5til4rojwmt7ycml,0.0
ehgskvcynocpfz6z,0.0
f34ohgknhl6vbad7,0.0
o7w5se2b2edrtfsm,0.0007641061195401966
ku4y2qmtc6zs3t4v,129.0720045705248
b4trp3wwwgfvhtju,120.55804894089955
cbdt5khx356lpujm,284.09418726357035
jdg4ljvoidnx3mmf,0.0
cadlo5gb3wioaqrs,2.2450670291032386
pwmyvedv4ctypcmh,0.057012157262640945
mng6raw26fkyn6jt,0.0
6473wa342bvftkc5,416.66813022925226
cmhjbxipypcvidkd,94.51098461968351
6btdcnnptc2uyj6n,78.80411083641224
26w3sahnxxnem3kc,0.5542800266000744
b5qr2bduupsfxtr6,0.0
xxg3tgyhpn5igxh3,113.14487366846255
zmqagpwz2e25r6ha,519.2437326739879
g5g7q37n7mq6kk4x,135.89824837980876
cscgglocswpqirv5,0.0
u3mnah73rbwdxfqz,0.0
u6tw4dxrulwxgkt6,0.0
ktp3e5xhfc72ua5d,87.43579882040954
jh3eb5gmn7fccatt,295.0419231278553
bbrl7opbpfgmrswu,0.0
z574vh4l4wfjf7gz,0.0
dupqiyft46yg63pg,1.200255337060572e-05
2vffcuj6hi65ryr5,0.0
fyrpiuit7uutzves,0.0
m2bs3gmk3clyxead,0.0
fw6fwdwugkx7y3fx,0.2975332199437921
fz7im5f5eneggmsi,84.89136636095151
4jzulur25frg45xe,0.19318248535792637
qyn3wjwrmdbkr4uc,63.44617920414187
mk6r23u6a3vznp6v,0.0
ctjjgzupkyiggnlx,0.0
vz3qcucvvf63u3qd,0.0
zvd3akkayreodh3r,8.812664802758507e-06
462mbcbtuqnvu47e,0.0
mcwmf753gdyxuvun,0.0
bng2dl5mbk4mwzsx,0.0
qi3igdtyqyocxza5,0.0
oykayfhis54x5bv7,177.18576230903517
umrnyy2r2xzhlchk,164.9452822118452
4bnevqkvchffyfqd,0.0956591172134308
zs6x6akimkhgg6v4,0.0
jicvxpp5ywx5yyda,0.029108860920496974
i45cpb6glhatrdbg,0.0
4r5wdj4443g2asqk,52.40705711299859
pvocrubxcu6zb7lw,0.874924401464681
h3d6jxnawzw4g55j,270.3849882681492
4yfhvi2zhboceoio,0.0
ipv2bfykaahs7jet,300.2626576786548
cglzz4ovo7qpvv7x,0.05658729428044676
3vl7j3ykgl5dunac,4.784890921950101
imwmgevz6hih7q53,47.71394053886226
pikfjqvsp3dwvbvm,0.0
ovhxva3q4fzyhpgt,0.4222227056836046
em2cm2pbgfy6lvdy,0.0
fq6hkx7slqgxq3b5,0.0062038154359171805
sig2ckltqx5lllud,0.0
vi4quzlqrnxvp2qv,12.206679658517412
2nboi7l6d2qn7ygm,0.0
wg35ncjhqyxxgltg,163.98223428244444
bys5mmzifkj4byoh,0.0
y5avcv3oxe7hyx5g,0.0
vc22uh6c5gznm6pc,0.0
ivwbyx5kqdjy6f4x,0.0
he6lhavbxjbkhw7p,0.0
xmkk5qixtqhdxde7,0.0
kifrgjsevqrea3zd,0.0011011650640242127
hkgky7xzlx4elhqt,0.0
smbnoo7mfx6pwtoo,0.0
z5mhmwo5bfdjl6nj,0.0
gamxgwlvycacu2dd,152.6356961070769
2bxshwqgj5onjrwn,50.93492094354301
kq6auzbo4rebfuoq,0.0
aut72zideh4blymc,0.013100706214085503
kbygwseplm2hl4ge,1.3446063175392624
libroepnsvig7xkn,81.87234982279601
2jbltdtknnu6brs6,202.34730361832177
z2dru5bkyv5jre2f,104.33837984255035
ljerlztr5n5knawn,123.54711992996829
odasvrvi4wffz4ty,0.0
4enzabizz3zok57v,0.0
uzz6padg6fczfwyg,1.331576995954119e-06
emb4xby5dccq6ctw,1.3195227176634693e-05
pjoog5vyklbtiukw,0.0
ga22vc47bol3pka6,0.0
l35r43bn4nhgdfin,0.0
mvilycb6a7yvuiq4,358.711992830583
hbwl6bxx23tjld3x,0.0
mbxlrqubh3dzccbm,0.0
iwjhjqo7j4y4mcaz,0.0
uvwwmzteffazfdim,2.4081497075746126e-05
hiqcrv2hx7q3lf7t,70.77916681661591
cuftajz5fb6wqa4g,108.1974509175624
o6v4m7yactqdqhzy,66.03047879758127
mnfutpdhmy35fpwx,304.06073090850896
ab7fjffpaucpaajq,94.19248001390004
hboyd6v4k4jcsfz3,126.35981686665316
vhkvcrkenmc6n6mn,0.0
r76fzujixbtkumh4,0.3177094059111633
5utvcsc36wobewli,0.0
hgwgbus6kbv7pr5c,0.0
eymza6lqhw4hvzae,72.44159079773613
itglekrv2q55py4q,4.7964210221911445
poa2vwwo44j4vhi5,0.0
m6y6uf3ubtc5hdtm,81.65255975732661
35voijgcqrd6bj7b,0.0
veuottxef26mgoji,1.9681705278783038e-05
x4ppsxre75ywdk7q,96.6564027661092
rnnsgfyqwpw4mizy,95.11350898378876
3nuxyn37ffp4n3pp,0.0
vytpudrerfk7otma,0.0
vdevi272ep3tipjn,258.5850009130448
trb2amncsujr7ytv,0.0
rtb7frsy36ens7dc,0.0
s3hnrbiumhukx26q,0.013789148367116451
4ophujv666if66eo,0.0
rdvnkbc4lbqdfhrz,0.0
fyd2lv26vbds4w2m,0.0
y7s3fmzfrkwkxhmi,0.0
3wpwabqyprv7avrk,0.0
3g6swg3ahcgnjk56,69.2693030888033
mvfjo3uyf4ug2ijr,210.21445585415395
jbndhpegqxbhb4mp,0.0
fypedj66k7xyhtdi,0.0
23h3gjw3l3tdq53v,0.0017829663498369088
7pptyxv5zybty7l7,0.0
rki4nip4xyl5rjye,7.618133547705569
o7wv27phpbnpfset,0.0
iwhtfsakjdskydjs,0.0
kkzrpulv7ga2a7k5,0.0
vvwywzd475s2quft,0.0
moctulb6vvbioctl,0.0
7cjgrl5pc5maekqv,0.0
45zmmjwanu52kfsx,0.0
klmeq53duwrn4nd2,0.0
jun4itw3bsec573r,0.0
sfry2ws2txwfvb3o,53.70536267907697
rddyzkhfjnajckfg,0.041624265078393036
eue3yllzv6ellyjc,65.410355015273
ik27jfh3kjez5mr2,144.30614209650628
ia2uxjlitudspojh,0.0
tqq6qm5k6dfdxpdh,120.45787172462067
uhsk6xch4clabs4x,445.63861446124645
bcibv7o3vmtp333i,92.31968680073896
gutzgda4bslnvib2,365.0597367086698
sp5usq2apsh2biur,270.57308704900686
nujkfuzc5ofscc7g,194.18174917550908
ftbostkghkahnalf,0.0
rslggzuikbf4h4f3,143.79066651416667
bbx4en3compmjdr5,0.0
zxbwpsqi65jhlq4k,2.010672430869935
m5fbng3l62rycn2c,0.0
b3dsqzjjpblnd2ld,0.0
p2ej2rjw7dq3jgpw,56.41772160194589
wq3x2y3lxllv2ytl,230.56805275300331
ixvz4sv2ghk4h63q,0.0
by5v6usmbbo3jyco,0.0
udqc2grpl7s2dxf3,109.78062360713476
krtdkaeq5pbdajsl,0.005794637864947396
7pn4lfcnvnrwbf7u,0.0
h3mc3ny4dpjdnqel,0.008883891398614991
yk36y2gy2gp34ebo,95.37667182858392
n4drtyrahufocklm,0.0
lrwrk6etyy7oyl77,0.0
6htwszs2pptbmllz,0.0
cjdttqi2y6yhgski,234.6035987608692
3qgod5mymp2xk7zz,0.016791269925343896
wekw257x556ep2gn,18.03658827270488
xjz53crp3zg7fqk5,0.0
ntqx2jvsvgmnt3h6,55.97284791653863
d52wrnb457asrjmn,59.645344851447625
pdeboz46u2lprma5,44.93598412394972
foy6czlx7zmspmsm,219.50310667566225
i7x5z7ri7nv4wu4d,138.82328533580204
xofk6kqwvasx24ui,124.63941977247177
vm3g2bmdz4tseqtc,127.93978357838401
646rwaoumbg6vag6,0.0
cffbeuua2gwvnhge,6.785469608911992
rrwkjzh27s32bjjj,0.0
7th2xzvu6fkzhdse,0.0
t4gytzycpt222mpv,27.313710712940402
jbabizhjeqqjts7h,0.0
uyn6fkjbotlzi56u,0.0
yyp2qguf42jtt3di,7.817978597421731e-07
xhnmrxt3gvj4awmc,0.0
4vlm7t67ehhczajc,10.722740847259772
4yp3rbntgzjupwsc,1.988493905788919e-05
n5wljhnubxczhqa2,0.0
v2ejskitgspbr7cq,0.0
m3l4je5pwu2awsgo,0.0
rvpjikpd7qiieqeu,8.487312062925165
ddpogk55ovetixm7,0.0
ov57v5jwnfutkkms,0.0
knecp66gmnsh4jx5,0.0
ndffdtsjpqhk2qvz,0.0
ibtmuxke6ysd4r7a,0.0
55zliep4qiewhguf,109.40392060538375
j6e6qssfzex7psnr,0.0
erem7qzfecfca243,0.0
f2ych3ik25emtbos,2.947794250040932e-08
27zvkjuheigq7qni,1.9865747537090013
ru67whonbmbb474g,0.0
5ryfzryyglpvw6hl,0.0
2sdz2kajffnracdy,0.0018805123700421434
yi63xilhb5sjyzo3,0.0
ismt24npan3rvdpb,119.83216807236803
yy2qt3s4m75egtgt,0.033620023949518164
ep5to3boos5ugg5z,0.0
b4t3hjuaxhyqm534,0.01770206971320357
552znfhuj34kcoge,0.0
bytu5tudpx5yaycx,9.132820708895986
gxcyqk3hwmfg3n3g,46.2467043374102
ixjcteozimrar33e,116.36681745420614
6yqfjgk6wgkrvpki,0.0
gwomrxzudukpo5or,81.23070453024813
g7om2mrbgk6gg5xd,130.38693003062974
4gelbuax3kb3ja5n,0.0
6dgp6nnvvxqy5i2k,1.6106387332411487
iu4m436jnoxq6jy3,71.6259756243683
2sfsg7eqdsa5bgjm,67.18199233587319
xsuo7jgk5h7fogam,0.0
mtzaxnnmixasrutk,0.0
e36w7ippuplt6wfg,0.0
dxnrttsp5x2jafyw,0.0
xth42ad76uu2gkjo,0.0
w7dljtkyfcisx4vo,67.44280074213663
33womzwo2vw33k5t,0.0
lgr5a6m2m3sfdv5b,0.0
3fdj6mmmu5rbwjfe,128.70722814236464
fe3burojiidin4pd,0.0
zvz2flt36uzwyvrv,84.85885620560533
krvlqh2lcmx5ysjf,0.0
jwqlpyerevsdgnmm,0.0
sbcpxaskmtsh3bko,0.0
2wtywr43a7epxstc,0.0
5ezrmbexx5e4dolx,0.0
7xndvvgex5aom7ie,0.3984541376450821
3ruh3yuf2mffet65,246.28789597214774
pm7nbinglqsy5nq7,39.4154845664953
ggkm57qv3ratb7b5,0.1956123812103344
pyaltznnifcdaltg,0.0
j4iz2mp2266wjwok,461.52393928564265
fmk33nplwgualveb,8.369847241294483
3j3g6ko5op62ejw7,0.0002802522770276369
hnzyz2t7nva3af64,108.33930806508897
uyiiu7ojb5pzidxp,0.0
ax4og6knvj2t763z,0.008372649653037231
ncssj3dlyjynappq,10.614922559494657
rrw2beu3zzqqhx7s,0.0
i6oyzroue3lmfdhg,86.2386243632312
iha7u5hfyxdmde65,0.0
zrnbksxcxrqkqgsl,82.4085208155872
nis6fg5t6jsnjprv,0.0
rqa7kjru6asbngb7,268.7968520934037
vmhy3bthos3ls2if,0.3689974658814975
lbwhbvgsbrarfseo,0.0
gx3slyvlge3o6wyr,47.62346847162226
zfhaoaleoy4gm7co,84.79958204970356
iue27mupcc6g5qox,0.0
bq3j6rwr2pyfbuqk,359.85208048498384
7sm2x6ix56l7l3qp,0.0
7c3g6ihrsywnquqo,0.0
i2jjmh3uy4xv4uak,11.046587278765077
dza5ghvunvdshmfk,0.0
zi7sia5lqlsflcbh,0.0
ogzozmtzyfqk2hjq,0.0
x6dvsklw4mnse5ec,0.0
bto26w7itze44wqq,0.0
omohemppiryetap6,0.0
3jxkmgan45lox6py,2.4563613210137905
gi3c5zy5wmzvn5pi,10.640568075065588
2wywp7t7vj3xsuj7,254.55865842195232
nhma3crdlftkfkea,25.614477972798703
foqnqiem4pwxgrox,0.0
riir2xp4n6nu4xj4,2.0960268307750147
vtkb2xrsng7euq3m,0.0
luux6mxuvxsoyzao,0.0
2riezrds3o2niprp,0.0
bmmtpx47ycjyyrp5,0.0
xtja3cg646jv62tr,0.0
sc5brujzskur6gte,197.4970620527215
3is37d4nvw3m3cia,0.8888513428343533
b7ddzvvt2gqdcyka,0.0
mke7ybl6bg3qkjvd,140.52916567990462
ull3lgxqdmhgbcce,34.471172520559264
kbid67ryjszt3duy,0.0
wckanlf7yqmv3ygg,370.03401424224387
ju3lfi373pk7pafk,0.0
bmfiwfxaau6y6vx6,0.0
5tmmip3ff2n3gj46,0.0
r3yjpf6fpup74aks,0.0
unt7ivb7o5lcigmp,99.62607213461388
uinaulumt5qov762,0.6275581469811998
ptkxz2a3cqsdqyi2,0.0
wy6pjwualuabq5gt,301.29911959319963
yqc5pnh5nvihdy54,0.0
dfvr5s2rcw4opvae,76.74819150346512
6bwwhdynbj3a425n,0.0
r5cjasp46uyoftca,0.0
wcujp25qldxhyev5,105.82633661733183
wrluuatydyyiphrb,0.0
kx4qee2kx5fmo2v3,55.858907260852675
kpsljqpthimvbtr7,190.8673916551021
hljm6ebeqou7tn4t,109.12270675616888
avo7muabno2xcyoz,0.0
fkpgxqxbusb6vj6g,6.81366797412475e-10
h4lmuwipyhcxbr4l,205.86733537666123
eaqvgv36cqc7vio6,0.0
xc7nxd24zajfhwy7,0.0
yojkl3kqomcqwcnh,0.0
2ycc5apgsco5fayz,390.3232925051241
szx7evmjjheau36q,75.06672488049601
yp5o3t27hp4mai5f,3.504412734422119
pqpbqssayjxy2wfo,458.9558420590207
5z273nhzrckhsqym,224.22023438106086
27me4yxbpvdfuqkj,0.4278665085516544
wxpcxdbx4vdnx6cl,0.0
wcvepol6e6v6pct2,0.0
ha5xc526vvvrdq3m,0.0
5eeio2pomqhb6sq2,0.0
c3r6t6sqywmigims,75.18709474499185
arci5fklpv6i3f4u,0.0
o3h7pbisitcs3xno,366.3213936637728
yzuvsbgtnqujs36i,0.0
ttqy2qtnpjpgls6t,114.47792527677535
uxa7kwe37zzbn357,0.0
ao6fwbrklehssyl2,59.06447759210094
mgnrby4poonewsg2,5.6201718031323935
mgqv37btzw623x2w,122.91949945479497
2hkj3x3p43jjthgd,0.0
6w7lylm5luhzoyvn,0.0
6bbycbcsqopwzp6f,79.01209186405882
yfivy75satcixddj,0.0
77igsh2vple3zljl,0.0
i5fwojpewuohwdf7,0.0
kzmsdikdcx4q72ly,0.0
r4qu22qredwyqkel,0.0
23q4qt7xu3cxq5zz,94.64557040529849
bqkrsgxgefms77fd,0.0
vsydwm3gs7q6lhri,0.0
hjt3u65glpvh6ioc,1.2814117608343623e-05
c3tlfdapmigpkb2f,0.0
iygf3phovh7n5rwp,0.0
vxk4hnnkwulofynf,104.01740649233798
6zmkryxgj7ec5zj4,0.017044907530804898
hw6hisxecehbt57f,0.0
5uqavredrssnlmqy,93.02668453217524
2fa5ammirienyh7h,277.0339113653971
5j7qx6rhwhxzga6v,0.8946170856378524
cmt5ln6s4faqselb,0.000489453334404759
fpefk4j7e32rp3eu,177.9002670132163
tmbyijtml7tyxlvw,0.0
pthprac4jutizgfz,0.0
nxbuilxzawvodhey,7.314749255340468e-05
uq7mh3qi57q46b3b,0.0
sqymkopuyour5hyn,178.3775341239296
5mcj53s2whvg4hd5,0.0
nlaty3qvqbubsbfg,0.0
s2tivlgxognphcgc,1.1787425743140392
htatmtknrroiygzz,295.27539878108644
wcuy35j6w6q5t43a,3.8857395415063816
kkc5dgmxw6pmj32f,0.0
6sdpwizgxy7g6frv,0.0
g3fggzau4y7cgnyb,0.0
5ezmbgbomnlndegb,0.0
ymusjneo3lwb4fkz,252.35419914086395
dfv57i7mbhtwpwx4,60.31724982387048
sqpbc5qgjjyzhp26,145.72544069836476
t4a3x3myrrzmhidm,313.78492078372864
w7nwpbxth3gxhd56,100.94117369754098
nstcbkhffmez3krr,0.0
mgmakqrcprv5cgcv,0.0
s7cg6dw6ma3athq6,0.0
acmhb5ned6tqmd34,408.99973036878987
ebcf7o5hitvdrgfd,0.0
or32hi27hsvdupiu,47.386367201317356
ohhkv57ohoh3cgw3,81.63114346171272
2xy5fi6k34dkysoq,92.63623960433844
swwvl7bppka4nzwf,0.0
eo6qy4mcdtouzqox,0.00046892488156918626
m7pxv4sgtn46jknr,0.21534728910598264
mac5n3st4zoi4goy,0.015883229862136757
qcgcai276lmimcun,65.44948664311113
q4chjvyof7rlyihl,134.35245843291435
qu3ntemqt2tcjisc,57.59451376380446
sxl6fn7szkz2num6,0.0
wz332we7gm67wjts,0.0
syrd2ipptd4lwymw,0.0
zimj2cafuhdadi2x,0.0
mzf53oaxd2gzhm3t,174.66613812185784
vbf36aoqwdexzgcl,0.0
e44thdlv5ukvo4u4,0.0
35mi33lk5oynvz4k,0.0
fro5zkxwfqrcv222,106.26730717525072
suy2frrlo5qr5znr,0.004956930077120332
2fwyveqb7doc32iw,0.6607458790967962
uiqeu7albmdhgwt3,58.936686227811514
nm3cnnq7uurxgep5,0.0
b5z4rbyr5rigwlvr,0.0
3xcq5mhhxmrlaitl,0.000622470766159564
46illiaaasdgji5l,0.0
7ehowau6pn2hvfg7,0.0
tdex3ttnr56biaw4,19.754679701282594
cuqkxtg2uygncv6l,339.006586500771
2u6dh4vzeboeayo7,0.0
rztzv4jd6pt7xplt,202.8096822950075
cwc3kufavbyduy37,80.70340714633417
w7x5g3h42zpvbjxu,367.04502031795874
y7u4gdtqws57glel,88.64550276143027
dyvze4qm5hq5ogyf,79.83145175181562
3miznzvucrd7jajm,0.0
3j5v7seaon4kfpum,6.594921501156964e-06
uzri3a65mv4wenpd,96.08619001741455
ixows7okhblee6aa,0.0
5cjmqbfn3xubwy4b,2.4073940541525594
lqs3m4iuizn7ljrz,33.80327358114788
gr5ihtqfou4f4v7f,0.0
odnup7sutoaz3cj4,14.866468215427972
b6he6pnkltx3zu7p,100.5823448742781
mnm27b3flymwwxpj,0.0
gqcb2nn5ahatmud7,147.91867693030306
i6obdkbqlirzohmo,140.3333986186073
to4xygne5jxwsl55,0.0
tamwma2cvrlfysfa,147.10181804097218
r4xycttkbl2fzdom,94.79666988960241
63gfs4qskj4mgdk6,0.0
a7nrstj3xxz7npge,0.0
skb3w2y6trso6l76,2.261224090944502
oyjcrfglp7kqkgl4,0.0
6tzm4jnjzw5w4gj5,0.0
wfm54gsioh5hhfju,94.63278870304501
wkhwgev7acbqdzjp,0.0
wnbvfpz22oz2jyb2,0.006073130563630637
2xvohynceycbvcws,53.82594563311787
ywxooitgkbg33bx6,0.4371899739406275
geth7kwtxyjtpfqc,0.0
425l3weesujlce2b,48.942776234577494
4yel5pqaswiipadd,64.19085433701063
5xczi54g2uebo7xh,0.0
j4akk6m7sisfa5te,92.85661023337912
kd65rvnod3nsj5cr,0.0
sgbr7ssieeoh57kz,0.0
nkru56up77qw4nx5,224.4537311225311
rxfh7spi7b52dpyy,197.78578276156713
z5emdgtq2y5gpw6u,79.9774907566806
rso7quomiqurqwoc,152.18773530385465
4gltgtepwksz7cxp,0.0
zlknevj6an6ixulv,416.1071358303463
bdwvpqaajg24j5al,0.0
l5smud3jmnoq665t,116.95539867425468
bhyotyglvztbzqkv,74.19569327772223
arophzh2uquippje,136.54102727785155
bo5dqfunys6q45t6,1.213880402990451
poobqya5t2vhjz6h,0.0
sjbukaifani2b7lx,139.89491460292342
2a5c4uockbhmkbw3,76.94968390116715
jtz5riqnqejczgyg,80.81180184455505
pzhuyt7taitn35ln,139.2980207859561
l6t7s5gftazlnkrh,328.00777159377606
iycchnvnsectcwbu,76.1086067747826
nf4x53gdmdob4guv,0.0
5x52jtdabm6qvnh3,0.3057226354890508
zzq7wtu64k2a4yzw,130.15265269185963
5n6pnpm5dbmkjn2a,0.007865460111273972
pfnr6xv4se6puop5,0.0199867849443794
vncdmahvd7cpsuzy,0.0
eeva3eyuqe4di2dm,0.0
yxn7mmcmuhz6mmlv,0.0
qy76q7zjceq4ushp,45.850918006455956
czpb7464hasvt4sl,123.37038247549492
5vnohpv5syixdbiz,272.48253660719917
eavdhxpzoemr3x5o,0.0
rrzo5k4gcf6zvsrn,79.04785045531378
zjntdad6ztiv6fb5,83.90133261138593
yfk4qo47bqtucb3h,385.8896137705734
ydfu5mwksfr6ur2p,136.85462249564392
fqo7wsc5tjzb7vvr,17.063849032302862
lxorm4ghfkcfpne3,0.01263832646492698
kp6737d2mhpat36w,0.0
x4f4eillvj4hi23t,86.0106825162176
k6w4colderqqc22v,0.0
j4tked7qm6zrzfh6,0.0
tmnwysyyuav3tn6t,66.20628645860252
276bm4si3ug25sof,0.0
tchcgpqvdqtjscsi,0.07016401204854442
z2qrnwnwdaeu5fmr,0.0
l7ioxdgcyqz5wwk2,0.0
gac6cxhg2eq2jfdm,0.0031150831003920617
yas32seo6uoh36qk,58.57604785147802
z6lgvhg6scnczzxx,0.0
kmqbujb3egfxejf6,0.07966972107950533
fv763x4wtdpvp34q,0.0
ppdx7wcc6helgiqu,0.0
cdtbxc4hkzpou2p3,0.0
yfimjvoqcv7cxxam,0.0
frfnv4ok7isduxsk,0.0
lwx2l757xy7vfbah,0.0
megfvy6mq26iavvk,0.00782384925647725
l5nzo6rlksnu3que,0.0
6pz5lqqvm5cn2bro,0.0
l7bi2yggi7u2c45c,0.0
ytdjwgmesvkrmu2x,1.6311026203786804e-14
vzglw7akhjaxhjtw,0.0
uukgsp5tnxozdbpb,0.0
e5r7dc45adum3xjr,0.0
rpi3oj7diqpafcij,0.0
vlzvzok6q7dgcuro,0.0001520184993593145
apcrlvnj4s7627xp,0.0
mc4lbufwflzbhkav,0.29186799983575806
jrjdqsxpvijduk2l,49.67287492733789
py3gkjy3qetdyfhf,1.5792784419147268
7vfzwgoddndn4frk,66.19285192172251
f3gpm5aa5uop73ig,65.77945536581791
gpugxs3xgk5f5jkk,225.01645321617843
64xbhtjyl6up56jp,98.80646203493222
hkhm4av2ykyhdo56,0.0
agwqihtpga3jenwn,0.0
xk5ogaps4yvfywnv,252.69955110992908
rxfy7qpjlpvtcrsy,287.1260166538875
bekbrorbq4kdui3q,19.79484368223257
46ajitpj5qbnrp2n,22.21946028089206
dstaf2gerrdzhrow,44.5098219859958
j2onythrignztdah,0.02820185255629547
xnh65mdhs6f72bdh,0.0
v7ylbqeyuaqzd4ui,0.0
txuwnipouumhgwl7,0.0
d2xuhg42vihynts3,0.06697956959055672
7wbdj6clgdzrnqqr,0.0
fnir44abtzdzq6jl,0.0
e6yvouhwdbqpwxdu,12.381530830655697
ltecbqmk7okgt76l,0.0
ffyadxyo7vzpnvey,0.34215271490517474
ysukyu4iwqpcixkh,0.0
iaqdtgofjk4b4ojv,0.0
krzrz53ie7oxzwb2,55.38430302484093
snencjuj2ryaecrk,0.0
vwe57bkdcrikvdb7,82.67565868858674
ktidyxkmxt4t624z,340.94792972618734
vhm6wcdjgouy635a,4.645550142860211
josvpl55h4lk45u2,246.71889241764237
dkq5ouuyix6oslyq,0.0
sbh7hjedr665nds5,160.3426478575006
wehvj22yltarzjj2,66.7284393676451
fruuxjkhulpbaedd,325.4129123288907
ta7ekwgcrh46xj5b,0.0
mirucieowcdbnvs2,313.4603413904225
erkxapplidnhadth,306.1391914694017
4wycdrgy7x5zrmo3,46.64777776111965
ufffailjuz46cu32,0.0
lilkegmlsiw5shjv,104.40680889476464
klzj7s7ekw5t7lcp,97.3800463722124
r3a4utg2n4lfwjoi,0.0
vmokdxfexrb6vslg,101.67752032747546
cmoreayrkfz42hhf,0.0
tumz7ybgsehix57t,0.0
wvkjwzatb7qjzydt,280.3233566235699
giqnhx2gap7xendv,141.26409890177126
4d7tolfy5a4w3kfx,0.0
v2533tevzfldkxhu,127.82391443129544
u4rorhr6z3tmbw25,122.66776317838149
pg2kjuvv66yzdrj5,365.7137039482802
noikvfanxu55jgde,0.0
tubfagwngjz67lrx,0.47749961699008775
nzxnify4z3ik3d53,0.0
nk7pov63z42lcj27,3.6346017920791023
2t75epqcn3oworjn,0.0
at2amvtpbeefagb2,28.44131373003577
hfg7ix22x4uuphu3,0.18569054422464853
k5xmeenfiznc74m3,68.64682205506085
wrt4bgyxu4iwj2xu,142.9444539293064
vy74nubyfxjhjtos,252.145070276933
6fhgzpouecbb6zzc,0.0
aqjs5laq3nhlcxji,189.86510968984078
vpqb7tu7ptrm4zdt,72.80746178636858
h26ou4shpykaxzwz,185.1778347932496
gz3alw7q5fpmq32d,0.007114077235292807
a2n4ojqwdjllztue,288.58426832031137
bqxwymycgmnykbnp,0.0
oolrqhzgkpz5aj52,69.89075176030332
vztppymejxwwghjt,84.85557897770087
rjzt4oec6z2dlihe,305.1892772761164
7ym4oiroodtjli4v,6.14557497962076
uedl7g65nb47kveb,0.0
2fydbum3wxqpawsu,1.5136778636233491e-18
hal6gkrtt3e6fbfl,54.220334667378836
ip4wgk6kvkvwyowu,0.0
ervcs5jf5och7mmg,53.47046189003337
x7btbtk72fap2zfj,151.06104141304672
trlyrwsji552oyzx,0.0
n43rnqko4lubkqda,0.0
5yfjxyppcrqhd4eo,0.0017791068551128773
25ifiitpw3yucmpp,353.572880755009
owdbeqdn2f5bzdyu,210.48935381108652
uf6urjoetqrbouno,86.97821308968906
lt7advehklkrok33,131.00341356068577
ousjh5nnz6tl22ag,0.0
cpdiyfo2a3ssfbt2,10.251793553289904
7djohuugbrxy6ehw,0.009471303912706163
xtorzhddrvm4xrtg,0.03879806212965939
d25tu2k37xd6ttae,172.33720958760878
2ydxqbdm5r4qix7s,195.6681378290566
qpm2ce3chlzi6w76,86.807556733014
b3rphpj7bwfas7io,283.27523742685275
arxmj2gr6bmdf3kn,1.7731534596133007
y2lhtlxpocevuost,43.22006795212345
evdlfk36apvopsb5,0.0
evs5ofxamkev2oaz,0.0
btwsxztk3ltneili,51.72820937389357
mcyd4ocbbwl7bcrx,0.0
am4mfrqf5pf2qkin,175.51610619651825
le4ccolqugmh7n5g,80.86297710701226
ow4ditmoxmngp33d,0.0
nmqmtbdvvwfmzbsm,61.74530430053375
kygvuytiz2s27rgu,0.05054760930671573
mig3ffd242mmabnn,0.0
kib72lfll3dgdr35,0.0
uvoaoxmpzxv7b4n5,0.0
4o44jkyyaci2lvzj,0.0
oqhewtouxs5g6kho,46.217891741779326
b6nnu4x7rwvpys2f,0.0
abzjitvqyemus4qk,101.21403651740442
kausqolr5c7rbuie,307.4427276022245
4dluy3ex43eifpfm,0.009179137623342373
7b22nqfy7k4obiro,0.0
2n5fm226v7rwcm4k,0.0
hymckg5u7mwvg4zi,0.0
gwrgzx7orcloh3cb,0.0
ls6z2cnr2lernz7b,3.103868892896146
7zsrdtr5rhzmvfx7,115.93706070049237
2dhxc2lt6d7iwkaj,1.256650938937931e-09
b3kscoejxzlnragk,0.950414346284034
v2bz57iayw6vqh55,0.0
qx3rp43nlynbnuoq,0.0
bntgt4kqmnvnr37w,413.66878780058363
sd3fsgabvx3xo5to,135.40891836083088
kqmdaxnvcjohwyjq,58.62162271070725
nb42zikoztdrbhdv,0.0
t5jbzbm6v33mr27e,1.463550318826692
g5h3kmbqzku6z4gc,151.27352561478452
muzakvthb2xj6zrp,119.00881425209461
yl6kcpff44xfl2jn,16.150699071507344
6r2irqsr2z7b3hz3,0.48215489378625215
yhy2fw72u2ybunkk,0.0
3fb7emtejkgrdpop,0.26477436829616
hjlfrvpcxz7dzfv7,204.96036873891364
zyxwqch6xq32qjhc,42.992093527072505
7gboeyarh7razmkw,98.79845096562666
ky6ibignmrvzmgnm,107.4229693697732
ntctk2goohtql6ka,4.336245897785836
m2ibjspwfih4f7pv,91.3941080905836
xswjh4p6po4txfjf,0.0
owidrssblycysyjg,0.0
vdwj2iu7jwbas6zh,61.868635619491364
kocpuqg43ufap2a7,363.2596923697878
rdlaai5cqa3v46h7,128.80429637275265
onjlz3lv6c5buegd,108.33395654563262
rucux5isjjzi2tcp,69.1933302544082
7p3eg6xvzgyq64bm,0.0
kqz7jg766hwjsrqb,8.517474819200311e-07
swwlbh7il5rbbhsi,0.0
cgd7kx6ypj4wayex,40.11760092356185
girgbjv7q4u2zq7v,0.0
wxjelrnlkiixld3b,0.0
vwd5zujucanlvme6,0.7750765992188942
g3f7bth764ad7yut,0.0
3e44c67q5cbwk5mz,62.58452906229829
al7ednd4ezg4fehr,0.0
ztp3bc72sjxzz2x6,0.2576099601005683
e4bgbzhwop64bpm4,129.89495428338296
6tms4bmg77xk422i,23.757985924092306
noumycoyerc3cell,139.77536383341643
srpdsirjtg5jdw6k,232.47033801232047
woi2on4aujbplcgh,69.87256030979641
hsmzbnmuej2pjlb4,410.49029773703853
3ynrycygs2j5u5lp,6.902449711757566
k5xt2v5hl6ztz7ap,0.0
5fdmcip6p5yrvnty,0.713073774229364
rszyfne4jqosd6rn,0.0
nyi6pedthakgfjfg,44.99928047843818
52iywjmz6whivol6,0.0
rd7c7dzovse5chly,0.0
k3mh3pt5elbf2sai,0.0511412157202178
m6qftxxzlqzthzmm,159.79629334574514
conw53fwkorao2aj,0.004281496792431636
7okjlng4zrj5534x,81.26743631950657
iqu5nvdetq4acpby,6.969507953139104
uodfldo4emqwpfex,0.0
f5obcjtgvyw3e56g,112.53677609216817
apiqtt55fgagx5im,0.0
hzfqjudziriwr6zm,365.3566055886753
t2xaot4s6ejogj2a,0.0
o2l5nyzcdmmq2by5,0.31957808385001424
mbehovwv6n4a6t6u,0.0
6a3b556n2imxpp7z,0.0
2p2rbs5ppex47sv6,56.80550034726196
tfclluaqdltc7cee,347.0953295929034
kw6cllvurbn3qtnc,197.4007717122244
dv6tqswm7ucdbrha,5.309980474312712e-06
sw6kg3rhdcmlo7cp,344.9577809428299
dadthdeailmdnhsx,0.000721052332999262
tb5qz6jsph2zswrg,198.8251619720143
ojti335jvdbkszvm,123.16962375227345
6arwj3pwo3howmlq,0.0
yauk2mtjqvefi3dp,0.0
umkss4hwh35l6cnm,0.0028604894305105486
xjvxbncvdfqsazjt,0.0
36pdrcow3j56ysg4,7.631070805650964e-05
ujhff3m5jz7md3rr,0.0
rboiqlvgf3qmrce6,0.16208357531088838
cmcsdmrifgxeqqil,0.012523633621723375
cuwlxq2u7vdn4mww,0.0
zogiss6jkjmvbohj,159.44097790852476
gtmvb3oxqiz3d7hs,0.0
jtw6bmo6r33j54sv,354.01988190478426
tsxo5eahxflm4ed4,114.15686564613844
hb55enomtoh552mt,72.64535143919127
epwiw3c7phd7v7u7,122.73041795532814
mnsi6dauxfy7yfqg,2.4794890765463253
7d6o57wg7clsf77n,196.03673658823152
qr4foxwwiasklhin,0.0
2dtcbhsdvh6uis6x,0.7148684494035668
63ygbbv54dgst7nw,70.69251339059622
pdqvusela5n7n7h5,7.075394887276225
cwm4sh2w4wcshjd6,97.48699752059856
mxbcfp6ectnmfsio,152.2896076622222
fqjiyzgte2hv4dh6,0.0
xmilzfmrh5it2vau,0.010259908780014074
5idlbhsx4bguqbhn,71.40557344041538
ixfrfbgfwlsoloa7,122.97319737525218
tijpidx3i54fsyqh,215.3642117974564
zfkqthug6ynf4gvy,0.019950205974476515
fm4y5fy4acrarac4,0.0
kneubql4owrotdns,0.0
nid5rfi6vnyan4rz,0.0
jxojzosplkqte5pf,0.0
g27zxiqsud3hkgpu,0.0
ypacd2xwwfli6sb4,273.2174821550739
346cpgq64kh6mnqz,0.907919267541283
u55z375g6y2mvj6v,0.0
6lnmdmlt2hlk7zzt,0.0
7jntfiaevzn2rrzq,0.0
3jxsj5augbufh2hq,0.0
xjt4dc5iyitfvxv5,0.0
cmd62muzwpkcc7p3,49.61350108755881
26wbjezdq6d4sfij,0.0
vg2chtjo4vmcjrag,111.103078915258
ayfiegdhjmrtg7ps,0.0
ogpbbg7djiu6f7bx,0.00530293502467629
i256fy55edggr4iv,0.0
rgojgkfkxaeibeui,1.4889238860491047e-05
oaxsbz4ryuxoa3ls,0.0
tg5v3f7eicojzg4p,0.0
odmgsjyqcviwprs7,0.0
ipwpiyzkprysult4,0.0
lgrbhllm3uqdpkra,0.0
ih2cb74hvdqq5dur,7.5683462263596315
v6wd53nizpzwlket,0.0
glmiknfm2d3j5v5u,0.0
7wpngjld57jzogez,0.0
jgtglbupag6fvfsv,0.0011387009282418528
qlpmh2c6p2qlybv7,0.3650247946628286
ezrgrbdtjie2iypn,0.004180188675254759
hrcjlt7bw43nuf2l,0.0
2xu2wnfp7xeyvdqa,0.0
5elxzzdlzpwvo4kk,0.0
ptmwbcsjvrzd3mmi,255.83430992059124
4hd4vcqqvhacdgpy,0.0
pqhxoy5uaybrhz6x,0.17758370787465244
j5ueiugh5tba3kjn,0.0
7r6g5bvjfe2nasrv,74.51827590237599
zok7hhj6kmqdg7aj,3.0245812718011047
nxb3hom236ckjmug,0.31465588622756646
27byrbkpcmxkqn4w,0.0
hqw6uyxvxixgqs5e,0.0
mfgmxp54opcdwtju,0.0
h4rviol25f2qbajp,0.5565969943587074
2q2umooi2mij2llg,0.0
3ps3a7sbvew7aai4,0.0
hhuiw66mso6553p2,100.8731935892086
i33utamsn5vvxml5,0.0
jyfilqnm2dblwi63,0.0
jmolxwmlb5yfs3nm,0.0
tpcezcqy2fpiitmw,0.018934095396350267
injz7nohknh5pskj,2.5363308501633615
fh3lpzagfp5k6exs,123.46377493418991
7fk6n7tjlupytymm,9.14569379650839e-07
ucvjmcrenbzngo3h,0.10257821544830778
2eyxekqw2ltntwsq,0.002433847027051013
l633wmosoos7fuld,104.9604190462208
qbwf65brqpqgq7kp,0.32350789083343445
fjl6gfj6zjjg5mfc,0.0
gjznwf3vcl2eachh,0.0
y6rrxmztfmpalqnh,0.10115908770408118
xbsoxuoyaqlmm7w4,0.0
4vmhh6m3s4ofl5tw,126.21443228615274
slqjzgsgghpqs6o4,1.0040758396048395
a2k4ssjke53lyaqq,80.48635095342802
pxl3alt7e6vx4u6i,164.70028007135633
gbskvkqmcmnqh2fp,6.8495914181985915
6kkmcmgisx4wejrh,0.0
w4j7nwewp5ywq7ze,0.0
6bc2hp6wtyr244x5,0.0
nwhn27wrkpssuujp,332.4245316042826
wkmo3w2xwim36qs5,127.54104034404881
saioc3r6foqnwfze,236.67641492644827
cjhm7mqj3fgpy6mb,0.0
y36wglj6t4xtnkda,319.9250332841519
xjcwzyvozc2hgc6a,450.03355369657345
tupclzbx3ekvke6g,382.40530919776177
rhyjgnaueav66owr,182.79430290941184
k7qqu5rkgwka3tgj,52.495151656592455
aqsggixqadxglfsw,0.4574591298106506
miotxlz4nyq7ap2o,9.338007183815981e-05
ohtimypoi3ufjqij,279.89840652611576
upi243aazlmu4324,352.5628788191648
nhptrzpqkde63qju,13.256498715584447
s7p234yw2vx4dmhu,122.17669759204448
6hp5lomcnho2fydv,0.00040353804772958726
c76gk4jk35qxnnf5,0.0
baz6sz3bmkygs457,5.48876531756553
6wmipwxew62lksr6,154.151266055939
vay2dkv63xck6wbc,2.266960688259023
7bkn26fetugkjwuj,0.0
6ea4rtgh5tzre7im,0.0
rnjvzxmgagsloqrf,0.0
hoqc72gdrodp6ztj,21.876462538749113
oo5zc4mgs4zkfpuc,0.0
qqydzuo3pa5jpf7n,100.0619269008795
nlbm7u6rb7osijtl,26.548636828808664
uiibctqeedprb2at,0.0
5e5jrbxmvb2auzv3,2.3855514976981587
q5fr5nrpfpf2dzxi,0.0
o3wywx463hy6cies,0.0
6petylniqd5vzkz2,0.32472141587742864
i3qig6hpyxtlff7n,0.0
pdrdhkaaudgzigqc,0.0
k75byvx7cavp3ieb,48.18447721392356
e47lxzvrykhfxmks,0.0
fnxdp5avirremnu3,0.0
jtbydkfxsjzqc7bu,1.5653554107938325e-14
a3zwsvuc76q4nhi4,0.0
ls6orped4ok62pit,0.0
vj5jy7kvfqkw4moj,44.06856759776952
353mx2e2giz7doft,0.0
vhfe6wcrc6cgk7i3,0.0
564tgb3qb3vtsmcl,0.0
c7xcoq4tfxpepi2i,0.0
la55r53iweieiekn,0.0
kz5ntea6lf6atdvi,0.005644571263678117
bxgedtjdonndwvvc,331.71405683592593
5m6qkinizf7faavx,0.0
qgh4zlipwf6rmhht,0.0
irwmssoqsuex6dno,0.0
nxyki57mrfldpapg,0.0
hm3xxozorzw5rbjb,0.0
zddzmj6avo64mw77,0.0
2hqtlowzidfjceff,0.4067624890374372
eqsf2oqa5ypzwtph,0.0
lfprq2kel46ua6hd,0.0
c4qy3my4p5zk6p4h,0.0
hiarygdos6scluse,0.0
dht665xwtg7tmr6t,0.0
e2io576um7s3blps,0.0
um3c7td5lbbi73ri,0.0
7jibu76myisbdt6d,238.52904543349382
gddrdlgv5uk5xbxw,5.975857003653497
f3mrm5jsyqhbinwo,190.75972204626635
erioyp5b4miphs55,8.779958988392506
n7mf3sq6eszfvusm,206.5497055289361
pxxnygj2phll2lno,148.49540235415031
qjbklla6uicv7xaa,81.18856458257969
hoykffgprxodwtto,250.8274116269194
5b3vmap6hsk2z7tm,0.0
edlbq3dvilp6qu6d,130.6517436142009
bxrzribn3d4kybgp,0.0
kekkwonwii7thil6,0.0
ls6cz26h6i5x2zxi,297.06016750586133
nx64ktqjcveddbzh,9.639178436835792
7ysu7fuegej6anor,0.026318739283700796
5pupbovwmk7gxsye,83.16411868662207
llsqghyu6k3s56tw,0.0
zpmosrqkvpurtsr3,212.77573323316005
zocyme67lgtdp3w4,0.0
4s3hbqqktwcld3xz,24.812566845281133
5wnweor4uk6wmikg,349.43862332946765
4rebfzphqt6pzg42,132.38736414433984
a4zoxxaze745ttib,181.43013712432094
nxw4hobrvbfn76vl,112.16143295549293
qqez7bcpxltquxws,0.0
rr4i4ssiu6qpju5q,0.0
kwe7o75how4gdrm5,0.0
yklty2ltiy4usujs,82.59216711608222
sot5wloh3ror7t2s,0.0
dbom7d6rtz5vtpzz,61.205913078940156
hqvnb6kn6mojyoy5,85.0628065090238
zhbyejcrcybdg6jb,65.25047497964363
yiphn3k2itmf3uiv,32.99448101524466
4nbra3qkv3m7wzyu,1.181295889332492
qy7kcsznkkq2vety,0.0
riyxjp3sd6et4ceu,0.0
sfr36cjj6tlplnes,166.6622701211433
naerzc3hivvrryje,0.0
sqskcbeloe3etkzv,2.941660947515787
t57pxpe5sgw6cj2k,0.0
p67lkvdc5qlpx2ul,0.0
kd5iodingpagxqqd,0.0005114822635908262
3fxue7o4nadotuni,59.07782989981085
z6pwbnat2nbuatho,0.0006451169051606314
vums7uk7cr52mo6o,115.12634298564055
yloauj3qc3pifbet,218.88956366966926
g7b7m4tedw7iwpic,301.80862832369286
uxquxfvlnrqotxaj,0.0
pfdob4lz4yhafj5p,0.0
d3gdkbllcycp3h6f,0.0
g5kypscitj2tvhs3,199.4455974294939
wnl3mgor4jrdpe5n,0.0
ete6t7kypgltklwa,0.0
3k3i5abpfbpl7qvx,0.0
nnedwiyigwop72i2,0.0
gyjtsw7p33l5kxpn,0.0
gpctqkfjh3vupbm5,0.0
nryh3vj6rytjn47e,62.07632895208494
5vwdeiwqawgouygt,0.0
2ajstbludiv5un3b,0.0
borzwx7t6q25hr2h,226.6250605030894
a3hq4v4jqe2r4yqv,0.018962092215318582
yptcak6v7i7y3zkw,0.0
yyrmt2cnyu5pqvwy,0.0
linm75i3bfusv3ty,81.95213812357926
rrgzmcxiuuko2a3v,188.8467171794693
c5nyxtifmvh554dq,50.48116159352882
6h4hzt7ko72sciyl,386.4400317833612
m7fhdsmihhjaucyk,1.0933877578117703
xxapi5uitkvmlani,0.0
73hkpkbz5u5ej7jr,202.14854161472016
pm22ajcilxwp4uew,0.0
g6v5jqka2awudzjk,0.0
y45cvt7z3ti7lgjk,81.56184278499691
5u7nqde5olet2jng,6.725751428223591e-05
wic63urfr7qulo5g,276.1472379720417
snjkmw3vmmqamrrn,340.41178752963174
azu6uxfwdh7fe6lx,0.0
tqb7hyhmhgm3wop2,0.0
qynglyblgiidtrfo,0.0
lrsttnb7ndhqo4qg,11.713237630124349
tj5eirx75r6nqrh6,1.5405610230081878e-09
g3vwxmcoitdlms7q,0.0
holcmcgejtkkuu6z,16.622560471796664
gk2eez3hlrhfmzpd,4.608475361904539
foyqqk4s4qedvjfv,87.88145637543938
h23x2dijepqdftan,84.38334285421884
ictqf7ohewxmmrpl,302.92193533622
fiify4czhsdoyrws,0.0013499992435817656
u7ocmqolvoanlcab,0.0
67awhs64si2rgq6s,1.0886257200953589
sr7yaobyakanrvle,0.0
ykjjlub3ozzfdtpu,0.016741463938920148
bgpmszwivhqysm7v,0.0
3jxax2yi3ndwlu32,0.0
g3lxcrsvjoyuzrki,106.9207262015021
spflxjqn2qpwclzv,0.0
xj625icgartelo2d,0.041872340550912865
kgrtbrrsqps3lmfg,0.0
eqpiilr32td447op,148.5977674893931
iakbeivsvxbqmhku,0.0
eh2ddtntdkann6ej,155.3126085498634
433mf3uuela3bcse,0.03085323038769132
hopc4c3pmyrogsve,0.0
t7rtaotfgqjbwu7r,0.0
nvw2mngcaezg5fkx,0.0
wafzg7a5wms3ucaz,0.0
2gz2mtbdczazfcss,0.0
r5d3mu4t6ytvlz2e,0.0
nlbxvzszq6kew37h,53.36816994776792
k76a46mzstpsfkhd,0.0
3pv5u7guksmi2xlf,0.0
5ynhqcd7x54pdzzq,97.90740952616667
6msa36ohjyuq7sae,0.0
7nrlrfkjcyf2t753,0.0
ba3le3l4ltapjia5,0.0
t5oubr6gqvxz5hfq,0.0
6buslxfg7r2ph2e2,12.060638460286789
jy43bjii3tkabtly,0.0
gykvxjkwblf335fc,0.0
hcxayolrj262g5et,45.91201503889898
ccoi74kol64u244n,0.0
mqn5grfeo5qvebuw,0.0
wxgscvyc7x3afz57,0.0
yjzlf2c34hrgvdhh,0.04567444776634615
wwtpybawbwmuuzhc,0.0
hqv5dbsfpnhsb5rb,83.18692267099894
yooebggzukmhakjv,0.0
dnljn4q5yw54ln5j,362.39472326338836
r6incb6f4bqzo6mp,70.07564208288423
2nbgb2pkghydz3gn,0.08483466065446298
ero5syww4shg3b3b,0.002706054792918208
6uxqipktmvws2h5d,9.862244897608554e-07
zh7bhpiamuovz5h3,0.0
hzq5wbjmeomyaydg,0.15509216977085732
ncqd2lby3klir3iu,114.36099089826965
bbgyuxnpr6r5uwtj,285.41563239451006
ubvurlkoy6mwzwwq,220.07548824845207
5ttxy2wdteazbhpc,217.60199961851552
zw65ovevuyrnoz35,1.3154854167399799
zfq47pwziu6efypw,0.00027009973283638017
oibld5vr5upv2n5e,0.0
roj7idhhg464rgmj,0.0
xm2dbtmom6ykuirq,0.0074874053754442225
ydukpysqpeluip2b,0.0
gdnbpk6wie23aoun,0.0
npjnmji6rn2dmume,0.0
phq4pwojer2fumnz,0.0
gvfzexntym24qrs5,0.0
v3htcqc67y44lu7s,51.51809051820918
3azv2jswz4cg5qff,54.78168573646035
ggx5vv3yifwtxk6u,0.0
4shjk5nkawebkgs7,89.61091894217526
h2h3mu7xbafb6c2w,0.0
uspq35c3jcuremm3,308.39483319793504
2r3qyhae6twxj434,0.0
ydmdjminbeoohk4e,0.0
jtqvelqjtcgy4fi6,0.0
3l5n72p3awvsuxkj,0.0
evlv6cioiaanmmnn,0.0
2cmd255pjjwjcbsy,0.0
747asphlt3gpzd75,138.72826994437008
cvybzmstmzbbarih,0.0
rk2gmv5e7lujjnge,286.56666019044326
xd7azfhu6ljevsgs,96.5524287340757
jrohusj5svro7cvt,0.0
lempfqemrw7migq4,73.3308237641797
c5nxf6t7bhc5yrh2,0.0
5tbdas2hmfg7kigb,0.0
2dubqognaeg4ngf4,0.0
vzo3h554bstbvp4r,0.0
r33txva6d35cbrvf,5.992475731651941
tppoiiist7hi3vso,7.481964561640641e-09
em6vsz22k22ltulq,0.0
fxvagwca4xhcujva,238.34319617885478
u6t2tm6g7icpvbmu,25.384916004024717
xen5wmk5whybpbd7,0.7573373220972243
n45apvqaeki4vv64,0.059583453187730506
g6zsywaodjhqmaig,410.08545351649957
r7zprlyirk3llejs,0.0
kp2phqvw6htoizw4,0.0
doq6mhrrsym3slre,0.0
ibxhodl566qeidt7,22.370020740515542
ogkfl6a7c2zbau4u,192.91828354699922
vln5mjsyhvesdwcb,0.0
tip2zlktyyj6fqcb,78.27978140490329
ch5l6cfiqnbophaa,61.33688175973338
df2r3p5vlmnfrbzh,0.30903435721116107
d5fjk2mutiik3nj3,185.3792891548606
pefi7tcvbkr6rqwg,84.22197667134029
7xn6uk57kmkrpcpb,5.451889912864567e-05
574cuda2mudvolbd,0.0
jrxzwuu5bithax6o,152.84701250538347
drcbh764gzdwh7ca,0.0
sncne367hb3l3gkv,0.0
gshut6dvgkf3vm7t,131.4480060999919
ob4j5ohfyjl2gucc,0.0
z6qqdk7t6zx2dr7t,4.068844271721133
tjzytrufsnpcndkk,86.30411610506842
s7o3eqqiybp6dmvs,0.0
7tkddwy2f4wsdgzw,0.0
45jytmvlfguwahxc,0.0
rn2qjzqkwvkdbkjy,0.0
fiirulenb54q5uqs,0.0
af5pvz4eyalozwxl,0.0
ozsyvsjajxlvp3pc,0.0
2dmwglfddtlsb2cb,0.0
w2rsntyzmgau6nxv,2.459405853284349
lmwo6k6tvjmros32,0.14139364894511233
g26j3i6xrr5xe6yj,0.15489769410951348
vptzsyvrayxinifg,146.29043010150002
n5s53smielw47t4x,159.59492088200707
2lt2hophkajmxwjo,0.0
eqxyqbctyqmuwtip,44.50204265486206
a6ircnbos7alc566,0.0
aoah6kzf7jbbigp2,0.0
ftcvprhiap3d7nmn,152.0384545343917
zio57pavmv4hwuyz,3.9531865400508615
i4iinrozvzos6ovi,0.0
u6edr544c67aar43,0.0
pvn7q3wofwtuqqal,0.002667045517288311
mf4bq5gyuhumdl6y,0.6593528978330326
rc4lem7kag3yd55q,0.0
jyppx3pgcswu5dfn,0.0
3t7ektpenipntykp,0.0
7c5pdhi7mip4kniz,0.0
lasffzsbqars5dbl,0.0
lvgx5qxgtkqomcad,0.00012729377861700933
qvqfwd7jha2nc5up,0.0
bmnxd4szlkcqonta,0.0
szfii3a7twpecuxh,0.05375363989310508
alqiw5khnt4n5b27,147.1864749907602
cb32od2wa2akrjme,0.08246873769133206
5mxgiwlm3i4wzi45,0.0
6dstxjrdcj6qse7h,0.0
xjfpaicqdxeasmdj,0.0
hpi5q4mnl7n4kzwt,373.64431942062777
yrb2whyi4uflrv2t,114.72850678545541
ogjfefgq5exw6mjb,79.70708359546842
3zyymqhb7klr3inw,113.91296195728744
qi3kodjqxxygsmal,3.6290096732883357
swkks4n7pguygdwo,0.0
laklv6ftdjlccenx,0.0
libmcck37nk3uw6y,0.0
i4pyhef3vghp5ugn,69.76125133217201
k6cx7tlhxft7t5sc,87.79365796351293
ffuqtfe67jr4qxun,0.0
2wewfv3iwwt3g5vb,0.0
xf4lkmh5fz6kovjz,0.0
4x2nxkzjviymxpsm,367.6348027048542
cnt2uv6d6c6it7x4,0.0
sgkc3xrm2zk2gvjy,308.83495669977765
swaferjhuxwsuozg,3.6562022122528943
kribdd5qy2oxsbul,6.291926564751888
xr4vozceljh6pubn,138.4456776057944
4asfg7oavsiafrvh,5.550981212712854e-08
jp7dkf5lgoismqya,0.0003216633482822322
dbixt7dbenobshcd,0.0
5c45fx6m42btusev,0.0
3v6n746lngckyuf3,0.2627615319181031
a4ae5lonvg5bcp2y,0.0
w2a7a4vunvt2czd6,0.0
bh2fh3esirer5g3o,66.42957607685645
rposj35gm6zliqhy,1.454515529415936e-05
eyycatgn3ziar7zp,0.006773593305892558
r6djzdyv57ccwjt6,0.0
3leep5qeawrl3ara,116.41157744481205
li4p4nrefiwtqeq5,48.66144460057362
qmsueyfd5jss773t,3.7457403193107064
stg57rwjqiey7r5v,0.0
k566ghrbx32hppqw,156.97937226727038
wrddmvxnprbgefg2,14.508465983746643
z6tinsertxvbzqby,118.27390770980065
cve7ocf5dme4dbr4,43.474956377276285
kbsv3yvdg5itj67d,0.0
3nliq2rjrde63owp,80.69941982963405
opgcyinmcvpzgf25,177.47012119140328
stf642xwy4au3c7x,161.099931110966
deq4lj7lmgh5fplk,0.0
jtovvgkfoj5ppepp,124.98395309987444
fiob7osegio3trau,0.0
2c7a2cfwqkger6b2,0.4991598266047474
lrlzmaws6txzdiyz,118.46113148482587
nkhyrpxxpu4g3goj,157.55941653544164
m6wbkz3leqvxoxb7,0.0
uqt3awrhdxtlhoe3,0.0
kkk7nxrthaw4siyu,0.0
wre5zkarawrbbebr,0.0
riemt7xhiqn5xuos,99.60145308982516
cdrj33papnraij6y,4.853224765809979
skqikmcrpougsaj6,59.43575985540047
z6ymtiwuxwx6pke4,0.0
vynufgbi24y2c2fn,70.27515615043276
us4alypfo77usujt,0.0
scshzad6j35my7xs,0.0
33ll5bbjwvkrgjke,0.37412641811241054
rrkkhgqkglsandgi,0.22751026545464334
4wwonxdrlq4pn3x3,1.1165241885777536e-07
nkjefkrkadvoxm4k,0.0
igxd3hputvoh26gw,0.0
kmdnmcjuh6x7ccqg,0.0
rjxt7rpeqnt5ocxf,120.89449035287512
ewfykycdlwfn6kcs,0.0
lw2dtmiig5atl6og,0.0
li5ciim3odd4ntuu,0.0
5ni7dgrmureodevw,0.0
uy4blgkgae4ucd7l,21.0811287664116
nfjwpggbqsv7yfye,0.0
o2hajmht4rkudm6l,48.320694195012024
7x3uqm4al3jjgpzz,0.0
d234e3iib7wd3pqg,0.0
wk3pksrhq5xvuaor,1.1478344094970608e-06
n7bseld3kv3s4r3l,0.0
czbqytgs7peer4ct,0.0
gs7iwgwaqdccdb53,0.0
tbiz7bv33z4yhfpp,0.0
rou656th7exig7vy,0.0
2e3etszmiehfeika,0.0
rrezzgt4sou626af,0.0
y27ndqh3vturtgao,0.002352979836898127
wiipkct6aij475p4,0.009279779741096335
sx43rprld7e4cy4t,504.29611385719187
2gkmxahty4vf6ene,102.20893134970407
fbskdpzqukgd5b4e,69.2136630833773
m23drxu7qo2lz7e6,117.2788902310528
5ftvfd672tx4fzsr,3.6873317957857294e-06
fx3sf4olysdzsqiq,282.7323006029454
piy7haykcziwykac,172.35477989923476
lf7w5dnhhb6bprwc,458.5316527080674
dk7tfezvy5znbtcq,0.0
23qfhvxkzmbpwfbw,0.0
ktzyh4i6hmnsiz2z,0.0
qc4zpdhapd6257ou,0.0
46ruu54heuh7ofqa,90.65163089595072
bofatdmmhuv7zrbw,0.0
hpgdxpfqninmsxeu,0.0
47wwaigxyc3n3e3r,0.0
wilaycy66ua6cuim,0.6061214156591223
y3mficrlesuifhrj,102.31548449293815
ryt6j3vgqgrpkzef,106.67889376880495
5rrfhdxezblw6pik,9.607855737275592
yw7de5vygqyxp7o3,153.2751587763547
wsjykdi6uuwrfezq,248.54712427846934
rw2xtr6lwnvh7tn2,0.0
2pzaetrxxc5vreet,57.981314907290546
622s3ixh5x7lvdjl,354.26933614286315
u66b7o2wf6nxagf3,0.7477226582829779
n2qx33xfnx2ubjvh,179.5059817643239
zqrhoccpzzj3op2l,0.0
lqfbmuakm3nxq6v3,0.0
sudnscscamy3ro3p,0.0
ombjpmuviw3phl4w,0.386215834104299
b2244uzmgwgqucsr,0.0
rgrn4qtjcccq462m,0.09890923314583037
wuzsksd7lyrwuqz2,0.0
cpdu3w4k22gl6e6g,0.0
6mi4ueh54qcpk4yq,0.0
uotyladiabh2wxjw,0.7294712878840496
skbn432rp4xhgsii,0.0004111629679152671
d2tduq4xwwarxsvl,242.9760682057434
5f4et7zpfxoaev2z,0.0
vn3eko43654tkwgd,68.06713818766414
zfezess3q6vyxpot,1.8770720373647052
l3bqumu6dasjmlfg,0.17795672295895473
g73zsfd2seyqv6w3,1.714533810976536
l4wwl4ju5f36affc,94.14924402305766
2seaiz4eqw3u7rru,0.0
ltnha4ip7x6kov3a,18.201095479017795
s6hask5r45a62pp3,14.154819392033946
2bnw5jmdijhe35w5,407.3752379580999
dovbolt4w5usexlx,2.6092090148378406
lqylbonnjgd7xkj6,48.06990803936446
yltxnsoxkjmkna52,1.9112608162010938
pcdoutxq4rcwuowp,0.0
ifglarhbskixwgu6,0.0
ll4sis776ievedfg,0.025297115178798728
jgbjkpunb7kr3ehr,0.03202651907171461
tlphewl7lq2geh6p,0.0
zhze3expdgzk2bdu,0.0
udmecnvzxfqvl7qp,2.3344717911664827
zdsxnsmtydm3bxev,0.02512878872431154
g4faeezdrid5vu33,350.59739081946805
hg5gcgedp2xcbes5,115.4895312326729
egpgydn4wzcfg27v,0.0
7mchnsfjsrhxnf4k,50.5063232622546
epwxd42zsabk4sdu,73.68664988780657
hznqo75f5vvua4gs,0.13498330839637526
hdgmlkvgo22javuf,0.0
juamxg53g2wiewhi,0.0
h5im23sjkrxbw2bt,79.03170511471029
6j5tmu75wdn3ziw5,0.0
ac4qgyvecxemqsgr,0.0
a5bbnzhbmpj3uadw,103.32052892614831
caf4rfx5xwnplrmb,91.3006615724653
4skqakjx44kkj7ph,0.0
mohbldgql6vytenh,3.1469913847838304
nvxhnflo5isn5cne,143.7591105057839
xeekvft2y65a4b6l,0.8200955853415421
rul3azefpe5hvfvt,0.0013566620850315586
wvereilm7cbikpab,90.5990758811514
4x4lv2vk2ut5okns,93.3426364903555
7kccficoqkmqxg5o,185.09112205357047
cdthvfhjdjva5fu3,0.0
7yadvaiscgfdeus7,0.0
3gw37zc3cww637fu,11.845844625363439
hardvdvcydc6k54e,0.007867406608910872
sdeonzqzur2lbzlm,216.2527008893661
brgws4wdxsvpjzns,0.023975201901599106
2ltqzckcscohhuhb,0.0
jxtsoxkhaysjfreh,0.0
uahditc6eiqh7xa6,0.0
uux76hnxo4izvmmp,0.0
j3akcwow3c47gf5o,0.0
5k24h4ystle3mex6,0.2687477694391826
gwboktvhvqwre32b,0.0
6rpjpjvqght3p4tr,133.67286274778832
sgzx3yxpf3qbbsdj,0.10047044610675218
f6mbf6cqc47b7mni,0.0
kpd3w2qoyrui5kfx,0.0
d257mxcjoghtho6n,88.26704457252325
mhhkgd36brmog5am,91.54903692285703
wjma6hfe2lb5eukz,0.0
t666bhybfceuh2mk,0.0
o466kpupdvlfreoz,293.7218852308912
rkf3q4vr5surbkyr,0.0
fiwkstfrsv4zpr7k,144.27946255589927
y73aeksjsbzzktre,0.0745998037166601
36rxwwr3v6g3qx5w,0.0
4vka7vqs3azffntp,0.0
ewaiusodz65xnvfu,0.0
4rd7y4eaep2lgnzz,10.34903522691275
bnkgv4tupchxedsp,0.0
yfucarfftqwkwb6l,86.88766544420355
2rzxt2jawipnt3sf,111.52945812847128
7ghgkogbf6kn4eja,0.0
cbogv3f23halvz6g,0.0
4rfbbv2erbnyzq2c,0.0
6gqord26drowx44b,69.51812984002737
r6hf2wyfqbzyyzxw,5.150038043776196e-05
lzrrvy6mluilje7l,0.0
z7fzr342ixekryki,0.0
4atesxholm3ppujt,0.0
3bvox6qqc7zwpjrx,0.0
77vl2dkjf4c42lfn,0.2784018325772627
jahoj2zcgz5epxyq,0.0
ex77wicdsro6bfoz,0.0
rcevks5ycp6p7xdc,0.0
nvnteksiudjz2pxf,189.05359358890544
s3lhjemf63oannrw,110.91965095767634
yvjkysn3xsah7x22,0.010543861847174782
iysa7acm4rvyfkr3,0.0
ijjjegn5f564rbbz,1.5136778636233491e-18
wddiccwj4wptuv3v,159.93469741035312
ii47unnfqorheudh,0.0
cg6f7oczkip6knco,87.93921307907024
i244wkaxipi4vbd7,113.83593231292542
fif3bmtzenufh5ag,0.0
cqjijeohzmfwqttr,0.09624002493485956
yed7vazbkopag2cn,0.0
76kb66pv5wow5cfb,5.873604606235514
sumylh4dquccsso5,66.3800018193944
dkserz7zpepeiv23,57.268955467414216
qtdxwazkik4jyx5j,133.28707813251748
race72omba2l6ejw,0.0
wa2raqhcfakvcn57,0.0
znevrsgvro6wecgi,0.0
qdallejmxolmjv24,0.2147666565600989
7g5qguzq65g4mbok,0.0
niqvnpbmm5jbul3v,0.0
x6qmnyi5jvu4x6a4,57.48470112908438
yevwn5pftrq7rhak,77.51787795929724
x33ifyrhzwejsit3,0.0
hogaqu2htv7hepxx,0.0
6tiq7izlkm4mnz5c,0.0
nocjpb2l2v2fc3ns,0.0
v5iug74l46ypvqgl,2.569053718933938
offqusy2s7eu7z72,6.581613271380192e-05
2vzwvtgv5hdfqolu,0.0
2o5f5ynbetfc47a6,0.0
de4eh66cft2peazb,0.0
e4hjlr4q3a4h6zdp,0.0
qzg5brsv2qg672o4,0.0
ixiuahpoldzeheqg,0.0
zou23ovmf7fpoyqu,0.0
6nvyn2q5ycqxyln5,0.0
x4ro3im3os6bnbqe,0.0
2xcnkmnln6zk6njw,9.211456452500666
e6xuulamorogrkxn,1.2041203718116205e-10
5gd5vtjppmqqbdo7,0.0
t56yn6qk2nkqq3yc,95.20722508409864
nvcaee7uitxiazif,92.55182138849653
fn5voazpuf4vfdg5,23.179206238194215
iyz66vu4ibvmdhjo,0.0
4h7h5z3endnd4q3k,0.0
udfxuoh2nxxpwmoa,0.0
5rluvfsmeawsfsfh,0.0
rwvs5mwyssrjeeza,0.3236144307261751
tvn6exkjxcqnf6ze,0.0
tg44xsecg7tadatj,1.1760572313768733e-05
og6npbjvpltha6ka,0.0
2d75y6otwkuiexov,0.0
6bwp5xvzalsdfeme,7.841981469793388
ffozehgm5qxf2wxo,105.77276881137979
hcu4ad4czjna5yz5,0.0
i6py6womv3hybkjd,0.0
fs3yg4k3qv4icwia,0.0
cu43a3vi5prsu4pl,0.0
a3kf6rerbzwvnkwn,5.144131314853806
crggult4ey6jrqxj,0.0
xwctt5ux5pil5bot,0.0
gizpwbgznxc3levv,120.42945624006825
a6deviaznwr6q53f,168.01933818079988
tw6qr3f3oxo76r33,65.0624645149889
kakxc5mnn277qzpx,102.66362883411489
pf5xys5gqa3grsja,112.20828442006061
5jrhx3juu2decmrp,55.03277827206348
4grzacipljnf455l,137.09578678988066
nio2a5ch3g4iheb4,0.09973113884155063
l7p4ivn3ac3vgi47,199.16308389130933
kflp5qhuwruos5n7,6.454603058968553e-14
2qrlkvqhmwf6v53f,0.0
lxa5y75gd4lo6a74,0.0
hfeydxmm2kfgh3jk,0.007539423505565209
dj2ejumz4tvgwfhe,104.5664587843294
27pgtin4oe4zarxx,0.0
sxb5rkjutohd6k2q,6.895713063555758e-07
rw3qjdgcvuokm6ut,0.0
yw5chabsnxvo4zc2,0.0
aodzhnvg7hprbxzw,0.0007795408999831464
s3nhtwvrbuudkmts,0.0
7jseoddfqqh74mi6,0.0
sqhiuy62tljt7ijj,0.054691175436948236
doweokicrezzwvq4,78.5182304139426
b22k4a35iipbhgep,312.83004926607634
ycc7ltqcbwbarrvn,73.79734429199371
haydi2kpsnuryiot,57.451187344278125
eh753lqkjsogyod3,0.0015991265453452483
slmh5h5cd63ix3hm,0.09642779719898949
4zkq27pp5rdekdkd,0.0
zmmckiztyhsranhq,0.0
ez7alhovvm4k7w5z,0.3033286854561896
7omj3co66qdlm5s2,1.0719246776944569
uyvxm7zqqzcp4zmt,0.0
qyb2kgtpz4bl6o5h,0.0
jxeg4emv6wzwpjoq,0.0
fxtzs4yntj7pfdyb,0.00016252301214509383
mks4kbnfeijl4dmc,0.0
fmxloi7fr4yfeqko,0.008981123644014962
sfds7z5k5hlbicqm,0.0
apynlejkwrfwwblg,0.0
amcupsxio2boqn3j,0.0
bt7o5fftwisiudvk,0.0
f74lqve7v2gum54l,0.0017791175134127877
ycua3myhhpwxiudi,0.0
awhyyqceuzoutof5,7.702764486839298e-07
v7c7rlrkg4wsaqi5,0.0
4zdpbi7qcp3oqeny,0.0019215552736930926
636ua3gisy77c5vu,74.04183365881688
grelnq5kego2h22d,0.0
bsy43nd3zhm7uogp,12.146977207848009
53ua7dnne7g336np,0.0
dhqzp4mi3asofrsr,0.0
r433me6zdj4poajw,0.0
uyxrq4vsts3gykbn,0.0
2z6sqrgmgewcdvch,0.0
i556db46nlt53mzd,0.0
bzdyho66lz46sehq,0.0
ts7lgqueke67lchq,0.0
qc2qmgvixnrpngdt,415.2141059368607
hbarlth7pfhtgmzg,1.7870952888936005
at55kgue2vaiqljj,0.0
5nx5tj7d3lunwz4z,85.3618286632956
cy5maduutc2gt22r,4.897998741812393e-06
44vd6wipypo7zm37,65.27327341669815
w5yi5su7opxpszl4,0.0
guskhmginf2kgmdd,149.29632970578558
zz2grvzbw3w6aylg,0.0
fev36obmvvd2dm2u,0.0
3neumovayt7j7g3b,0.0
mvnr67aijzt4shog,152.3436540276462
7e6rz4ta4f5c2enp,0.0
lh3t6m6sb6gdpcai,0.03416904713212061
elswraah3suj4wjm,71.05360967645993
yjsuyzfyq7vsgwp6,0.0
hvxgakfaf5rgbngc,0.0
n4atwo5c3lcz4xxt,169.64018187658579
6bnxwe26mpbjwuch,0.0
544exvu7t7limd6i,0.9250329600496403
utshknxsgiz34qhc,116.58263449465758
oemxb7pfio5xvdoh,0.0
u4gmjsv5nnihkoab,289.98939920033536
44l6yfmxspaw2l4v,1.8705696205755318
djezoydm25jcogtk,76.29728035202325
6haje74hz3ntqzrz,36.497989866962946
xtt3gzusppe2g3ds,110.16699643459029
kj7joox5grzk6b6o,0.0
bur3nrexktaporpc,95.35388667146827
56e6uetwnrb5n7p5,0.0
tjh2la3wrsmsv3yt,0.0
rm6574i5elqnpobl,0.0
3nmrtpwphcak375g,9.159052357534986
hqydpyxxp6norpui,0.0
g44waa4frxte3dxq,0.0
ole2bobgvzggb7am,217.82058459600503
zgmbyz665ccuy6kp,0.0
a5kx3ugptbnrvufg,0.0
zrujxntidz43ckky,0.0
tqwqzyicwpesffok,0.0
l2beropvpeuc4lqo,101.07862528801378
eimgwoyicwd5pld5,0.031358438622912606
d4bdaljqi6xjmsxn,55.91013756340614
hy7r2r7arwpcbygo,265.5151886569482
e7hz4pmsw63lukg2,498.8331200297165
tg4ah5tpj2skbtq3,1.5136778636233491e-18
eoobjzvcgrqzupxr,102.60684311915408
tkuzsuk7o4lpbqgv,0.3517539937700677
rkjtxhwfgi7hqzc3,47.47520130846895
43fndhjzq7zk2rju,21.151647976155925
kx7js6pmrbesc4pa,237.17347087855157
fve5pxegat6hbmul,81.1110404155232
wwpzwsmfwsfghqm2,0.0
66j4lbn5danrinnw,179.03221264086875
5oljnwa56jtlnew3,41.83948826536668
aa5pwa6gbcmxofss,306.58138817605976
uzvuc4eok2eqy7il,1.0596334526088858
3tpvaer2lwmil42n,286.8391738314157
fnkqoln2l34lq7uy,0.0
rze47nyew5aew37e,0.0
lo64dpg2rkuik6s7,0.0
toliwabcrnpfk5zf,0.0
3djmmylhovffpqxz,123.0298431064898
hnom7puobi4a6kdg,0.0
2q5xrxe7ijn7fhcr,0.06261551257357093
j3emnqrtzd6mn7ho,0.0
mueg3jtxrf2doma6,2.6071046266340256
befonkir7s5achm2,6.766821360831399
daknctxc6snmk6fz,0.0
wpthlfyclr2dt3i5,44.09838802267013
kzukm5hpdtiutrn7,0.0
2kk4o2tpczuukxfd,0.0
jgkcopaavxrsfkhv,0.00530293502467629
3tvxw2pp7mqn5o5w,61.369504253828325
wwymdq2qx46uublu,92.77113959560543
65zuvbwtgxlcyzj7,93.84891006557564
fudcwpm6j67i5j43,0.0
7zplpqut745ca3z6,0.0
r5l4hpt5julxyc6u,0.0
iqkj6wuzn57cbq6e,0.0022443312833512813
wsmfi7izysznt6hk,0.0
ypgkhafn5oyy655f,111.07681544391232
dws65vq4i3uigd7h,0.0
sxk6murqjrsdhz7b,0.0
r3gxn3tdhwslxoep,0.024855747357485494
6dvi4kpax4dutvzg,90.30936706706817
v7vxipagfgkr2prm,134.91963320904074
y5o47w5rwdyzzi5v,132.6588586007532
kkeakuefklx6pjus,0.0
shvmfoyih7qzlpxn,64.49236936332645
zbjwkjisbgyj7q3l,58.645631662795736
wbxqbakz2uixnjfh,389.5586064222168
yntw6747nhelhqf3,57.664693915865605
vo4imybvll3ljgrq,256.9320367376618
mlkbw6pn7etifuuj,290.0952247844516
dr6bpsjwj6wwpr4w,6.776764997635303
32zfy6bf6p57zpmm,0.5738710191996882
qbcayflmyxasel36,0.0
27n3cwxhuyi7ty3d,0.0
lluvhxygnluel75l,0.0
ctsdcg37vcii2hq7,0.0
j4g7jdvimez43cej,247.00594446787113
ose6drtlkm5o6zrl,371.55332721153184
owahtrondwut4jof,96.51385632038398
on2ebdf5xsvsu3ak,68.16804911752489
6qi6ppswcsflnbz5,97.32215468199365
nfwq7ajiepsmckkf,0.18403174132397293
deqn63xehjuahkaf,0.0
ut4g5ve2eoddjjh4,0.0
h3gwkjqsvdvj5rgb,0.0
da3buulnapa4lu7f,0.0
3u6sxzbrihw4tloq,273.16887492239664
scwh2vhtwl6kcdut,106.91944214916808
apeefw2zamy3atdm,0.0
wq6l2xwuqtg6hlzf,0.82047550713503
d3bjpqc4h7eyqvy5,0.0
mjilznt4nzkexv2y,59.9783713804771
2in76uzb6cn5ggj6,104.20871997738878
d7fqyomydhk32cg6,0.0007289976746543955
4nqku7glxgacb2ri,0.0
srm7nyyjhq7opxn7,0.006391757386416441
5cxjkc3p4kids5uj,3.044163681283805
5hx52keu5gcyr6yh,0.0
q2rtxhvuj2xh5ksr,0.0
qotwixfkmnp4ibkk,0.028602941016648564
tylz3dgfxyyxehcz,0.0
pzfvygvqyofq4a6d,0.0
vlfbkyjaemd5emix,0.004345426903042359
kxoy4ajgdiwwngcz,67.88996954232226
4msz3z3zengdimwr,1.4338530344720184
gasshgy73ffs76bs,52.635484084678986
oxxrhdtmxmaw7aex,6.338303377957903e-07
kmjidn2v5qnkcbzj,0.0
kilts5frxyg3t555,157.76921400637087
bl4igftypxzqqev4,45.7219269321576
w7qwbdi22u2nxomz,5.836708338379528e-05
kl226ljug4gkebkv,98.15790466524493
riiaenxbkm2x7vv6,0.00021594498965060854
vzdgkmdvh7ynfowa,0.0
gwxweknamtsvydkx,342.09405167686407
pvxewjvvy6vywp3h,0.0
tc7w43vwgleg6e6t,137.72482621442023
6jcvnvpp3xbfoljv,0.05526895037301567
njn3y3nakuynj3ja,0.0
mhkgiwna2s5oa6fj,118.91625361801451
vme4pyxtspptrkvq,0.0
iso2ls546qgkh3uu,7.876477667303888e-07
mmjtxstvczeudk7j,112.24153043386238
7pr3dk4zo2z7fkcc,0.0
dx3szwt7eo7bkous,0.9458638306229176
6ezlme7meo2pk6tv,137.26238603954167
kdet75au4sli6le3,0.0
erhej66ur3vzoj7c,0.580594022500972
hd5xzze7nzcqkj3z,6.256418485457579
647y67hgoirrqmxm,0.0
pd2vdybvqxg4kvht,107.1732190686536
zhlls7s2nklrkjsr,0.0
ftlfoqa5zgy4acu3,0.0
mght4nefzhstf3i6,1.7543314018373035e-06
2p5futqvf7sgbdai,0.0
avtspyxgsxjge4uc,2.536821871819916e-07
7v3ykcycvezlvkne,6.454603058968553e-14
2roxslaivt5dksoo,0.08526045810213367
nuxfm4vm2ws5m2df,0.0
x5vnzqfdocgu6vc6,53.04961530714829
6rbekfgzvzb33iem,0.0
5qsycgr4jmc2tabk,187.90368559998745
wfncmhg4kql5dntz,222.94382418598158
snh6qjhj42ab672z,236.43336111602704
6362clg6fh35o3fv,151.68423298615852
wbupk6ln26ommqab,139.50556497362396
h75btrccnpxpt7mi,9.810594067520757
cjngwk65kcjv6uyu,143.61102761928265
534yl63w6oypo6zw,0.09191558123551516
j5gx5vainmtngjvh,5.180396688281916
ymkhwachigucmakx,0.0
fq2uk6vm4iuc4wm2,182.14565727761632
irhmuthzptdf32mx,0.0
kee4k6wdxcm5nikv,0.0
v4hbve5j77bdelkt,111.09515732730179
aee5hyifdweremv2,0.0
paltew5tgxss2fe3,0.0
lsqykctkfyzepjvz,0.0
zsbgxc2vvgnqdb46,0.0
mtcypawekpxr7e35,0.0
2rq4clim3bk6dcwf,0.0
jhfcb5wofbrbtda5,0.0
grqgxc4ok4txb3x3,0.0
t3ut3qxpejqs3rqn,216.21400239360406
zgoebnsn5ikra6be,0.3172651098945742
j3aiwmv6pgbklkxm,0.0
ahyext4u6677cmf3,0.0
nfrjea7b5a4cpvut,102.3685681296927
laxmubujyzs5qp2n,6.879787011991712e-10
iutgmuj2stprkpme,251.7452790261779
ehdr64ifxaphgd7l,0.0008735438694595497
62zxmvo4r6hmd4rr,0.0
rz6g2mkesyfol4pl,0.0
2iimmotrkodoi5ma,231.76749286603655
6tefazkvwr4tdpsj,0.0
h3zw62ijrbzvzj7q,0.0
7dxjznlp2al7525b,81.35503092760689
2j6prp4cxlb4wnh2,0.0
jdayaekgmztg57da,0.0
ackynjrqo2p2oiqk,63.17613951671867
msbuq7h6acumf5nt,97.84934682756895
ckebdqhuadh45kek,0.005015245190639204
h3euzpaus6k4fqdh,0.021323092918700343
62hihlhpbstgfa3i,0.0
6kmt3eyw3ytdmikg,184.77502984942254
fqnhj3dzopmocb4b,72.4839174077128
aocuznicumgyef3j,3.6504367776608975
cgw6pm7k436rw5pd,0.0
cx2xv2gkatwaoxwz,0.0
gji7thuvtnh5pde7,0.0
7gsgbwui3c5gte2r,0.0
b33sfoqqjvvn2slt,193.67375694757737
cs47x5mb5usq4se5,0.0
dxs2bh3emge4iohp,0.0
b2ez4xmgzizifaxx,0.06026463590617152
rjzwlbe2p7sukhvw,0.0
wyo5dmfq2r4ns2j5,0.0
wmroqfqs2f37n32e,0.0
ndqvbij655kiclwb,0.0
yiswciuo3z3h3vam,0.0
5ptrqumf4fwswu4j,0.0
nniu7fex73bmewhl,48.62356410107458
ygn5onrcm7mhe6ax,131.3982165261071
ryzeiqf2dixcflaa,46.54793720281452
h5ho22lievflxcdx,0.0
voz4egdtcvost7b3,376.68456170877874
2ainlaxoxdvqbr6r,455.42034620754464
sxogjt2beif4p2wg,58.76725709073934
lvcecggqtvzk63ka,151.97166207264883
pryfhe3q5amvhyps,210.37314220182913
mn57hczhgxqhxzbg,69.46666078698607
qkxz6qry2ywaohjx,0.0017482920064264453
rtqw7bzqttc5tqdz,102.96524638092768
4eaz3vu2azy3ujoo,0.0
j76d65753tsrxby3,0.4828811929338553
j6wwacqbqihiwyzi,79.52292989470547
cxyodutilanbx466,201.41681115990676
rphke4spgo36uh3n,172.59961903655338
vvr6gwcy75d53ss7,0.0
aeqyciyni6ij5fjw,0.0
5j7v7avz2i2t3dpw,50.89075561512574
s65vrkwu5fi6im2w,69.40814513385754
btvuagjpykkm5ch4,0.0007836297832524275
dnwowevgvwqp6sqz,0.017408328021993578
haipjscbbpzhpjtb,399.87910428502926
pgmwuzkvc7zva5mm,5.846772022721889
kzkw7rwiiu3t3qcx,84.52442214040222
6gznj6o2iaf766ht,0.0
cltalcasin6a62rb,0.0
n7e6kg4essbvl5gt,81.57773246206796
2hboirylm2xletv5,0.0
dzq2w2qr22mxyeu2,70.71256804159837
cvssilsz2qjy3dav,0.0
w2sbvbfghjg3lq6f,0.00013118217769955535
55rflleaovqu72yp,0.0
o7omomiogpe4g4u4,0.0
uvimewln6xsya5qq,112.15257170797341
qfq2qwodplkgf7qi,2.771901744899048e-06
2rbaeaecgadgp7je,0.0
rf52azsalmohfkf6,0.0
unkigrlvo5kkixct,0.0
g37icn74qfr3pjy6,0.0
db2mebkdkexg5moa,0.0
rxjioacrnhvjq6jl,93.84696677120007
2zbi4szjyrmaax27,0.0
mvumm2upagnrqady,0.0
52x6qnng5x22o3o7,0.0
jta3wu5vw45d2cvd,75.18547696895658
bhnhtbfv2a3cjzmu,256.329035900205
d2ezz7kzedwlyddo,0.0
yzynm6eyg236bgkj,2.650389159078013e-07
nyzso7wjdjs47kop,0.0019483349154613694
mgue7abosxtddg7k,93.95014768173245
bntfj7xqqjvdz4cb,73.47694074124462
bbyobk75omcviipm,16.30843435428077
vvgnhjkrqdzntqcm,87.49828743132466
aopktkb4zq6vm3fd,98.14045055898731
rn6squf5kblqu4xp,0.0
cndaacu4yxzvxpux,0.0
66nx3sbxjsjx3sur,121.29570407966227
pfzw4ti6moaei237,0.0
mzlphtvp7ks3222d,166.69162251290783
4illf3z2ccwjttmb,6.480873322009992e-06
eqteoqc4nhqn75jg,0.0
cjk4vxwblcdys37t,0.0
4f3oneqmmgvmju4q,0.18239108424979175
ywqveucn44yzfbxg,0.0
pi5h6wywqcngu7oo,0.0
gqv5lkshjif4bfsm,90.09737271109228
rdogodllbaq365lm,0.06331517290109703
cnso2u7kllnnxtxx,0.0
7xohx5gr6x7gvv5o,0.0
kktagj44i4cew3nt,0.0
jbyoflsrnjtp5b2n,0.0
ku6qajcdgmaxqhlm,310.9144960280971
dtu22cw2o5semmiw,0.0
siardhlbvxdlgb4q,0.8977307293090735
mfpt7q43tg3gslbk,49.0797616556162
bs23olujlszh6ade,3.209202764995744
yutxhnl2bxkoc77c,0.01400582966029718
txteer4ja6hzgoya,0.0
bxwvjif4k3ebqnmd,114.97198367619424
7jxyyvn6ri43gupc,0.0
uzq4ew7tx2aeukvu,0.0
wkecaodneofghrjr,0.0
7kbpsxo6ltd6jd54,0.0
qzy55tv6dkglsuvz,0.0
36bsyfmqhm3ipgna,0.0
uxdop2zqzeznpmaq,0.0
g7nrovgdq6t3gd5h,0.0
y7iyuwvloeukih5y,0.0
p6a2cqbh5k4mpdcu,0.0
hbolrgac7migkwjg,0.0
tp6gmy3miichrk5h,53.67583376468052
jsi2etslyi7uutdm,0.0
vd5tgxyex2xzz3rj,0.0
2ipfcct4ud363rnx,0.0
snxwdpivxshprunz,0.0
leo73yjitj6fn4pd,9.803085599443665e-07
sjwgcdjpqqmqdup4,0.0
6xn7xoyjtlvrk4f3,0.0
oo3l5l7klvtkt7m5,0.0
ziw4lpb3dpblsr66,0.23408286924234886
pucjaisvsallkfzz,0.0
5kccovu6dabafe4m,0.26951092355348033
r2an5dyv4d54zzux,436.180433748125
gw4rblutbi3wp3q6,22.846900456847962
jtjzfyywevf5o34r,63.79409900827899
qfmnox2ovcf4loc3,221.13132260393172
p32eeaukb6dkfn5t,0.0
fy6p4ww7unqtrg6m,372.1945896759304
oi5twjlvuz3zqsnm,0.0
tgwbfhqs3agk7z2p,0.0
5iwb6vh2yysbzwca,77.12767101012813
hvglmjdorhb6ouom,0.0
zosnfyfmltlzrwvk,0.009946492091806747
zihzpibkbjynvsds,0.0
tizufwq2gmvzjv25,6.355472150716869e-09
6lxmfhpl6n5myj3r,1.1173860792295748e-07
3hxyls6hawmflvmr,1.274008419228874
ild2thbwjc75spao,0.0
5yoigjjjqizuadhx,0.0005570732891146521
dzbssawmclz5xmh4,6.315383509473713e-05
6cotfzp7dmt27iz6,0.0
s747zk2s2mg2ut4y,0.0
3ig5lcehk6ak544g,182.45977875486483
sf6etldwirjetbdn,0.24217235651369526
mbfggf4gjrqhvvxs,175.74688282924728
vdxrbrqftapvt5xe,37.567796588626145
xfralhtwx6ib2zhr,2.4860066399033014e-06
j66nljs5k2y2fugg,0.0
cghsiew6s5pgh5nm,232.29657983648525
z3cd6qu7nfrlqcio,116.7871822916566
4rjf3b5aknp6yfkl,0.0
idptmiwim5vryejo,0.3004328058429171
m65xzagislapscny,0.0
ygusxz2nmgsk2msv,62.98310993979603
u7k35t23yjrgvf3u,0.0
ppdm44lxesoi2csu,0.0
2uzhh45tfigpnn5l,1.531139162868474e-08
74srektp23cyb7dz,0.0
gvwkugziq3yhoxaz,0.0403451079319296
56a3kghvf33ahxj3,0.0
vlvhclc4qjiuxjqn,0.0
hzwvzznwxri6aoga,112.59083001167556
z7ebqtzq2xxcwqgf,0.0
63ui5ne44qdc6exo,0.0
64dch56dw4fiq4po,0.0
nolqtj5vfkiiqqjj,88.50017631760667
zplu3alrkkznqf67,0.6181002303564295
rnwmmg3uhlgqvfvn,0.0
3u2fjjt2v2rpjhk6,0.9786508927994316
fan62ryoglxpdctb,204.73061600979474
iyj4bbm2fqk22gj3,0.0
brgh3qiuqngb3jdh,0.0
cpima34zhlkxpdil,121.17550019942033
smlkmg64zssi6ru5,0.0
uk2z3ufdu3zznsfj,0.0006495041038722178
f66g5ls4y3o3ay7w,0.0
ilr25ab6c7pfnvqr,40.56471027792992
o6474lyjcezpu6zh,219.5489961294491
wpg55yoiq3ie3m7d,0.0
gjkp6ei4yj6mpn6p,0.0
6kan7g5po2fytu5u,1.7663091256439434e-05
fapypmy4fv33kgkd,0.0
wnnml3dkpb3ublcc,0.0
oj7htiqbsppkd22p,0.0
baqws3lidvepv3rv,0.0
3oubkinmyksby5oz,0.0
zzmm4zikl3bmv4py,0.0
rrdsq6oueg5l63mb,0.0
b53fi6gbmevd2eem,0.0
kz5bgxcbgdkmpa4u,0.0
m3islif47ccgcs4i,0.0
mwbqp4x3c44z5ibh,0.0
rji5hhaomke7lbfu,0.0
tp2bj3wsg7fwghyp,0.0
jyw36srscipyhosc,0.0
kymqn7ldbfjqcs4c,1.6311026203786804e-14
7wgussq3k6m6dhdr,0.0
yikimax2tqlu6gve,0.0
265gwwfnlp3ld6jj,0.0
mb3df5dt5rl37bl6,0.0
3xr3xpjhp4tfn2tt,305.58507867533694
tcfehhveop4c2ds3,2.0384558310726697
ufvqeq3k7ijzc4v4,5.92699800208578e-06
xlu2zvjlpwnvzkmb,0.0
f6fmucu4jkpf22lk,0.0
hxva5gi3ii3bizix,0.0018042245381124666
xobvegwy5gmc22l3,135.40658256919374
jnmng2hz6rmfct4d,43.059143292570575
27i7kgnhfeqzw5yb,135.22781998207165
5aj744zbwv77cef6,89.3992979264829
y7u6zrdkwt4uolfh,2.136395828873033
u6xymwwnbwxtjury,321.5027170387598
6dxclcdj7jojibxp,0.0
i3ulyego443i3cw5,0.0
ztgwm2juogtuhy4w,0.0
5hd4ujjrxnn7t5yg,0.0
u6bosd5o4bqzynar,3.1649333530335503e-06
jurylfy7hdcxz422,0.0
j3tlqy3rehqaw6aw,0.0
6l2lknpdxqyrae6v,62.36328232238044
6qeprzk63btgnu56,0.0
k42kydlormu6cs6u,83.42933672449139
udhkpmzr23fmwfbs,8.510784203388885
tro4xtlsybih32uf,0.3800701661025132
y6zwleihc4sgluuo,307.5864411615415
k3djohhzzks3jcv3,0.015911186489135715
v44djlg5avaxqwvc,310.5373320766063
bbl2taojsvzzwaj7,0.0
nuubfx2ncavddscp,0.0
53fmhjp5sodw44ek,207.30815476336505
sizkbbqvdkrqquzo,168.59560841320584
eigp2iiogmpffzy3,0.0
aptperxl3rcmuvla,0.0
swaj4blnhon74roq,88.95982666714994
olnrmkpuuq5g3z4y,127.18105978810306
5fqc2vynenp4tkaw,11.84073292476646
hdxesyhteefrve3h,0.0
rh3pdelpaka3rhmm,0.0
kkpbgzcbxvxxowpx,0.2849656932101765
bu4zqanjs3mgkvxn,0.0
72ggvpnlgdnaygeg,0.0
j4kgjk6ubdurpruh,5.925556013355658
3jkdbs3ylivaal3u,8.666500629732834e-06
nlrzjjv7rc4lz7g6,0.0
tkypylrkbi5bzin6,165.7932571716786
fogu6y5vlagcb3lh,145.9892382433237
p5zl3vn6bjetiukc,106.01510740287159
lxdvl2uqmamp3qms,271.04584690438156
qzepyhve7rq5s5wr,118.65107513636471
6fzxre7dko4cauxe,290.98161529433526
2jgeai3y26anlfti,0.22307172127822542
wcch65g3gh4p2vsr,0.0
kq3bua7sk6uh7zxe,0.0
4ivknamrcsedmnrw,0.0
z6skzdcoxfldyj7q,0.0012142440017028774
om4qdzpb3oss53ca,0.0
oijrr7zsh4fw7udx,268.74839117712213
bqez4h2fje5ei5ix,0.0
2pg3ividbzuvbki3,0.06961921055715982
ai6gghoncg7563re,87.35578886610223
4czxn4r2qimj2ujr,5.541840005281937e-07
noypxdkcajf6ssxe,0.0
3eda4izlxm4wjncn,0.0
4wxs4u6jv76ps27t,0.0
whb4vc2ew5zzovae,0.0
l5ovlpg4pwlepppx,0.0
x7gav5tb4paclfaq,0.0027891926991433958
prcnap7d4rohwbko,12.897243551777024
dzpsxhq3pqjtmqkh,0.0
kdrf5ujjdsc22ufj,0.0
dqupszodkzrzvjwb,0.0
c26iktqj5konp6ey,0.0
r27k6madtzjavoov,112.16789344608344
emft5fkjtmxoze3t,158.29879992560376
sx43qob45toixb4j,0.0
tadjumtjzvcuhap3,1.8253667857771943e-05
viee7x3ia6evslys,0.0004745949649600135
kt6kjlzo72nefikk,2.556168523053985
zbspnepdi3xzkqo7,282.0754369809625
nttrzdprcczfinqt,0.0
sdb624ho5nu6xz5j,243.39527922187955
sskwdnu6z37444ik,0.0
366km67ceabbymr2,0.0
rxnuwdisbx65wmjc,0.0
dapyfbpdn7tyhi7o,0.0
2tclrxxdj6kbimyj,38.22278073359531
57fxa24b455qa2wo,0.0
jv47oiri3r3fihbm,0.0
pcpdjpuvssrelnxh,0.6433075541665269
kkljwa72lc33ao2e,0.0
ikqbfesp4mwgz5vr,58.05537271076521
t4dmmrjv5lnorysg,0.0
oc5vmavpmw2f745f,115.3781146944839
2za72cng2w4qio5f,6.454603058968553e-14
phf3zfmmqtbi4ipr,0.0
uv2dxlkghtjgpvhe,0.0
hhb6hr6gn5bi4pbz,89.48761336760836
rg4kbihu4t5gmk6t,322.92680958818664
4dkk4r77vwcegk4t,89.93911787367553
ntbmnxviphmv7fwg,2.637249404049043
lpxg6llnp7oldb42,0.0
sh3w2vx5bkmp3in2,184.16291843457608
lcao67dkiqdussvk,0.0008307871693761669
skzzvof4vqivmd3l,0.0
klpshpwo7s5hqjzc,6.668096385704212
uiguod2zzfqmzaqj,0.0
kc4bdonce5cpszwh,0.14628118568660034
utowlwghalxqha3m,299.7018269814635
afpilp4qj3s4rvdw,0.0
ix2joh33i43iskeh,0.0
nhpmhsm2chk7n22j,249.21759412720763
kvlakza7hwl44ui5,3.912466283371158
cgstsyw4gu2mpf2b,0.0
gd3suy5dspr4cder,0.0
inzpx3wcivulaimp,0.0
66ez2tcaewg4cd6t,111.95705000591617
tunnqpcb27uuiv27,0.0
a4smc74wacmlab5a,0.0
gon6p7xaaljdk64i,0.0
2qaeiz6bh5iit5y7,0.0
7y5hijpayrag5yyl,2.158038935557158e-05
f54d2qy7wwommn5a,141.75447521080105
hviy2s6eodjmhkpp,0.0
eiutyrp3qgbr72h3,0.0
k5bzu3xxpmvhgxxg,0.0
iwap6da5w47naxia,0.0
3q2t7gjdunloyu5b,0.0
whsuxqswdivqxgf2,2.5627944017516512e-05
gjv5tkglbuksvd5t,8.566362742781797
kci33vlslpmxaxm4,0.0
ebnacmhjex3emcfr,0.0
mpuglmwhwcv25qnd,24.351234301633646
5oh7kye7mrl5xzrp,35.122699631237644
iwxnbhcacer4a5x3,0.0
ztryas6zvizry3h3,0.0
752ad3524skuacj4,0.0
3xm257pgqhqcnqrk,0.0
5xr4cdfsymk6iw64,0.0
74glo37wqrmv6iuy,0.0
yxds73jo3dkqsi5j,88.64463022861366
kxvhbzzfcx75incv,4.980078235611596
7tkmrghws7i42lb4,149.46371510742344
ogov4gfpketusayt,61.45882024454
eggfnoc5ve5sza5i,0.0
nudhjohbndi2s2om,407.6474370568305
s7vanjgoi4qn6gug,0.0
mrkcq4mvanq2mrc5,0.0
lwvrtnpccmsxzrmb,0.006161044553699696
gbytbhyfrko3i42s,0.0
fmtvwrjjriw2xmeo,111.82680267449712
qfuroum5jezxee72,0.0
akr6e7ujubf2cyll,82.45410706809463
pnekyclajnxxplhq,62.43020378154754
7miuba2tkuwa6xmv,85.27392794275639
3zz33ridludyqd4h,74.47563537883757
jahxzycd7zmd6vap,0.0
glltbnklwskmothu,106.06382207857719
osn5nprao74mjywm,0.0
j4etv2k7fsw6ty2y,1.5007484881605053
tajd7wgdxwp7nufl,183.23121539619507
kmg6aemlhmpjzrzx,44.02906341642057
44miesynskaut56i,0.0
zhelpfs3adkauqyv,0.2946238019412261
ng2awoe4h5dvg733,66.77852143310915
hqsruu5j7bmkjjnb,143.2765164446699
hgcevj5ir5qfz3uz,0.0
rrinygwmzj42gnrb,1.8928070498612584
xcizvnrbyzxy2yik,5.381565902646133
2r6h44mxpwxautzt,0.0
2sodp3vkes24owiu,80.27001541731806
t5wczp2pht33hjxb,0.0
cjutw77jebwxgncm,183.99735864959206
2sxgdilbfkfjxoem,166.77848636728896
ewz2dpgckjfzl4zs,0.0
mdog6skj2jdmypya,475.000231273842
lhesxfrtuvtwz45w,0.13995346938749828
3pxapo5yihsgvrm3,0.17117431919224693
2qnctitpvtqdddgb,23.54987995758148
crlpv2matroh7oot,4.725999695559867
rcaraqstditblhkg,260.0775281600487
qgjoj4ngc54o3gfr,311.7434227361083
g7gyen6quvkr73hb,0.0
nvdx3rwjoxczs6ws,0.0
s4ws4kff3m3xblhu,0.0003052293467683058
mlabjmwzqitmnqqf,0.0
igdk3aeb7knhhrkf,1.33279817560859e-05
7zj63cem3ufb6xke,193.91326058613708
5awhriax32xyuoia,0.0
gexcyfmieb35p7lx,0.0
ap7piaba24miked6,0.0
mmooqzd34iowcfm6,0.0
vxev5u7mxkvsgzai,0.0
umlmkx2oyxgv3r6h,12.62358297177643
xaq3wkwxkacgoqdj,186.76094855334134
zxphb5jnbfyruwjt,0.0
65522e2omlgv5bav,0.0
v3aqp2ohzb27oodk,0.0
tkfkwxb3iur3unog,0.0
l4m2i4h3nvy4an3k,0.0
hlm5ktid7fcarw2w,0.0
dk4bduf7blrcygcm,0.0
23kl23x3rkhvytxb,0.0
udrmq7l5f6vb6ia7,91.31100726672561
heipsaxgyqalvvcl,0.0
ijpjaeppt35fjvkv,0.0
5xsqn2pv34ohc2t2,0.0006123681350395981
6kd6yuymlzyxao5f,146.31935715248352
f4m3s242uia644wj,0.0
d4dbsaiv4tnyf35e,83.55233087895392
3zuyhjao2yxmfb5g,95.01179473005845
66fpnqs6cbdzobry,0.3715311555786577
zuyg3vtpzk76h5we,0.0
gvjhkzm3xyq645ui,0.19124755030718227
e72owuywphylulvn,0.0
xht6bkgounvfcd2c,99.4677291530499
hg3tphmzedxcgbml,158.331754998632
ozgydoed3hkudy2j,0.0017791175134127877
ioprvh47cy2lxuaf,2.058313427415431e-08
ddsino7qkjxn6amy,123.87517301846268
qt5lwefpkm7bof4k,0.0
efua7yp627m2huyf,0.0
ailggdto45shssjo,176.7376093129402
7jvlxy3ui2rpwu53,0.0
klewmdrhww6l6vq5,0.0
qo23q2rhjjfdrd2z,0.0
p4abc2nhu35swxjk,6.629354092139364e-07
j2rixennfeowqgny,412.4942713452034
ckno3wq2ynlyyigg,1.2277285606790982
ck62aly3a74ihvhp,476.8419384305696
e3ofu7oe6n6r7fgi,0.0
msrtlrsjomoxp2r3,26.974476981653993
lxsbo6jo45pchhna,185.57300203612238
qy5jzdgcwzr7eksa,0.23685391270885972
fekt7nfefyjto2k4,0.0
a4akkkomsrnhof34,0.0
dud55t3enbolrpmh,0.0
3tqd2qn2diroo4te,0.00028995421622031995
y6ajee5rvxawqu7x,2.0805011011252628
qlw6xweddpvfoyrt,101.70692549271001
txwjltwacbgz7tcg,0.0
jxbwc54idryajx6f,1.7059688292582835
32t44iixkiqo73py,0.0
d3qdjszvwx6zqgjc,0.6478278446384017
2dniturisp7t5b4j,110.87894728203423
faogbp6jvpd6p6hk,20.16810273044808
pfgyqtpad2ewjqy2,0.0
ou3oid5wero7nsjw,266.5180500412002
g2uwo4ca26jn4x4d,115.26193143352589
tdk2syuumhfp7oie,0.0
qnrerpnle2x75rfk,0.20470726646671153
jwf6orhrefosffjq,131.86080416236624
g3ys7lja4ph2rjrf,0.0
7nrm54c2tw45fmcx,0.0
lqexeokfm4w6bsga,63.081668067474084
4berwaireu7wwov5,0.0
zq3opdrjmqam5n37,0.0
xpxpf7f3dahv37zy,0.0
ee6cutktwsei7vbc,0.0
ouwzp3ctquof7qla,93.76696891377091
2jabbjkmdl4akslu,0.0
rahli2anzyo2lqbb,0.0
qe5up56rnlze5o4w,0.0
vy5xzkuvrkfpmtma,0.0
2jurtq466brg3hlu,0.0
qeoysne2j3imxpm3,103.7974269543938
4pgokhzviq4zhk7y,140.69420549883074
uxmzhvg4h7mreekp,81.4403683691079
cpn4hherbbp6ixrl,1.32354950215112
o6cria37onwbonay,0.0
lqlwpq5de3zym4fv,0.00015090869045694279
py3slsq535lck6oa,0.0
jnqztapng3vmlfs5,6.147258713171831
evnfutaw47isgxno,0.0
vduyis5alfpnxisr,0.0
ipy2afnmcyx5hyo4,0.2847880344079567
fy4n4usj674thxrj,0.0
aaw3akj5if7yjnhg,0.5017391585916751
zsovnhecmt2tcann,1.3870652120501625
ypxu6i2x5qtwcmyb,0.0
zid257rvoqezer65,0.0
jvfxb5tux5a5odxb,0.0
qs7xqbsnwyuldncd,0.0
zyehef6afktalpyk,80.72951957023854
6wac35vcxqaq3moh,0.656970335372904
pftzcevrje7zdo67,0.30227259498621467
pvdwlakzqsag5a7f,0.0
2x5bgm4jnhjvr4gv,0.0
mo3c6tmcza5bkpl6,2.201634397900992
drjsty3u2ebxd4mu,0.0
ccvfatsmyb3b54gl,0.0
2hq7m4dn2bj5gzy7,51.01651358224721
5f4iankmxqdidmiy,69.25656034512056
ojcbzm3hyfkc72hm,0.0
fsswvstphojsmz37,0.0
6nwkzc7syt3hdhbj,0.0
oyk5hgg2ma34tre3,0.0
lrv7w3hlummn4fnp,0.0
atedjhnwpirde6s5,8.562788442284521e-05
wbulmgesghaz7oqk,0.001782250491551501
kk5sxpb4hormebh3,86.94407829235632
3aza77igt75nhovi,0.0
5xkewmlzdgprqoif,0.0
qb2dmek4x5iahfcu,0.0
hhbq36spnoqrduuw,0.0
y5cxsuexv4gvlc4n,0.0
ujzfvvzy23lpipoz,0.0
c4s2g6duxwyqcmxd,0.0
2wrlgutf6lx5ezry,0.010774105858909559
uldduby7xqkj3h4j,0.60771957217714
oremf5ntflvnhqqu,0.006592503976025175
b3olctez5ms4f5fp,0.02911070642611414
op5ivert45yyeuyc,0.0
mvq3xtsbuwduoju2,77.8885965325271
iyaozhbghq52gda7,0.0
7tsig32rajl4zhbn,0.0
42e4vookmggknl3q,125.21647162770884
dunr7r2xdxp57qqv,1.6465589887347694
db5kl3amh4pcrtjd,0.0
6x7qbdrk7iqvslnn,4.88083666441794e-05
4v5rnmyxunejddss,3.570882591433932e-06
ta5g54sxwf3wmyve,247.05619408301158
ltocosx2ooqeq6mi,61.18558597722727
ebhcen4baeb2pkcr,0.0
vomrcnoeukyywxmy,0.0
rvcgks4jz6ufnttz,124.04004540487907
x4honbl3qabvk5oh,0.0
g2y7uqtyyczzawva,0.0
kwvtwtrgrxn43ivs,124.5335937778533
obshojjtcmm4u5m3,1.9831683630347707
3cubdwlc7texdxzx,0.0
fptxmyszmyfchkvx,0.03443445251703954
3fsetqrhuiadwvtv,108.47171329369402
o4u4wzu5jmpyuks4,3.827742552729887
kzrdugf4ot73cz3s,50.86608129867898
tprga4oaa6b2ns3k,325.4662923008932
ws4zisuwvntyo6e2,0.0
i4eem3w7nudedcr4,96.1568307666534
cgyvloxuleao7slj,194.5337787986922
xjq67zdyh3spyeco,79.01769001497465
55ar33v64adfh7dq,177.18955513114298
6pp5r37yu4s4pkqt,83.31750379197254
nnh6ru5wopi632dz,0.0
3cgdvasg7a3z6y6m,146.75907427929343
mmp2umz5em672acg,106.03888178769107
zjaee6h7y3a73tpf,0.0
curh3nswfiweyfgr,0.00016823685590905575
ebmvqwdlkey2e6bt,0.0
fass6mjwu2673wiy,165.70782927629443
w27tjv43bl6smqhk,167.82006293106735
3lzjcwqlezk5rb3p,91.42023586190498
lsxxlpczdojo344q,2.92757679801712
vyu2ltcbkxbu7q56,0.0
p23ftgoea63mvxcy,0.0
d2qgbo6tih5ijqo4,0.0
jl432z3ogajxcejz,0.0
udpfzpldojgj2uid,90.03334587051202
w3j7uzuvyllv5kpo,172.28987975851805
b5n7u7vjpxtvkwew,9.515863522878133
a4xlhrm4h7cilpk4,6.454603058968553e-14
s4pp3o3xmr23a5i2,120.82922233811503
fqqgvm2h7ccs3px3,0.0
h3grmxegg5v5nzh6,226.18674652371186
asr2nsk6f4m54tkg,0.0
2t4ar2ldchbwz5ht,0.0
3yk5weueb5y7qw35,0.0
tqvvsd7hsvitdr6i,81.66537406310064
sy6dtmvhdtwo4hvt,89.62116742012552
akn2t7sm5a3bn3bo,0.07479762845499055
a7i7mfus5irqpiw5,7.693924879882135
yamcyieoadltfe7b,104.08755479738416
a7a2z35ru72o34ao,0.0
mgwdw4irss6tzsxe,0.9498327864686308
sez7fhxt77w2ybir,1.74124313709626e-06
ximnlxsrix73h5g7,0.0
m4o3dveowj7fi6zu,0.0
unva27y7su2rpzov,0.0
4v5sm4udo2fppeey,0.0
cdtzhqstm54rbfho,5.360422177355969e-06
vrmbazq5ikeujkmt,291.7122557787545
cenhqgjphg6tzgof,93.45089284953963
mywoodjn7m4cahmg,100.5329225067958
4gwcnebnhhi3yrf7,0.0
6yygfbq4chu4uyyd,0.23767126954127094
4cc5z3gksz2tqu6w,0.0
mzsrqyal2pul46xp,4.426926736385168
xwttjaenbolcesn7,89.52744512193091
uzjhbatxqehl6xik,56.802995889057215
jzdqsbrdhxx77l5t,0.0
vz3tknn5fk57r2lf,138.74811699961927
ccckuymo3rle4omv,134.75822584752623
4lexivbuprlw65xb,153.20305164144384
4vl22xhqn44pvezg,0.0
6fxnpj3tfczplwwf,0.0
4u3w4hzdqzxiaoi6,276.78610985037426
7owhqvhutto4jkar,14.485024446988492
qxgpapx55ncwazfg,314.54865196111683
hg5fqxkwz72ezazv,0.0
eqfralx6f4fmolne,0.0
fhkbaeyyrc6llv3j,0.00018023347923964246
2xqm6bldnpgdyfde,0.0
gh2hd7gxu3h6i7zh,8.395729655253376
eofiixw47eqivg7c,0.0
5itrfe3vmoikxc26,0.02915844810172117
oc3qzyzviscempfz,0.0
hto6qkykotc27tbw,0.0
jjype32qkvh73vy7,0.0
zwos33kcjaevrzcf,0.0
henqdbewkmuabxll,0.0
inqcqcfpirtrb53c,0.00014548333943641763
dr56e66e4hmvw2q2,0.0
jm647oucf6j52uix,92.92895288641867
hbxlsfmouiuhpun5,121.18492085426433
o2f34zk52gzrdpm6,114.306827026947
5t47sypmots33zd4,12.857074356940595
lv3ovulaevzxapln,0.0
hljhrksfaos4kjkh,338.6126216165402
n77unsskrh7hp6zo,0.17735470619374424
3tiddk2rky6s3i24,0.0
rmoldy44bm46r7nk,1.1714459351074172e-07
3a52k3jz75iy7pem,1.1697921145944092e-11
bseo5m3smloe27yr,0.0
v4eazqmjrjq42fsh,0.0
st334eai23mx4lk2,0.0
rm2bkrxl3negxhyv,19.88198306269335
jn4yrzitmnclwsnb,0.0
h22domrbrqtpl5wb,113.58802302935533
csoifzxguwnrvx4z,75.71848088088682
w6ennwzznfa4k5np,0.0
7wjoy6o42n4qtfqz,522.3146735238743
6as7ufwlxzajhwyl,13.862467333262725
y35pfchegp4vzlqd,0.0
7aynbt7a7sjtvawj,0.0
dqkdxfyguav4crad,0.0
3wj7c2rtbjwg6f4c,246.60223217201224
szfgk4u7e6drerj3,2.3601956943637528
kgukpzj5pwloiydc,432.62059713092094
hqnnnstgsnvrmsnx,76.24907604560161
tk3wmc3ozewe5hvq,115.4114386744869
7va5uxwe5oq5foqa,42.64771589623967
r4yxiupk77svxa6z,0.0
my3tett7pxmdokzg,50.97521361497885
sxb4smmpwm4ikanp,77.65603317555048
tzyvlsrcnqiujatw,0.00011738954887386008
3yvsupztpnvb5c3p,0.0
ukti7irjs6gh2kto,0.0
rmjnczeoqrkiol4l,393.0879904111999
fjmxi5jeptamauxw,16.94719684719969
3wc6k4a75p2daccw,0.0
5bb5etoyhuvfr364,0.0
fwyslzw5x2df7q42,24.10878256700122
3vkmjjx4mh6csm4r,13.729609915246595
d2uzvohwblvatd3j,0.0
blhieedt7sbxwabr,0.0
q32hbuyau7xe3wwi,54.73669103919474
32uazwujiceww7sl,0.24340229660674811
villqgxkgd55ins5,195.3707709077169
ctcwudmx2pgxktqw,198.23850364741963
enup67cxqjuzo3tk,4.076744324733256
2j6mijwzun7uehzf,72.24816472407832
ssb7hg7jyvtzwmmx,0.0
5e7yzuhvc2737iec,0.0
aray5semsuuqluxb,0.0
iteamcrztktivb4i,0.00038512996767635143
ykclowcox2a2ivjr,0.0
mcqpsi6f4hvezoer,0.0
yot7pr54fblczofd,0.023489893454078214
y2otsqrwsfsd6bsf,0.0
wr755d72vqx5kfaq,0.0
jcue76ziu5ybhnet,0.0
wpsdxiiaculjih4i,0.240666700748892
q5vc67lrlkoszkgl,262.5781440499169
o7avjmpcwqukmqth,89.12866959042294
c7yuedm5fxuiiqkj,253.6343512765398
eh4datuczogio2uj,0.2649945358354945
6agvqbcuw7a33u6f,0.0
fhpqaqx7adapyski,74.47859487634645
edn3rw2fp3mtmle2,3.52642426746845
mpvlmhahuk3lru5v,270.7417753251209
sluh3vd3em6pdpbq,0.0
r2jcjxz7if2hhrz3,0.0
gqmgd5kc7u74l4ao,0.026369486697195348
6d7dgqe3fibgrqk4,0.0
xwyce5mzy3h655j5,142.7379122475245
3e2cofhi4d62i6nj,0.0
ziookw3m73tnastc,0.0
o76ua4mzietery3q,0.0
qpcncfnwht6b63mu,0.04581554470100559
kmyuybziopvjcbc3,100.51288182528447
fo7lhuh3n5tlmh3n,298.32791063137023
sxianvmqsp4jztcv,0.0
oc7oltnfwo5kxhnm,0.1324176964937059
bzt4ssw4gunzpopy,2.8426563941601994
rmub7jvpu5w7i3xj,222.2856917128787
im5rqrq5fo6dlr5b,0.0
iiivr53mujnxhf2g,136.75716802285388
k4lp5umrmwq4z3e3,0.0
4dglvv2xsmhtjkfm,0.0
c2konvmof4gp3p2l,0.0
q7nu35maiyku2d57,0.0
6i4pfukss2v5q5ke,160.98502034790448
xzqfuo7sl2xlmlcb,0.0
nsg6pqor6jmzaoba,0.0
uggrixvibaoru4bg,366.40734594837136
wb4tcvm6mvusloqm,3.6523943840225717
jwgc45ep2kawrjvr,0.0
sywgldaztndyye6f,127.43412781885533
5pq234hxrj7rmmue,464.27067240464913
niar43vglg4kpegm,0.0
e7wvut6zyx2d4xai,126.33170568484556
jcrdavvlkt4r37cp,116.2723505753537
e3r7xcs2qba7tph7,0.0
z7emhkxlyhxxy6mu,0.0
kic4wb2v2mrk2bbd,0.0
fohujnznrf3iyrnd,0.0
5zylec3njwz5tc6w,0.0
qucedgmhyjanikk3,184.92269746902568
qagirddjxnfbwpsk,65.45285559178267
pije7vffwlteei2v,0.0
onnhuhb374g6byko,0.0
cq652ibhzn7q3o2v,0.0
xutbj5glrgkcyrzq,0.0
dcjqvrql2q35bje5,0.0
ylgs7j77t5hc3g2o,152.91722236919438
usc6hxruywrxbxrt,0.00022307999535717846
xkhtrhke2sivqocq,1.142796064460073e-07
ty6i6lk2nycaxzpd,61.290191980886725
bdbv2tbfrrin4757,73.41825446786821
zjctpdl5pk2dg6mj,83.07267754027635
gps5czkttm4e3hny,75.34692147907434
jnymnvjf7c7mjebd,242.36037039777835
5g2nb72g2a7wkib4,0.0
t6gqwbvcmj7j5dxn,0.0
bbstjsjwzmfxm6ka,4.04942120151389e-08
zfwiv7bzbwhtfqqw,0.0
iboeiqfj5ijd2nph,93.93014558352776
yi6ixlglz3tq24lc,84.2630993986996
chq2zmczjhtoktnv,373.1537899216667
ye2anwkbvrlzjnyq,0.0
23gnb2bin65wbpbz,158.17858044950066
fc6nk3m25vsfpj44,0.0
xww5xihfqffgkdj2,0.0
67voktcofm5emsku,0.0
p2du3d4s7mlalubn,362.6974308792645
7thkr3ps3s6w2v5z,0.0
3ahqlevmot7oddf7,3.758684564718762e-05
vibnocbxf23vz6x7,134.8599010969636
apufzihxye5xyp5c,92.15884549401967
2smpum7xihtwjbjm,0.0
sxv45exeikmvl34z,0.0
66mufhwlk6edjymb,0.0
phhrsn7tspmr2ulr,0.3077853493315848
lpgd2sxfiktiy3ni,0.0
aikqeic3vqjgipp4,118.36277814545038
gnjfhs6655djf5i4,0.0
pb3dlvpt7btx5u3j,4.198590384477129
5q3yczczhmwwc7jr,78.58275005285077
vneu4spefhspobts,0.0
jibhwglyanhuvg44,0.07993438951258254
b6ntnj7iqmjk6nij,187.33709183310935
2jgpxtco4podnncu,0.0023945899042092755
vlic7rbvegxd5bra,7.894466839815349
ubockv5t53ckyzvq,0.0
xiykaqcdnlr5f4mz,0.0
pywrwgypv7wtnqvz,164.60755997831174
ruxgrdq24yu6jgtc,225.35959164763818
mtodpl4sdkbiorzu,114.99008990153635
64i326e7kpcn3er7,0.0
xiqiyovuizd2d7uv,66.4928430738237
6zmfe2caqmy44mcu,112.62931151816665
3ne5krjuvnrvjfr7,434.13176139499126
sdrntpi4lwbqwczy,0.0
thj5y4shqq3asufp,0.0
smlshscelsrrtp4h,0.0
2nx2g7oqykeeqset,0.0
k6c2vhcgb4ahw7ua,0.0
a25kts2xnxdveglk,0.0
2snh6hvu3n5ny6na,0.0007877748986898311
67jgzsgeccsigvs6,418.3423570365154
pies4dd36a6jgjbe,163.9721043932521
vye6u2he5kjnduv5,0.0
myyubmoqe2eu4zzo,55.757032425427205
o2shxqfwytyxedro,0.0
znui7i3rwjevglgs,194.22265292216417
egoksh4262fhiqfx,327.7976381982752
yb4glamhptfsdjlw,205.28170478535287
bxjqwvuce2h4p36s,379.1322055608074
hfyxqh2jbcuiazoi,377.83585333133743
fikyngbmb75y2ofm,0.0
7mft7it2s7koyvgw,0.24673008138127556
zv2j2eeqgejjpokp,0.0
6xfr7ivrvucbthpv,118.78421168542344
ao2qlb3yenxtpvet,2.2845133730581924
ay5fryuopcgrzvzg,0.0
rnicvu546bxfqbm5,0.0
yklji2md233gz422,3.4552410215461844
m57tpfal3rrdsiyn,116.71572933000456
7eakoptxmzda7dbt,80.48752026994092
janbpgqx64ppeylw,0.0
etob6bngkwf5de67,0.00012284827626305518
jxzz6nimgzx5ny3j,59.03730305636151
e2nz5fe7pvocf3rf,0.0
xvejootur5k3nmj5,0.9390462669626676
ng2q5d4fpyvts7i2,41.91723065912023
lishraovidqxttkg,0.0
fwf55wqqrhnh5skj,0.0
mvfop42zlc3fakfc,86.36457452256141
hu7pxtg2lkyjtlte,0.0
z2oi256s4krpze4g,0.0
i3jxa3r6bvagzjgz,78.85220374612376
7nkfxlefgbzcmylu,1.2290711043690779e-06
ukgdwcyaq65k7f3g,0.0
hve4rzxa2m3pgfx5,0.0
3gruvvvyhlrtoexq,0.0
2z65npmoedcvqiwt,82.22533012651044
c5drxbrccyhvwzop,1.228275109685079e-06
szanp4tu5qajmynm,181.52976233277175
igjtimldddw3aic7,0.0007501493152931793
hv6x2syfk4fnu64i,106.09337443651347
7tjvkhqftklfhwbj,103.69339401895118
d4mzbrduojuns5bd,0.0
ekul7yq7u3r5iwji,0.0
3jg3oo6yflhglwgd,281.4801079860821
nho3hjvxd37uwp7c,0.0
z6fmiaiiscs2sohr,0.0
vbozyj5i7jevpdec,8.11807788275106e-05
2r3ciggpjjflmgrp,0.0
o4kpvywmc4qcmh3j,238.9342594227769
wtdusuznlk5kfa6h,0.0
eije2ykid72xrwey,310.2146424487232
yu7a3dtwo76pewxk,90.47918629815025
ayvfhvz23ax3l64w,104.78731515978868
afdftehufbwv3jua,0.0
sraboqmr7wexycps,95.73812275760008
boncrsrr54uooczw,0.0
jutrngrqgqlxfwsp,0.0
w7mbz427kvsr2tq3,2.7432728760107464e-05
pww74eiu7nqldtdr,0.0
i4qv5islrqoolc2c,0.0
sytzbpp4dj7iuoy5,139.40612462883013
7snqht7qwoc2a43k,0.0
zonm4eutxcwgvekn,49.3402738232096
aczk4rmqu5vnyz3c,93.79275369939566
5zjffkupw2o7ce3s,44.7068927312838
fotpsuukqppf3m7y,0.0
waj3agebcuwhacgt,0.0
ulcd2vqxrwubdv3t,307.975432372152
o4gp6mcb4bvtj5qt,0.0
objudrxu3kpsigzi,0.0
ci76dop4vqqw6ttm,0.0
d2adrmc4h66gzx5i,446.99056341292976
5ypve5oznymoxu3h,0.3920854936430793
uoq6ho4thw7q3qhc,0.0
ml4hkktwwgwqb4rb,145.98146400257107
fkhyzebkkjnbtt3z,0.2606019289564328
vpyyecknef5pucy7,0.0
nspe57dugje2kvd7,0.0
iqr4eq44r3yrw35q,0.20584804244166138
d66lglrthgup7o7a,73.61615503150648
liixbb7qpkb3fl6w,0.0
pran7ssoh6rwrdgw,0.0
menb5eefvvpmc5ub,0.0
jdxpcut73dwx4no5,5.011637615236652
ys3slov4fzvwgum6,0.0
2iqoyxlaml3x5bip,0.006137593035166565
yvmngfaf7skt67nt,0.0
peg2tw7j6oci6dgm,0.0003545344389075308
buzvxmcz26rehija,0.0
guxaxjs4t47l44xc,0.0
zcagl6up7cio6iqj,0.0
x26xna3m5r4a75qf,0.0
oa2ooa63bc7rm2vr,413.9702816781939
62d4ljaz45b7h37m,0.0
wkpnpekgpc5oitxt,0.0
sgk4dzz3vmbzasfn,0.0
5bzxwn55efby575b,1.1088652412619054e-05
ocirvpctnjill4et,407.2336231540603
bw3t4lhczutou3uj,52.63649069209958
lzqzppo57o5jq2bh,0.2625172053044288
bghgcozm5ae6gxgh,51.5783760969289
bzfkehlu4vjqpjhf,9.56914385883849
t2sv46mukam3b3me,96.60074268266334
2pnubdnhfaticonb,0.0
job3yuup5fsssr3j,0.0
zzmzpjtxjv45ipz5,0.0
ym4kr54ynhtaxtyg,0.0
dorkapk357quhhd5,2.235989522645319e-05
hnc4432l3u2ddmc3,0.0
eypxmsn3cktgkzqu,126.27707724935433
2urk467nvpwgcnrv,0.0
loapuvcjyqkjr6jy,0.0
xaoc6hf7pk74cj2f,67.88942001072566
db4i3p3qhw5juecf,1.4919964881009842
tvsj6z32ti7tsjrz,126.30102934375142
ij7oqkfoshfc52w7,0.0
cch5ngyzngivqep2,0.0
mm3xyb2n7jzmos5j,204.90278873747133
np42ht7bm2ofmtqn,2.032362071537343
tcsrehkrzq2zuxv5,0.0
2mthaaz2jz2r6exz,0.0
7a75z6ar6tivzgua,0.0
ddrdfdmyw26tzcm4,0.0
3kvng5lbd4cywokk,0.0
sz4q4zsugr7w65it,0.0
3msp5r6darp2iy46,311.6955660490712
tgmgskjfa7m3inml,155.1295470805115
yru7bsjxi2omr5hc,232.28063005080406
67pg5vm52ovxjzxp,0.0
wf7kf3ykg6gi6mum,0.0015431848670862914
6vyzsvy4yzpyace5,92.1158204105109
n4rafyy5bknca56m,0.0
gkgtosbdcztkwtc3,0.0
p7q6ddko6mhfkprj,0.0
mr5hxkwpsawxgr2a,0.01124534084565537
zazcqefgw3k67gpr,77.45101929147128
j4ca6h2auvon5sku,0.0
n5ha7t4wlrtdvwwp,0.0
65cceotp37ks7orq,145.49622640854568
efhubzdxzrdnw5q5,0.0
czv56m6e2zus7usa,0.0
n6sxuvsjlkgdcvch,60.5539684541276
6ssg4alxbba4bfd3,7.486645313083182e-06
oviegl3qweske6pc,21.675777065223105
xakamyuwmujpcxbt,0.16849102196760127
c2jbjpvxrc6tsfqa,0.00303816302602101
je3vedpyfema35tk,0.0
b5ro6jxv4afwlof4,73.18189767932923
alhwaxlohfdewgrh,0.2180648110575762
vxjlxzdavxs4iog4,0.0
pnc7yknoxdsvbf5f,64.87057234089727
hawebxbdlx5h2mq6,0.0
5p4cdsfrcvx35xlr,0.0
toqxsp5qinp6fv62,0.0
5ssvgyw4wgmflbdb,0.049495472262453606
dv26rehvwte3w5bo,0.07955221292686335
txy66uwge3uhrk7b,0.0
4kcexvax4madjxcj,101.08497012879451
426srklpzaibzlcc,0.0
d4qvtn7ii7ehdyua,0.0
fc6ue6yn4f32kveg,0.0014576865701658923
qn5ti2ibpfzncf43,274.58358077697
ki6xvcysueq44twl,298.0875274392943
nfknropucoaq47iy,0.0
ugivhbuotnl2tenh,0.0
e7jczrhsrvqh7fdr,0.0
u27fd7j2vep7id5s,0.008596196780190371
oxrseld7ytdwwan2,0.0
qjhlgurllnuiwug6,0.02099807499197641
4xk6ghojxdeybz4j,41.092111882187936
6eoayypr67kqc4fp,0.0
ijsysuzdvaurwcul,0.0
5ljyr4zn57l27hh4,0.0
qmkvrgth3ekljnbe,0.0
6yznrbtjihy4bvvw,0.0
xyuklg5u7ldr6p5k,0.0
a6jr27h4f76zxj4a,23.231154313610993
vlgkvmyabt2ysg7x,168.87660323771416
ufbrtfrllrqp2g2p,66.66472579152696
gtabexkz237g2kxj,17.15843346062986
uhnquqfudzapk4ms,0.0
h6qbpro53qmoglza,0.0
ilg42wfbdyyipwdh,0.06709056850089697
wzigejygd2qoa64r,0.0
ot4lbbyrvhd5p2kq,0.2867412879915738
jpjgckyomzjbarww,86.8180009708382
4ostdv6vsv7gx7kj,42.95135024086988
ogb4jbh4nw4hshaq,0.0
spbyveuelujffud6,0.0
t3e4al4lzf2g3xve,10.346898654512898
6he7crbxtkgy44it,2.2442070445089364
hi3zkpug7hnjocmq,0.11405356992605387
ovgol2brh62zhaky,0.0
fdflwtn2gngmswqd,0.0
qgtk6fi6t4zpujtx,118.45291273557271
a3shn5xlgvool5vp,0.0
kkrtjmwse3hdahy3,0.0
jrsch5tesf6mbtej,0.0
j7t3qqb3qvsg6s75,0.0
2cww6csy7qpwlqbw,190.86803200825324
lbrap7der2pr6m4p,48.785000268396026
xhgrhnmqovrstljt,0.0
3xo37wo3f2le5xh6,66.36463227726483
ulsalq3spyzqufn4,0.0
yzvrpwm2546xmm42,0.0
kx4pj7zdok6w4ek3,0.0
x7gns6yqr5zrt744,0.0
c4elfjphzb72p4ax,0.0
odjub6hf7snmkitd,0.0
l6af7w36pkonjkfl,0.0
gtie2rk4w63z5ql7,0.0
zubjvyqcwwhudjwm,71.42217879274759
st5umhgb2vholbwn,2.428073458543713
pde42e7tstakozkh,0.0
bcwdkgmgh5vnzjdv,230.03499769901865
kd5ldtyrikacelb4,154.05144999946674
pgkmmvnvr6klzmgo,120.5971600618727
sgmiq2qsnl2dcoeb,228.41652994699058
nfeaeot3ok4z5cmm,0.0
zpqfwc3vl25ax2hb,241.2725937422556
h4ugnzjwkhetmh3v,318.79409902273824
dyqejbnvfl5lqoc5,85.71438083115116
kjlht4mc7hzibjke,0.0
5mvi35ihoqec56c4,3.425512295185838e-05
4xmuqxer36eyymvc,0.0
irrwpgalktlodgup,0.08204017685779451
tl6w4ufmwl4qfzj3,89.0590057145958
x5fsv47a37x65idx,0.0015418624928358027
kmllp7sw6plafs3n,396.826524502011
b4u3c5xvfpqgd7vo,107.24983175566118
l3vu4sfiupnmv6fy,117.83781869544848
cswjjaoeeuweqhhz,0.0
nvcsqf2v3kh5qyke,0.2968674554244813
g5e3myfa2yderdky,0.005154013254373174
dxe7jjwbdxvbobo3,0.0
d7pnwpnde3jlimdk,0.0
6p7yf4th3cinu2wl,103.7762201042573
flrchh6egk3id2yp,252.6283833253537
qcspg34sffolsjqs,0.0
tfhnnejbdt2o4bal,0.0
lfbex23g5mqykwhy,91.97551504456388
jx4od3il3jiii73v,10.572362722674947
uwixewgfdv5wok22,6.442866805988454e-05
g7uguadljb2bbp4y,0.0
sjxfgcxlkr2z2vqg,0.0
mi5xovr63iixrkkl,6.442866805988454e-05
46bgmt4vkiqmswj3,0.0
yrtjibzfefzy3zcb,19.670204099592823
mtymyyqu7bx2zjwp,0.0
67fop2h4mpli6cc4,0.0
cmt3wh4q4llox7fh,0.0
7kc65kn7bzgvif2o,0.0
2563immpa7je36rb,0.0
w4yxjuto3suzpivw,127.07713541385976
a32ze7ow22ecu7ms,0.0
b72y4p5chkoyldub,151.6362495102063
52qjwpdgzydokkez,436.2444882296792
wvy3vkwjwhvlzjn2,59.15680356550284
ksvlswjvwsy6khfy,148.842747280399
pf6u2uut3loqtb3h,0.0
3biwwr4jobds3kxr,0.5058370896546646
xdlyt66hdkf4avig,4.724350869450465
4jafnmu3redwlugb,0.9249163247480474
hp2hztb5azn4q2bc,0.0
fu7h22z5qfwkhj5n,0.0
dccowf2vif6nnx57,4.155460718923646
zc5jgfrr6tkvr553,0.0
kb32vkx3e76a476v,454.05792771144985
tpscx3j3wp4cfhzw,0.0030230079423324173
47gc65oizwtxskvb,0.0
fqtpl7ed7u2wmrk4,153.18811388407153
uanxqtp4uj4yj4qy,3.1613959780398316e-05
o6ga2eeeklfp3wnb,0.0
iaaw3ctqk4z6ntqi,48.09936315167888
fiog6b4gzyizswh7,0.0
c6xiwdx6ejuhbdue,161.62294858634036
7n5odzytmitjfaci,22.937167461806318
e2vr6kanvzqjc52k,0.28023295084646116
253xcjlgpkrq3eq6,98.44262962074141
mk4hnqnmp3ydkck5,0.0
idaefb7e7scxv7ug,0.0
zxosujckepvrup2k,0.0
lprsmgukgmtyxhl4,64.3510007837099
s2rnw3l3qrzpwpxx,0.0
itu7tqp5npqkf3ib,0.0
ahgsttndncp2vz2w,0.0
nkh3j3gmngntkuev,150.85730732386347
yfmrcngjmzwqhj6g,1.1637066862932096e-06
hofxhyv5izerj7qw,4.04942120151389e-08
ejqitx4d5oamt5xt,249.57741947184277
gl2m4dtabjtiemzb,101.72124736047597
uwrplemmumucoysc,40.319970738732806
ncy3oasle6v3uyfe,49.36494995857298
5wo27yueteaz25pg,6.159387728345757e-05
26zfkacbududflmk,0.0
ss3nr4uaeslf52iz,102.77158880564858
qhluspxl4chyvykt,105.24967283373618
zkm4llqtm7bozlcx,45.56683034390856
dszabygofh3zgvj4,0.0
4jiyxa5yevorjbqn,279.08483057517986
lv67prxpajalkusx,0.7794067999393849
zchidb54uck3xywp,0.0
k2gmgfobgujwcujp,0.0
iukbocibprkc524z,0.0
k6s7pxduslkkq76d,0.0
p5hswxai4lma4kyg,0.0
axycmnq7v2icwynv,4.625812016455539
2onjnaz6nfpwrxr2,358.0298945420838
e7es3jwc753uhuld,0.4191623194595814
2ldgcbkv6bonooll,223.36388226170175
n7fqrieu7cnjd65u,0.08422604538682062
aljym3f2d7f3xiy3,0.0
gn3yplqzql6uxfq6,0.0
5jioprdh73uatfjt,83.91106111926757
ap2ez6ztpkmhypop,0.0
yt7ie6o2izrnfqe7,0.0
dfdpjnpzpwfxffd5,303.9780686837509
cujf76deqrz5azn5,110.35511393889217
veinvp4ndcjgsmln,134.62233467402584
pnjnevlct7ykwxlf,179.03756574354833
sbwxvupoasd7hwau,0.0
qpaie6sfe2f6mkal,246.7875782950922
jrqzph7dq4zhuifq,127.85095280898572
52sf3a5oyqovquh7,6.479981990486126
5xmxkn72if42ffvp,0.0
p4cdvzfbcz4tjbqu,92.50644639333468
lc2zfnim6jg3vaky,74.45457114654288
qjum4sz2hgun7it6,0.0
ojek2ukfmw3jdufd,0.0
7xh2im44wmdhgvok,53.19751089185435
zelb35em6q2vs7bo,0.0
4wlpyv3edj33w2fg,0.015074967012925848
zks6dz7ggkkoa6hk,0.0
4velrhg3dpwwq2cf,0.0
wngga3d33zlpttji,0.10999257788199103
vrvvp57fzhyvydo6,0.0
tgal6g36lgwtok4l,0.0
huomnu7mckpzddgu,0.0024626861840367836
klpebykpq2stkrmt,0.0
f5yqhfjqqfx4q3vr,0.0
zebxg2o7h3t5cv67,0.0
fpthl2zcbmjkrpkt,101.1824406570507
vazgs55f54mas27y,73.31719330509895
uoanzwi2lgwdusqx,0.0
j4ou5k23dn6kldzr,22.632971989072484
j3osp7qp3c65gxfa,176.54378028561223
nt6xxz5ejsknpjwr,0.0
rjnfw7lpsxxe3hyc,0.0
lnixeeb6qvmi7hzm,0.2699107846846259
zumhu6z65vldk32d,0.0
6yhrp7lvy3kfkevr,0.0
56tijujv54hytiyp,0.0
f6hrptaby66gnhox,7.301878606626658
xlsfrnl6pae4gukp,162.84296615608744
odika2lym7dgjwdu,118.97278384196817
xgc7djzbmfns42qn,0.0
k6nbiztcfm75w6cg,119.66117766042495
huuxdljrc3f7qjvj,373.00137288601195
hsg67g66d4inb6jh,0.0
3i7xdgc5j64nkj4h,0.0
xxssyuqiucf6pm35,14.367417077398501
acaoti3l7tt7mayy,140.70114734278192
kwkadlteo4u76dbj,348.2896021926683
zqbfds5ll5gjh7yl,3.790058748260865
lsjunpaltmpbj7n7,0.0
oh4unvd7rsthfaas,82.60268185867866
ykpkywmbxrtwdymd,193.94767114929664
i7nuus2fgp6zmnlk,91.52272736774583
lrwvmf5wiuahpqo6,2.2085881486025687
u6ln5irueyxs5uiv,261.48056381592346
tddtnx3aluvt537j,95.35951043359353
fnzvccv2x4vgmooj,0.0
g3ikwoj2dpkox6lu,0.0
thrnj4akwnb4unva,0.0
6cwvrb2hsh4ueud7,0.0
pgh3gi3d6r7fhcxa,0.0
yhhygglohfjowpj2,0.0
dvcpdzq7oywthico,82.29904224704507
gfrninkrffyt3a52,0.0
ibqwxxka3vbe3457,142.32709831053322
e5ctlnkf5aa2inet,0.0004822542578552235
xjuhpgg6iza2hxzy,0.002277144597132845
el6cq2oc3ffyphpr,0.06668838352953553
o7odzt626gjc4hny,310.5868155564316
pik6r5jqw5v2py32,53.25658850748798
zb35xhty5qw5qfyr,400.00042537506897
acbdmlij227ugb7p,0.008721360452109578
rr76iilvmyh3x3ht,0.1236194707686787
h2ardkoubzahybou,0.0
rydlgq74hdifsihf,2.6218697503448443
a2glvbtyzixthhhm,0.0
nrr7zlhwf6nhwn3g,0.0
usyq72opr6prvvpm,42.25171214473719
q75eryuvvu6j6sul,0.21086756006168186
s3uddxjavuza44qi,0.0
ze4uluglmg5a7anh,110.91318117595742
m3apvest2et3fwm3,59.598104147373306
oob7iqcugvghritf,383.0762178269689
lfgvmatld3xthzl4,0.03605580264797703
shpytynawqg65q5n,0.0
ynre5e2g3c2fnhjc,0.0
uvkgxpncxeauvhud,0.0
qqbeyy5cq5thvelq,0.0
v5shffa5h6xnahot,0.0
r7dl6fbvc6gtg7wh,0.014733503304675698
cv47ygzxpwibv3le,83.47578714146972
wuzf3ar64elumtua,0.0006301748542120302
7r7zvhrb6raaecpd,63.75333224259617
2qashgbb2ulppjd6,0.0
ogoq5yzrjd7yzwzq,133.80825687338023
yhderc5slyvcvcyf,0.0
k2s4pa2rmfqstllm,0.0
xs26somkaqlti3ql,137.03337105770842
37lmmj6lqtdg24dh,0.0
u57q6bnfta2cisy7,203.14890108675303
ofy3n575ynprx5sa,0.04131356250074014
5mroj4ow3ylrs762,0.3289656189080777
poz3cvwdysfbj37r,273.2060395822676
njlosnwgpnmliaqq,0.2028804880823854
is3by2wz5x5p4wdu,0.0
ryb3i3s3xfvoobrr,0.0
t62zadfopsllohjj,0.0
ukgd34cbqbdkbyxq,0.0
ozo4x5j6ahidiyq7,77.5824801576883
akisrp3ogocglpjr,0.0
orw42g37w5i63wo3,76.40596852684124
iyln5nurmtlfgd3g,114.8229199540927
zzp5xam535w5ibhy,0.3492011875490143
3zpm2dqgeenxhxl3,7.754047483322544e-06
gpn5o3vx3vxbmaeg,94.31058320214669
c4blptqk54houw6q,156.1870917801285
6ul5hkc4qr4lhc7c,0.0
rsp43c2i7hldumv7,0.000830295267943749
gzrky6qxl5mmawm6,0.0
ir6zjbnkkusrb4q3,0.0
7h7wdv5dx4t7osh3,0.0
xpowqxtd7yiz5xui,0.0
iqzubdwmuywrkflc,478.6695434242595
bmdzk3zudxleka6t,0.0
fghwprercy6ttvcp,124.76118317085349
ibxeghlsz2obrvz5,475.12417325141956
6psijxi27f5wfnye,99.71024681950016
kdbox4vdvkfjyc5v,0.0
nzzl5ploimipphzb,2.4392371733621183e-05
yyzziveb7cyl5yn6,379.70974447394894
w7q6duhpq7uvv7kc,107.29202307296865
lnlj6ds3qob77pul,346.07430616117915
pchis444eibky4rj,64.05376725717393
qyvzcgwociq77t4x,121.11089735374632
426q4ljzod4ffjgp,12.97129723450925
w7e4p4h4epvnuwwl,0.0
m4j7d5lj2uo6rg7c,83.36272378604983
xgbhzvi6jsjjlucl,0.0
odfb4qlz3rm6rvw6,0.0
akyob3fge2vpmxsu,12.493868048744439
tfrvbmrl2l2tkfnu,0.0
pdlfbx5jzbef2qf4,1.2326063607318078
gbpa5b72yutwwhlp,0.0
cph2un5l64xglmrx,0.0
yk3l5mvg65zkn6ex,0.0034681892551572573
d2wktyzqvenbsf5t,108.02510768315409
g73jmmxbxs3nxvvb,0.0
dxuclg3djiisftod,0.0
zyaxu5llvkd3rf6v,0.0
633ctals7yrrrirq,0.0
lvvobdscwvgre6bk,61.88460138610948
k67mmo3gdmkhbsq7,0.0
vl4iypuptpen3jrx,0.0
djjovg7yqz5vcl3e,0.0
jdhiyexiwlt3njf4,0.0
mn7jvvfrav6uu4wq,206.54329735123932
rjenuqubejywtjzk,176.51610058103103
l477qiszvj2xbdzd,144.86758543890002
iqbuex72ako33x77,0.0
whxx2wezlujbp5qp,0.20130741003608782
ea2wjpccugxgisyh,0.0
nhswoeerezz3d2jq,0.0
2p4vdlgmhuez5tc3,0.0
qmv3umlsmtg22gre,1.8558377124214864
df2z7rpkkjkgyzvn,58.478731786390306
whr6kyflbvwyef6k,0.0
jyufzsqhqxaus4i6,0.0
h27t3r54mxrcae6g,0.0
r6ubectuw63x2zpc,0.0
ar3iuc4vdsbxqggs,0.0
4lsw5bp4xnp4kebg,0.007638328800204432
w7finw3ovp35vbmw,0.003660007498547436
w23wwngk7ztggkjy,0.08698399465004082
s7oa5m2y2ad643ci,1.0819693863400837
pwyjrq3nq6nc6mge,99.51919052531187
aigdqyuifeyhmltn,77.76381276607604
qqu2zpcydjzrfsdw,100.7667461343542
uly7s2yn6jg6o33d,0.0
j3pblljvi53wjnuu,2.779734508844793
3qubyiup3xbksczg,170.01391259791328
a2r76xwtiy6yisna,0.0
4z7q5moptrowsg62,254.4681881210687
bl6i6jgiihhhyobm,0.0
5jk66r5a7z55twa5,0.0
2bkkellfct6tyazg,0.5712332471364379
rrwxprdd6vlzm7fe,0.0
cmjjlzuyqypnevb3,0.22218486597078743
jhhef4jg3zdctxoo,16.15487718717617
fpsx2n2e4g7rfl4m,0.0
uintmifkyhbvfvta,0.0
i2ck6wlhi4sjp7jn,0.060146335088032216
yzrgwfrjgqtjtsa7,0.04692170922833698
pl5wz3iyyfldq6mw,0.0007062214892429236
ek3isz6pedyiqvfs,382.4049766828924
dr6lhhuhgpcyesgb,0.0005772367086237396
4qndsj7tf4u2hrke,0.0
kcyxp5dgoofcg3e7,132.92746342837685
q7z5pagjrx4xnrwh,391.806556802091
hidlypneiayy2j4h,0.0
bx2mck5hd5oa7x3d,1.9537036294482017e-05
qbmwhz7qkziwdrnc,139.24887036330682
kug23qtmryzg77xo,303.18187433363136
dov2haefcje6od2y,0.0
fd45zwe5vnth6iiv,61.810612377891964
pv7x4vsdriefpxhr,1.6896532146990537
5rhx32awqzhro3hf,9.614981851686435
kb5kbjjbg3lmbadk,0.0
nhphwtbvfkdgegos,0.05121571301929497
sscvj6c3jia56g65,0.0
vayeyqhnpl7xqdff,63.38263032673071
6sylmbozvd26jewf,0.0
2xvxn3kb3ua5sxat,113.18426992317399
fwsxpx5dol4fz56x,302.68437762168344
bd3cd3kle5f4nv3z,115.08350836034984
vhff3dfikx3taq6q,0.15206571315691034
tbl3cwib36q6w3yd,95.42221984909979
tv62viakxvkdcr57,0.0
j3v2za7qj7egaftd,0.0
io73vsdfsam7arl3,451.9109853928659
h4laoitjsnqplbo7,347.1895725947828
7dbu3fkh37qmazba,81.95907846098609
6qdytp7op3hdxeek,0.38617092188485924
5d2zcpf53jmnv3f7,0.0
rkbu6qxz4bcjqwrg,8.458930941486296e-07
j6bvxpdt3c5e6u3g,0.0
ivkkizhg2mybxoln,127.81078871554382
ngsnbn5wjsarard2,0.0
3vii34a27owvnl7z,139.49925015401868
vrftccynhtp4c4es,83.84530127117827
dogum655uqucuiu2,0.0003052204266052988
omn2h4vhrvctpsej,60.46703168082722
wv3ezyf3goycggjd,0.0033629386659537004
uugwmpqb6utluhex,204.2509054545692
o4pqs23xfb7vso5r,0.053967501866015614
sql7gaiq5pj2jick,202.4621415359133
i3ky4qluja7rjyws,97.0912047244237
7f2axqt4fmtpdcmn,0.0
gvq7bf2kfwibzhgd,0.0
2ouuh6c6ttu5etfg,0.0
nmkpnwrxkhgy2um2,0.0
y4655lhu65pybkvw,0.0
37ad54fdmq6uk6b6,63.70176167799414
wpevffny4rcstt2u,0.0
zjxvsfmnvxadjgsw,0.0
rrbkr64h3ilwppsa,162.9007761469342
ircohuthzal4lxt3,79.32028709812246
skoabdgei5hyghjs,0.0
zczzfd7v3tcpob4v,124.86022746043379
srpf7v4glcdfylhz,175.00280049914164
ubvqenig5wkhj5ha,0.0017820504429679387
3ohs2fn6y3gm7pv3,0.0
46duvohhpqzsailh,150.45268830020942
evars5q4d42z6brf,63.1415295643253
6owoqltwcdvsqjx4,143.18523497029906
gaaskalh6vjx5ii7,80.45377334105913
6gf2cibpfpc3s672,0.29449670239322956
j53ylxkmzna3625e,0.010715122827415956
lohgogkb2spi4kfi,113.98830993054884
jsv56f7m7abe2fde,3.3764592502039434
37g3dkhln6sqagwg,0.0
2br32edzib6mnkim,2.380058278084976
45zt7uo2bykwikbf,145.08006739742302
bduxfa74hqpj3pin,126.8727621035031
hdkfnxklajkbbgdm,0.0013954681625375459
nstjyihzgxhm273m,10.299052671823702
2tqhrzknjvfesk7e,0.7326414995429982
eckrzempmjiabwol,204.83501014918687
rfqomydfetjinawq,0.0
tttieadblzvbm4lk,0.0
nzcrdlttmd2dlndx,0.0
5ew72vu2u5ar3dhp,102.96090560725249
biepqblqfi4xknxt,0.0
gkwy3wyukq6azmya,56.09058721195156
mt75id4r4vokd5nl,6.552926035375751e-07
ey6yzng5ckbnlvgg,0.0
23pceeb5p5mx2lio,0.0
lfukbsfgkotmf5p7,0.0
tnwdzkjpc4tl5lsd,0.0
323hocip6ntsttcr,0.0
fh7wrftzklvmxp73,85.0781510126553
yuossm7ddkgtgxaf,3.007757782246612e-07
77dv2p2a7i4pbhng,0.0
6nttrybldxhqewxn,0.009493057567299101
7rdzxwu4dufg7lip,0.0
l4rebudpuvezffg4,0.0
3jy3ianpq6yevgpe,68.52828378053974
3bg4bvxbljhs7rnb,87.79986802784802
vvdpn2mmxbdps3gd,65.86705141558204
k7i44jm7cglt4p5x,1.0197033838679193
mmw3bbe6yqb2dlsr,0.0
ye7ysrwkbttig4tt,0.0
nhdzhbhpsij34tnp,0.28496341050918045
fgsbe4ninhze2hi2,0.0
eyadsvyguho3seze,0.0
j4vtuspmkcps4nky,0.0
zjyejownayslsugu,0.21037845219291607
j3sjc3ra623qizlk,0.0
iggahatfrw7az7bt,0.0
4rkue7jukorieiu2,197.46050046488256
qxidwkyvtognrbyf,0.0
bq2zmetzzmy3hqxk,0.1205908538835348
52zo7zgs7rtkjwtl,0.0
cisjsip66mabkrpf,0.0
5d7v5bmlgre5utzy,55.758923117561274
peoxyq2oinuquuh3,0.0
7lqd6la3x5y4xolb,184.88074899399243
bb2cryw3tj2vxajm,0.0
qpkua65vdohlbaiz,0.0
hgsekwjn2jkeylt5,2.411656453081947e-05
7qwosfhajuaztifl,65.1696360310563
b4l7fiiet2ufrif5,0.0
rfbdkyw5zerurwot,0.0
sk3kpboqu4s25ti6,0.0
cjyw5fn6fb4lbxec,63.04163641598341
mqxuwendh5a32bfl,0.0
li36duotzgrlq7om,0.5948077200863496
a6sbzi5ilowulibr,0.0
4k27guidkogu4rqp,0.0
6azr25jmveoqzzl5,0.0
6jubip2ycrgsz7rp,0.0
iel67zqzd36dq7re,0.0
umpurpmwjh5kq2xz,83.43213722385619
z3pbupuskjmb3h2u,0.0
6zpmc5an2ujh7hae,0.19199191881203823
va7mgbc46uxhmbyo,0.0
smzf32rkmwbpy22c,0.005934839262734381
avn7rddjk5vpyxin,0.0
h3siggmklzt4lwn2,100.69067250225275
eplssoguuscey2dt,112.28613882679959
von25azek5mwsylz,81.46026959864916
eofkj3itpwj4jnjb,1.5653554107938325e-14
cgxlfrwqsxtng5ol,311.2918986971789
rpwa5j22tlc4ofxw,0.0
cqzwspjdn5twp5bv,1.6339371801737117
zuk44izlws7ugi25,0.0
a27chsnvfio4srzg,0.0
ipztsjhqvzcngnsp,110.97796471165998
2xxgjzk34dlbryib,0.009496618997902535
ukk2jfozfemybzwj,150.14657971712415
clfzxxhwkrzc4sp6,11.708761884098156
iyyblsdt3y6sv4dp,0.0
h3ysysz5koteuc5r,0.9589931655650127
malscdy55sb7pdyx,315.61300412658
rxoeqhivebyw4j4t,0.007348763890322413
myo7qwcxnlprca7h,0.0
nnmf4paaiqrundgp,0.0
hhe5sn3qxwtzbl6o,4.2543580698502765
rj3k7ctql6fg5j3y,369.08097030065295
viviex42zhx45hr6,0.0
wnxrt32i4auanyg2,0.0
sz4f25a5mrs3a24t,0.31266012787231984
mqtgba5f3bkuawzs,132.17758432735224
wigmd2scqsy5wuqd,180.19534263136475
sjmo37nosei5tf5h,0.0
fslmgg2tb4cfmnoh,0.0
m5ok34ja7f3hng3o,0.0
ywaipr4c3dku5vfn,0.0
bzuk66ntaet56arc,7.770885020449371
qryoftkzx6wpajy2,0.0
2uevirkswlxcgmgt,0.3595380235685652
g5cgiadxk2ma7qzj,0.0
glgmmgztz3rbpi3l,64.31289948492436
emhzg4fpijee26o6,44.05787258905798
ybu7dsxqnqboeuxe,156.24187112782738
geeo72xjpktdliuc,1.1416366498301989
gojzj2bfkdbva2le,0.0
tjdx3c3mlo5sa2u6,118.46840389063352
jqisopcrlbinv4oz,8.567781617827428
r3yogqcyn6dtxsqn,0.0
xeljgs2exdfm7yfh,65.35679615735361
2465aey3w33vhp55,0.0
a4ltaoq7s5ldrbvp,0.0
lvdluz62ein2ccce,9.076064418351244e-11
ulgd3zlglfoh6nj6,89.3932834551638
pdzzwi642qeofgkn,0.0
25cqe6dreduwgbty,360.07855075394775
tkiqlav3htqlkpnd,0.0
e5cbbudfnec2tzro,0.0
j4qxmwxfb4nm37h3,9.337044554186193
7xn3v5tpiayz6gob,0.0
dyr62e6qvckmzecb,0.0
3vm62sg7xdifepjm,0.0
gjo2pmdgde36oghb,0.010896661116457127
z5glel2tedyui2yo,1.539009644088404e-05
hs5ajtec5ex7fkt5,94.93667327568073
hf66vbq3i64o2zap,0.048259411203104514
4ewew7zhvuauopyn,0.0
vjlsecm35i3ihu24,0.0
cf5dslvix7wfq7vr,0.0
gv6wzmf57tmtrozs,0.0
eg4zj7vwhh4dnon3,0.0
dqmi4fzl4owubn6a,0.0
edpxzrucdxzfyxjr,0.009139651102390485
ocjo2hcmhio427k4,3.403862738074534
unuexaczf3obcjjc,0.059623992220735854
n7ckeqexcvwhhdro,3.247775835302069
4w7janp3njl4ztmw,12.216920826859047
pmrvmauojynivaih,0.004161596287633689
2q7pme4juddkpbcd,101.42306713824951
d33lewdlpfusyz2h,0.03273760581171791
7j6syezkrneccb34,0.06497971934495894
xjnbyuh723m2b7g5,2.2689177119394524
zt35lqr72x54smiq,0.0
2xofowobh65fnloo,0.0
ck46b7iwyv5vqcsc,304.38047086020833
uqqhhah6mvq3x5wc,0.0
6peu6grickijdx66,1.586146383369093e-05
w4h3y4uzilukluup,0.0
o6qm4t3mqr2qup5d,0.0
ytcpk5nru5waonhs,159.25283162613553
2qgqmcn4n4bjxkrh,1.035450529587887e-05
2jk5nrzvxsnwbp4k,0.0
nslfewdfrnjx433o,0.0
zpewoei6glom5qnm,0.0
kbtxluq2w3mrvjdl,0.0
5nw4k442rlvxfctn,0.0
fpxi4l43bo5ck5w6,0.0
abmaqnc76mx37kxi,0.0
6ib57djef46ckrs2,0.0
kbsildzxn7xtxp6c,185.8620008192687
rrwlsopn4fplpt7a,0.0
4kysv2o3oqbdzubu,0.0
fmic3alckeygtqio,0.0
3xgijrlndyskbvxa,0.0
5b3npi54qujyh6x6,0.0
vj2iukhaiqzi6nuq,0.175011694257839
3zhriwurmgvi73wq,0.0
nv5iyw3kv27vfqne,153.99712167012137
kjjvv2egyaoy3lci,90.54136816408297
qzxyxtrezh6qavet,517.0598493383385
ndu7yz4omfvvnwj2,6.046148513502157
m2zznqlga6kiaqbi,144.06061544543206
vywx6wpuyrvqlem6,0.0
whbkn5m56uaad6tl,0.0057435055747683565
26ccwtad7ym6enn4,6.6045945014706655
ghwmplhokhc3fxj7,0.0
z4rj665plz56i3et,0.0
wthuoh7feaenk7jn,20.281880105269064
at6pll5e75uydeao,103.78260624717491
2op2spg7mxkuynfj,41.85841490366184
puzk3ugta4j2lqmz,317.9965470533821
4xxhfmwimiosrg27,1.4245183897053288
agexvjowyyttlagu,0.0
xr57ygqhcmtdgx47,0.26148682447976024
er7u56tz5zmi4xbt,0.0
ca2nb4d5asodds5i,0.8477885922219832
5pybfgk2qgxndsll,7.057260002569557
r2chhjtcq3uchvb3,6.087637732041295e-08
gqv6qu2sp2ukncfk,266.95477988276
ph7tdnrb4nbwimxj,154.2224199085374
pqe3gsykhdhb65yl,0.0
uza53vcsvi3pu57g,149.1083398654954
th2fqc3zxfo4ewox,0.0
hhboh5ds3ca45eom,0.0
ucjzcagkjvjjjlx3,137.1558066937235
perl6fxewrluto4z,0.0
m3rx6jmmkbbvy2us,130.1950287080125
bbwejhjawbgmkf3z,0.0
bae7kgs6cxlavrjn,0.17091548168064888
tmbqg24t3zdrjkp5,0.0
55bjtgdnys3q64r7,0.0
6wes6i7nnxh7xg4a,62.946058710962944
ks3e7x7irkpo5ywt,1.4949928512699972e-05
qlbytiv3hjilg7mw,54.50130365381669
5kowaivpdsv4nwu7,0.38700522104308654
gyjxcxoxkzi2u2o7,0.0
csxoaav2th2f35z4,1.8402775034199426
syiweavhidra5giv,0.27436373406005143
24gwum45c3iadjnv,0.0
jyaw5f57xhpclpb2,0.0
d2atb2a64jfm2fz4,0.0
htes72fikmw4kjw5,0.0
ziyqwtd65c42xysk,8.885925968688456
cnbff3lcohrt6vxt,79.10264636433656
ki4gja4iypaaappo,0.045419178800573515
gnfbezp7j35ztqcl,7.632588714723894
uuinxtgzzqulj5sy,0.014431527935836377
a4o2ztnw4db43gv4,0.0
umn3eo66bgxal2wc,6.9959173497133085
mgi3rbgviib45mrd,0.0
7zpz4k37jtnvgezs,0.0
unkqk56q25fvm5p5,0.0
kc6k3tyvdbdkik4n,0.0
echjbxhf4e5bdcsi,0.016037005233656157
cu73jz4kq6hev3ox,3.227722002518656
jbxijl7z7vnbapdn,0.0
ncal23b5npqjyy2b,0.0
kb56y4jwdtvefpft,5.3801972036894155
4le634xk552cvcnp,0.0
l62aq55mv735g5bi,0.0
reai54blmshkvlse,26.267226631301416
q5vynnvhf2glah56,0.0
xam3ytuphro2qj3q,12.23001474212678
rn2xgkyxy5zindf4,0.6846654239584123
yhmiehj33stfvs3c,0.006017760956076493
d4h6yopjthjykvj7,243.38143063493655
cwbmkymktyded4v4,0.0
4ig5nxi2smxfonyx,65.23973013163277
32gt642xgkokcrhg,329.0374225589793
n3hhnflf556td4f4,0.0
skgho3vx77rhkgy5,0.0
jn64umikg4hrqs7g,0.0
zwh2jeh3ejdzeb2d,0.0
qdwpa73suvoz6lej,0.0
m4o5zypuq47xlw4z,68.31424086809595
pouxuxuflagn2cgf,0.0
ishuoqxeewjlhkfp,0.0
nher6f36lnlxoza5,237.52160812028563
jvk3rqfc74iji7ce,49.77159974393622
lya6xamirvhty7hw,159.07715513243093
3a7njtzdn75ar7n6,0.0
k5cf4qwg6wnfrdwb,3.1248117908779123e-06
zx6yuxle5wttt42h,0.00944867179380915
ptndvmlulgosdtzf,139.42209460972376
p3yvufbunhr2t35p,81.95125609011745
rplwakaniveotpfe,0.0
4noccj6fuwev3s7a,256.7405805326477
3vnxpsrnnkhudf2z,388.1862357745666
nt6feirzmbdroxo2,0.0
eo6hswx7anbhgyiw,0.0
44fobdgvzp4rbmie,0.0046092314688063905
ejdx7meibf5sedrc,245.6604445596954
52zrpvvxqzstcxhe,134.30833046418752
cj5co2x73z4c75gt,0.0
wbigdjkzpxmfhepr,0.0
lyh6nycbl4doqchr,0.08177758584133749
bxu2l7ijghteyvgo,67.20849563909195
hhfscosyckq3p62m,1.0471498697994
ke56ixbks7nae3mj,0.0
eeemeyr5iiij4rnl,75.10488530767532
ecdrajvaeaaq73va,0.005568406021535973
kv62eb6msctenb73,0.0
52m4tbg6knl6z6dv,0.0
cn4aa4hoai2lckru,0.0
qmm5rzwbhoajko2y,0.0
72x7m24avr5yki2j,0.0
5oivc2nbghkoeolh,117.28542315663807
jeso2o3ggxe7isxc,0.0
e6iseet3e7tajfmf,0.0009008989800218535
mbbf2sqm2yva442q,0.0
ldxgorg4bjqocn27,102.7205441789962
se5vbd25rjhffwn2,45.074706384834435
u53dafcurpjhaq2l,122.53579301101058
wjg5pwmlcnozhhhk,0.0
gmcc4sleqzqnfyyn,445.3099828152657
zbjedbvftdxgiswz,164.61983703007965
gufk2zbs5tdktkry,110.92131350700751
3gywbox3gvtu64gr,192.46830495594315
js4jika6xto363xz,0.0005599127296417938
gcwbqyl2xazy4dos,76.00494917841237
kqdukrn5mo3zgdhd,0.0
ymr3bbb5lnrj3otx,0.0
4hnazkocbjl7ypqm,1.6281663831186928
cndoakgr23fp7xlu,0.010284663029769655
hsna77zvbk6ilm3p,0.0
fxspq73fhpdq7zp7,387.16944488341073
drly222yf7l27tyw,323.66985721688343
tto4zmaxbyd2rr2y,0.0
nqjindhoxmtdkedx,0.4368217537766657
47p32iwdmk4havz5,0.281798187924596
64drupqt3bqbonwd,0.0
cjrwcphrua7okoqu,0.0
gfuq6qi3524ziewc,228.27720735816226
jk2zapq6vqredvz3,77.86855402376719
ad7ruzq4bqquyesm,0.0
lgvm6cgpqzulgh5j,244.51811703860233
22cfxy4bi4ug3k2f,0.5220187450879155
go6yvwozrvlg7eub,0.0
vue35fky4lrt5ged,0.0
b7tjzs5vlxx62wl2,6.81366797412475e-10
pxspm2nh5urgsdcq,0.0
ljijc7eakmfs5lob,64.22808270756605
4gvss7f7zzoeg2kb,356.8992362814017
tnht6yaodbpykv22,210.26279396787356
m6jkbnlzmyra2j3a,111.04764028982311
q25i6c6salvugt2y,166.07627436771082
32vovcnhdloufjtz,0.0
6b7q5qgxdihfslco,0.0004890917772612069
4auxaxyomgx7yooi,0.0
ugcmvyhsge7emx3d,0.0
wbzm66fqlucwzrge,0.0
on4mj7e2ax7t77jq,0.0
2dqxe7kuzhrdmxje,0.0
x2mzx2t2ubuh3def,0.0
yeg4drjd6bysjcym,0.0
7gs7bh2cezzxdm6d,0.00026620196935455337
pqwcuj7limzrbbgw,0.966182891123874
6qmgtcxnw7occhoq,0.0
hynx6nxwimpzidf2,0.0
ybhmade4i544g75x,112.37456924973587
sugxdll2vpn2a2zz,3.29333471807487e-07
gfagplwt6tk4kmy6,187.0909053143105
mhkt7kvyi4vzrvor,69.93206161193339
zji2o6gqkzaoxowj,92.91895127792571
3jzebfpbto2l3rcm,83.74449933600803
n4pgkwmfsvnmsbki,70.16612474225899
vxbgd7od7r22on6u,0.0
53nxim6ve6xxxlta,60.21153390537444
6q3ageisjp34od4y,0.0
k7j54dwlnow5o3ox,5.323536973938404
57mmf55pxdjbccif,0.0
zulh6lsp3uevdvqk,140.17331226540168
exuy6mjidyneujof,0.0
rgm4hffzbhzhsegq,89.48941009398064
bvkfwqfqrcjwvkyb,123.9288056663821
i3gfro2f5poc2a2d,147.42176241845212
gp3kqzdtbr2zd5xj,0.0
tk3f3nlbepr47o6g,18.519398326098017
xdm27djki2kia6dl,0.010981452408446321
wsioth5igemzhiyp,96.71347911077349
u2etxefbwjox2lvy,0.0
2eyiz6j267cnlf2f,0.0
xjefxk53jyekltm7,178.60073692031273
gvra2djin4gp43d4,128.46150186541442
ei2eurqcz7mpai34,0.001263975165573978
le3jt4u2xdypdahn,0.0
3apnbq3mdbphwsrf,112.01363331880938
7rgctrmu2o6orjfk,0.0
4bcvwm3cgamwbeyn,0.0
c3jwvusccyinxqiv,0.0
hsat4afogmbwcv4x,1.1004412529908554
67gffckavjsgnzin,0.0
cdd2julbumvdz3ja,0.0
imairngpwm2s3v3h,0.0
muogog4k4quoflme,0.0
zkt6ba4cb6ushb3e,0.0
xwpuey5xstmw3rnj,53.579958819390455
bbwik5mwwbhx3pw5,259.30970958182604
p5lpbhj3fixfk3bv,89.97745357969865
oi45y4lma3iwy6uw,138.0072461770213
gnro2v3mys7dyzfp,145.20042293781498
lg5yi5ijpm5iacaq,87.90385513293865
7ejdmeiepyzo7z5t,0.0
k2p3u5n6xgjpyp6w,0.15321510965887206
s6owd6jtg2z4y5sd,86.91635178702845
lnjsznjkc6hbubpd,93.77176613771812
dv73rgnbv3l2elda,76.1933831636351
5innknhhzolrequv,0.0
44lh3d3it2qe3nxa,169.77997623015392
bq6daiv5ozhyxbxp,88.57165630187203
tjsttodzkbsipb6a,58.47342390804457
7pd25wucsrwlox5z,2.6768363450385566
rw7t2bpv3qz56ezk,146.8465954500148
374iuhfjkvffy5gw,438.97634157082103
2weg37jhnzkiiatb,0.0
4bopmlgj6ipe7dhl,0.0
j22vlac75pquzynp,5.114582625762554e-07
xa57cpramieyf7jk,0.0
ccanbwvw645yoagq,0.0
76yenhdiez6uwquw,0.0
pucfwgjpuedr3blv,2.1852173881369445
w7meibhu5h4qscw5,0.0
mzbjhrhzeyoggs5h,0.0
5zeajtimv6gv3mzr,0.0
tt7jspr3efxrbvhl,1.8438542129046247
2icopcmgodx5fxmo,0.0
jk67dnlqlijtwrag,217.28096822306586
nbmipeplrxupbbda,0.0
nlyjyszdw6lim5h7,0.0
hxjm7wo5rp5xpx4m,0.0
5r6bm7ie6v5clio3,0.0
5rpknrtrtnzbk77n,0.0
u55pdxbopwz2gudz,0.0
eskmz5u4tsbrerva,85.07139678659311
qdfjyylqvjqbrqr5,1.3881232531688625
nng3z6jegobxcs7e,0.0
s5pke4kfd4toawjr,0.0
ckixvqesj7z7utkr,0.0
hydgfzj57ojme2bc,0.0
3q2tevgq7dukwvpo,41.18648926740686
k6dg4put434zm3gf,0.0
3kupgbi62ecskgba,0.0
ijxdounl7rlqll5f,9.786153883415926e-05
qcaidu2ue3wwoie7,76.80959685601266
5g2de26fxpbbsfet,216.47971734308294
zfp7jmul6udwiozp,0.0
vqf26mcwcsbfnbnk,0.0011937143173728997
yjtqkdviurtggm5e,0.0
67tysllpbv2yp73p,0.0
gwmvrjvypxtxzdwk,109.26967130763595
dbklatv5etzmh64y,159.15646830442967
o2tkisu3f7nv23fo,98.08962330351726
v6yrhv3b3gjk6ak2,0.0003052204266052988
exrthyg4p66xhaq3,0.0
7ccyl3gznyk3wqvh,4.3034484335847966e-07
rkyplu73civsbewf,119.523077202282
sxdkz6vy4fonnhgj,407.7031827214257
tiiw767dxy6ru3uz,0.0
yccqy5itg3lie5h6,0.0
mimmftvwos2qcz2c,0.0
vrrgubaoltldl7tl,323.7215346595158
txu4w2mpat7dd4cr,0.0
pjhoz6e7kpqaiqx4,47.184618796616824
m3aazwp2psf7oeus,0.0
5ghmb26ao3uijrlg,146.08844421017093
n2zcvrza7wes5e5f,109.42695163193113
ccsafoqh6dnuiyq4,112.26617999859243
wztyp5qpw7v5rtoz,361.4693334957908
z74xk5wikdnujbb6,79.90903153081175
uh4vb64elddlxrth,7.5929167613310975
kgik7hxyedckhbrv,157.6862682845913
7wuv4orpej6yy6zq,0.0
daqhwrmed5gskxvs,0.0
7wmhj3du3vdtfngy,0.0
2uu35hrqirjfnygk,0.0
io33t6ntz4gdpwbn,77.52707040403442
gl2v5inulzeporzc,0.0
ol5lhczqc7fitemb,0.0
rlc3ugvegw7gwrpk,0.0
wndrindveqpulls3,61.18646829513517
guollrzdq4btbznz,73.40675792986059
psbtzkv3xtdv7xuv,266.04504942594554
knde34s4stjp4sld,53.55433641475577
lveglicr4myvt2zk,0.0
mjb5i7v2jy6tps5c,198.65979157625864
wr6monwa6fpzvrek,91.0162610403841
7jmjfpamcnesk5sd,403.1897389136547
ufkssukdqlzznhph,6.883380639768912
7umj7ytjq32mckv6,0.0018839100564556801
67g4tuoy3qk2tvoy,0.0
blsyc2h5zbvn6efr,0.0
c7khxma452jug7nt,0.022528318663461284
dk3eabw7tfci6oe3,113.17501463265062
pnn2dkblcjlp4uxr,423.6667927705249
cyxtkbhfcdmptf2b,0.0
6wnteixehmungscb,0.0
xcf7n33kte6px7u3,0.0011881500578937905
ltlmeapu7fctevpp,183.96099541719158
ajqsn67hyswy6mmw,149.4980021860509
va35psrvbxymfq6z,0.00012461703092705572
qawlwpv5vgzebig7,0.0002144295285550196
gujt6brjrigejfv7,68.55457450990377
rm6iisopz2g6e6ls,0.1556204891947745
xhe6asu77fihmdmn,199.60740900060216
ef2s3leurhjckrie,0.0
dz6hdz7yb6dxyuva,0.0
5flbynymvixd3zmt,326.9074274275641
e5m2pny2zngearfm,0.0
23tz5qy2goz2tcoq,1.260829146702211
kisood66bdt3zfs4,4.282165950764725
feft2rje6u7qpjcx,0.0
6e5n63oyxxxy7g7n,0.0
yuout4qt6pisdf6k,176.79009275440717
lnp6uqzey4ss7zri,334.0971527540533
f4n473oo2oi6ldsj,21.55702411288425
yktzpv3rfpyjrofv,0.0
abast5w73ogbr5jt,79.81176359506173
dfr3fdykjlpuz5ze,0.0
aubpoly7vda4mmkj,149.91782224840068
nlpzooajwupyr6wu,0.4223982177848491
ixdpu5qg7dcqfeiy,69.27334321810271
jhruomltmaotaneh,82.30613992368437
jasrkl4f62qhgvhu,6.514738982916217
lk5xxdeltpuavefv,0.0
qhtpcce75btnezcu,0.0040486839904222026
jd7k7uqvcjmmgvzi,0.0
km44jl3tbvoapsdv,0.0
wxh455wnybrylwso,108.09956581963431
gysfaipyneg6pjbw,0.018713150417002344
lqinbrasvhec3ycp,428.9082955307539
7v2wdsfrjlbvmhgb,369.4731607691811
bgqleryaqnijyocc,101.95313256069238
vzcudp4nyro25nbk,0.0016994094750918834
757exxxqxpwmugle,76.05966883092773
ihzqbun4tvvxcs2g,0.0
ahafbqzdxo26aah4,0.22739166023051854
h5ddeqntkl3jhssu,86.31374928072881
jcwnvni33h4egpms,0.0
4s3sxkbaxbw53xzo,5.365830858425943
3nbrcp2otzp7bjub,12.564338827085795
dh54d6ngcsyfnxdp,89.91666097438295
jnhcidm72kh55v6b,0.0
3ssdbgw7n74efxjo,0.0
hnibg4nmhceamzt7,0.0
is2s7km7tcoabz75,0.0014076229993225295
4ll2bq2nwenmeek2,147.34127052721914
3ykzbknwsbgf4us2,0.0
famdca47alao3j7d,0.0
55333p5gqqqk4z6t,173.9226815970612
ydalty5qyd2andcs,0.026016079085335198
4zolfryllkp56gl4,299.443887485563
7k242nhmds2s4pmc,1.3710632108555112
nto7oufi7cv34f7x,53.99490392953164
nsufm6qonhsdc3qz,167.73495258553461
2l6syb2mihivyekf,205.34969604941534
okloski6xuqex55h,57.19160210452216
mhsemedq4uw52vzh,5.362716150836286e-10
5qd3t7gmomzjo2yg,0.0
qmv6endvtvlpztp5,0.005302953425819243
lqub7membrqgatjc,0.0
waqbvdol25a3wptk,0.0
mr3y7vcahgdhmqap,0.09642638338723772
dmjg4rd2yqan2xd3,0.0
xsuoyyxfjzpcez6b,55.64248015474145
32ebcix3tbhrzf4u,143.9896378822608
nh7vr3jrptnv5jjc,363.42539694510947
vlryrwwkyv6akqca,98.74293329353114
liusupsj7ip3dwnj,0.4731996240347055
p6hji6azltli5qqa,149.32508824862788
g6ygj7joqxbuyxab,0.0
ophffmsex6wkgxlm,0.000147129305183533
df733x5ene7wrrwk,0.0
hccostuh4ryesksj,108.91823967200648
kmjkl7z43vhhfgrg,0.0006420551137939631
f4hz6o4svyz3tqwa,64.43275415576163
w4rd6l6jyapbt2un,171.22939819250533
e5mkxc3iochz2jjz,0.0
jn6uq3h57eex3kos,0.0
oevbwbdhk3o75n5u,76.6113666054154
wjvzijgeoy34ttbw,68.48516635079253
umborl33gzi6jb6n,0.0
iud462cslhid7u7s,0.08824809382632517
g7xbog4badg6uhqc,0.21869806619663612
q6eupotnisawga54,237.69140183554345
y5tvptseuweseht2,0.12371104639087822
pprwdmkzgzk22fdm,0.0
dqwwsfvqpdvjqghw,1.1154989730139109
pxedglje76tjpxw4,385.1348059037324
oaewlgjpdiiktsn3,0.33010852014147285
blxx3oyg5cs3c6as,6.590780860340993e-08
4tk3sj34erotczij,125.95993701151164
uwe66sww5qbbjabr,0.0
dnzrhpcl4ye4o7bf,332.3510720653179
ivurxsdc5ps4hxbm,127.95393769437564
es25yrvjhzy5verf,0.0
pmahldhze73y3e7b,0.0
3e3issetiyey4q5x,0.0
h7wzwvf4lyk57r5c,117.51709975350138
lwsn5wx6pfjl2hyb,0.0
ui5ppacmmmp5igcg,0.0
6gfhdpzam7uuynkf,0.0
v5org63lwc4sxupx,95.57846005724454
3qmskma3e6rohdlk,0.0
gcmv67i4uahkbdrq,0.00032769265647964585
e2kad6wbbfaffxme,0.0
muvnd4wfzh2ybdca,82.51098663188279
khm5mvamlmrwgvtu,0.0
ktwks7nb4gshufuf,110.4702903605316
toazcl6fleef2rbh,393.3845905424595
n6hqinrseg5bz7r4,45.88905362401733
behml2jodpjoc5se,0.02878486487977257
gjinmuqo42xagf5e,0.23786524301842554
e57jsim2dqnhrkcr,0.0
x73lwbxab6bbzewn,134.29289013964814
n2e2u3xr36p3cvlr,104.38000364504984
lkpcmag7ispt46vm,0.0
vnasb4754dmmik64,0.0
x7em4bgl4dsrnrqv,0.0
y5zjt4vt3hc2wyax,67.32053484136928
ocnrgiwn67cecbwb,0.0
uvbhukdcjw2x3tab,0.0
aqc4wyhk2rzkrd7u,0.0
lzujvposac7ozac5,0.0
ozj3tqhwwx2jhfbv,1.4788666844656542
3dswg7ctrj6vdjhn,65.8733161109499
eyy2kvke3rsu3tar,0.038785123481722576
5daq3turm6oq2zno,3.2454308141396213
lgipeqi6o5fethks,0.0
peacoi2mi6loq7h5,244.57327783879148
ggoklbtsgxuq4chq,118.92684360096925
j432ppggovxbzi6s,117.6289478839999
ibbpxgfpyn5dynvq,62.00782981895815
u5cwdtbigftck2cf,0.0
5iqft7hiz6cxdsqc,0.6922950523993636
eacrwq4e4ykqvqvs,0.0
qlzsznjxz5ww5daq,0.0
d6k4dkgrcxczn7t4,374.9829278384285
kz67rriggt74227e,65.46727609945793
tj3opkwttjlkl7d5,0.0
5qbxbxb75lqyz6jm,0.008411118250934177
tffgdx7db7w3r2wg,250.20925693011316
6bubl6hcbccmcpgw,0.0
hsals3m5wcu32gkk,0.0
bdetuxqrjvhzx7ak,68.70083731586499
wvziuxjw4lopw2vj,0.0
jfwhrvrrof477sbc,0.0
l7h54jeys65abdb6,0.0
5kd2ws2bkfq62bdy,17.955881632535085
x6daygrdoh6aq4nt,0.0
ve77marru6taz67w,0.0
hwyxaolxqnuuwxxb,127.1616882073572
3qasz6sprugbd6pe,197.2052236984197
zctjq56awtjsi3dm,0.8663846581462576
rhinhez2zl3rmgzx,0.0
2ptpicxwt3qynuy7,103.0797259050116
g6izgqpk32x4n5om,0.0
lzo3dey5dmw7gypi,93.19844870618726
5v22xyxayypyz72x,0.0
7ms2jx4r2xtmni2h,0.8618922172978942
kyhrelpvzow6hdyx,221.75840186478956
jlxpr7clvnvnjo5e,0.0
6ncje4va62ntodm4,0.0
s6klnfwvmgnsgrha,0.0
n5advxahydgxvvgd,2.6412460948252026
dr4cjl44aao5wwac,0.0
d6kzepuzoj3qjxda,0.0001888424798933591
tcixqptarhg2ocgz,0.0
ekgnjeedxwweyqoh,46.59525242223782
gzbxm6hb3gpfcgf5,0.0
j3upmr64urcr5rjp,59.1907480672049
am2ehpxhfdeqqea4,171.77562061400704
aj73zbsjdhxzg5hq,38.610133036538905
gghztahrw7yzmliv,416.0804865486724
7ltydxxpkl7ac4jn,11.155001608780008
hi5k4bidxgtrvqzy,0.0
gq4uh2262qgk5xvu,0.0
dk3rlyvvlbztdj5f,0.0
oz3zp3ptzzivxinq,0.0013024586965997144
dkvwzpzy3bcpfdc3,115.35882121992992
jhntr5rwfxyb44eg,94.42231241092804
4u75fmqy6bs5sw3g,0.0
law66mu3x3ghwv5f,211.0634758394914
i7kqvpocykxt66q4,0.0
yyciwinglhsj7u33,1.5275636325580595
jmzki4gwmtk5573m,51.314860285064
szpyi3zylis6hlys,0.28470731200179145
yjhve5x2wuadyrco,0.0
3vz5seasgm55ji2m,116.55618048243795
mx4n6hb7whkjfae5,161.9410911775455
gasdzknwtbay4xfo,0.0
dxft7ec4c3bajqrm,0.0
2acvbtzpk222xjtz,0.02536882774792904
hr27parxoxqb3nez,0.0
fxd7q2to2qjtnl3c,3.61986710926752e-05
zfnipm2bfzl7rjvh,92.6878029766969
no6chxm4agqb7bps,0.0023408684725168753
bxpjdzmyaokm6diu,61.453329510444604
qvwl57xyxhqmkpzt,362.850875509984
me6syk4wwjblw3lw,150.76560602058413
uzp47fiky35xikld,205.3882613176802
unig6o5rdlhpdagy,0.0
s3y4tipwwpt37qz5,275.9402276888908
qmr47hils5lhrumc,0.0
fkqhxgppzfdmtusx,0.0
bepgpa6mcjh5zz7s,2.8130454286150517e-08
lptfec5nu5xfsan5,141.18985122280296
p5onfp7crlu4bfpi,0.0
m4ac4cfhl437badp,224.74920771373206
tz5s23cew3s4q2wj,47.418674573555435
2ew7o5h56uzracy7,0.0
3un4zetextj64xcl,0.0
zexku2p3a6sz57uc,102.94456676945266
5ybkasr6fjesnzfg,0.0
nhkkwofw7h63ch5q,6.622901597917661
javo6kpi5k5q4ku5,0.0
vw77bbj442lz4y2y,0.014761654315609777
47wloqjazz34r6iv,0.0
fzkqpbv57zgsbfcx,0.0
xucmbh62mho5umlt,80.01156589222853
aq6nmwbfdxd67n6q,67.16996303191434
t7dxdmuzzmycwrc3,0.47540228861585226
lz5m6rzndzyqa46t,0.0014105140458265729
3cx25grglp6soxe5,0.0
qer6dhwvllxvba72,0.037841089265894315
au2gd635277j2yia,0.0
wneaewfnykiolj6h,0.0
j47ccfpbgzou5bye,470.51327529818354
cgcsc63yrjtvnbrx,0.0
tqmzefbksfrif2ot,0.0
y3c2x7jalh2uiebs,0.0
kyazmmfmruoic62y,0.0
xlx2ljlxzwlfz7qq,0.1010177620218508
sjimtq2rliakrroe,140.2855260196741
o5txnyyupo7nupbg,154.43170931975362
aw6oov4froingra2,90.00091718632174
x7v7js2xvhvhb5jx,94.38910222025609
obb5uqrouskkpvqe,0.0
kxepxe3g5e246hek,1.3298543621782356e-06
6fgv7a3whpdtxog7,501.9629106673035
gi646iyjsmk73j47,81.25068666052667
unt6f4ki2v2hdda6,0.3808603700781142
fkytrh75fgdpeim6,0.0
pijf5efmpk4aq7lm,0.0
cjneg252euyjejkw,86.47529661543898
y5bedmyw7mgxq7yo,146.6772991812938
3znko6zdzoyd6wzl,0.0
hny7vvxfgv3oukib,0.0
qo6tzbr7wnn7mof6,0.0
antqhvddruthzhnx,0.025536325603118713
vsaw3jokr5uxnkam,0.0
o3o2fppsyspfy34g,0.0
nbscrmpcf4d44c6a,171.53865474348123
uh7f3mrimap7g7ik,139.73467038443658
6tmknqtkolllu2r2,117.60849511894898
43w7rt2goshl25hd,430.7623577848176
nin4bu5q5cykdhkm,315.19525846996953
bxcoy4p735juysl2,156.87542426245292
2nb2xlm7f6txeztm,0.0
5p74vsvtrzfso3ct,0.0
wikwsy6aybnnxalz,0.0
oxoxsrekvl65d3bw,0.0
fwao4g2jyszszeu4,0.0
jmt5x3hmimonu7dz,0.2727828014330069
6utrlr5ga5vpaae2,15.467219012552741
62mja4u4xejqcj6d,0.0
usmgqzlamzgiozw4,118.71855954504656
l23el3dl3diy57yw,143.21101209039952
annuho4mcvoj325c,96.61976378723008
ib6jnhpah6lbm65j,0.0
zotjqxmujlculndp,71.39815894503471
gxfzi73yzipodoje,0.0
etzawiovyct6pyn3,2.2395939689463966
mf3cxdlqsi2zfqw5,162.04460738127608
37j7pbilz73bs4s6,0.0
hrht2qhse57dnzfa,46.24834564655299
atfpvevqrbhejlru,71.83974451864962
zhbiiv23q2rot2it,0.0011142172214486494
6k3q364at7zg7d2i,0.0
3iwsytsrun6zgrvw,0.0
orjhidnqz7xkmsve,71.73965622599745
veyfb37wp67t4ln7,0.0
i7nq6aq2apa62yhb,129.44576056460548
rr7kpsq34i7xxlr2,0.00028515951578540055
kznkirpg4avj77hq,5.890474006684374e-05
jh4fve7lygcmc6iq,0.0028142902679089868
ut4vwupnhckyet3y,92.80345771163661
hsl4xoced5isccvn,521.8424689964552
yf3rif5hl4l4u3we,0.02129805158638209
iwgxd5z4iy7uzctu,362.2491725426654
aysxe26rnyoz5gg7,0.0
kinqrqinuj4iwaaz,100.08877607537266
as3w33xqam7lkhni,0.0
xkumgnbjzivoleu4,0.0
4j5zonjkuutkzlef,113.93519249846392
2nzv3usaueenkv22,233.40682598096214
6w4se4yvyd5rgo5q,72.60152684260159
jils4oe3vzmo43cd,0.0
hyav4wrtyexqmun5,0.0
gcmpmhi72dpyvjhz,0.0
ufxwcetaxbymstzk,0.0
l5twxgejbmlsx7bg,119.9880983456024
ybsykvwvcgqslvgv,0.0
o5ulqg4lpt6jpc2r,0.003608109992063016
wp6vx2x7nmuz3vsf,0.0
4tidof6w4x2zd3hn,0.0
5mczlls52se4m4wx,0.0
g57gz4icygd7woop,78.24523914036811
qid3ztyoypmgctgj,149.19344909313998
6gzxp5fgkl7whz5g,0.0
ase234f2e4sfj27z,0.004269327463293707
ik3aovmayouy5atn,0.0
2rr5whgg77v54b6s,0.014539853178313116
34t6ql3whaaskkbp,0.0
utbubte6swqg5dzt,0.020294669379120316
duqwdjaquolyllin,104.30114471378849
weoe7tih5eyajgsf,0.0
37obtwve3eiykupp,0.0
jzdz3bi3nagcrpxn,0.0
6luqvjybwyjnq6fb,0.0
3xt2ujbtpmho7kvq,0.0011424766066500396
vtevqkkknu35akuy,77.42965604157207
ycjasox2et65gnwc,0.002093107805689326
enyqc25fmzkfznua,85.22976086995129
yyb7ks3w6mkbrqcz,96.3248845368094
dof7ibnv3wjpyiaz,126.03423159126028
ztqlcdo5575nzu2x,0.0
nbk56vctdbuei6x4,170.2128748799594
gix3ftqmcgwqiipl,0.0
cjksebx23gjbgvpk,86.14234254228238
qjy27twxknbkegin,0.0
ghi5vek27kfx7cft,77.39053379275202
vnhrp4wq6rdzxect,0.0
jdm42gdmi7ht34eq,319.006191731891
av6zc7qamoqtjnzy,0.0
d2xcxxmlysb6n62g,0.0
6fapmq4ftrvz5jtj,74.61656880027225
pf32rsm3nc3aucei,228.1955859356217
6f24wk5nfs5o2trn,0.0
mnc4oz7i5jdwcdjw,0.0
zjfwmcdko7pag5dg,53.6196838350553
zqqjomn7yd5ge6lq,0.8205011118714098
tb3xoduzx7q4f63y,0.0
vb4r6eqgo4zfkimz,487.9681046559549
blnjcclib7ylmjw3,0.0
nsklex73xatk4cjd,101.8223841685154
b23vojkrrxjpohfw,64.15844621181677
odhroxnq6bg3avre,72.57277762332617
5eyuhgrvcvnoyxem,72.9901138546883
5ghvjzdqnd7rpc6z,0.28722304524081765
tdlmacqdpsm5puhz,3.061606523850439e-05
5jv5wmmlz6dgxxsj,4.3302268211027055
spqe2f6hp4hzbkzo,0.0
6zrxjfq2ztrocqmt,0.0
zrqhebzia24b2mjr,0.0
uvhpwbov77dv56fx,0.0
h6dpucy72z2tg6jc,0.0
7ximldu222qirhyo,35.709170294981895
mwuptug46xf7sbqn,0.8695339713450629
4qxvgk44sr4qc4si,0.0
nhj7ft7hed3onysc,0.0
c6t2wf2hoghrhhca,0.0
t4h4zp3tvt3k6wts,8.113654796372522e-06
2k7zremj5liad6z6,0.0
kqy7klvkgpp3iqec,0.0
cdngzjsuvfw2hu2i,77.71256551099628
4uzo3oautposi6mg,0.0
yeiht6kqfpyeumhd,0.0
zy6rwqoklb7zddbz,0.0
vzsmthsjsk7tklqj,0.0
2yl43k3hspisis2t,0.0
duaftvugd6remkp5,0.0
7d4lrnnvetcbgphk,100.04655305658753
2nzh7sf2pvu6zfw5,0.0
ttss6awyyvycl2hm,0.0
4aijopobkvgl2my3,79.76008379526839
aw75th6afzzr5rka,0.0
rfvfoub5aiu2bmqp,0.0
ipk26s32jnrlu7ak,1.7783225020632714
lpotumoagq6vamjv,0.0
3jcbpgiedno5qym7,54.47821829196977
f3rnl4zelvjfk2lb,0.03613665403127474
ldkkpb2wts4csxjq,0.0
vq7rfuatz4altist,0.0
5uxjx4iod3jzg5rl,0.0
in6xevlcddpugtzw,0.0
yrcfadfxaikqirq4,0.0
kumpzbvn4mvjt7ij,84.4994211885847
vo2aajgsah2hzm4q,0.0006074305266838587
uzboeu2nwlwwmaz7,0.0
pqyetbp3llhxvi3w,174.4190663753281
4obxniyi5rfwhi6a,0.0
dwascwz3pvasvhzd,0.0
lbvt7vhuniruvyts,44.58125122167157
yqg2krxtksqhshxc,0.0003354393859496905
wxfghqekq433vnlw,0.0
uzbd7hk2gks7pork,295.68132551232986
3n53ueyjvmwknofs,363.48169385318056
lndjnvzvpxowjsgn,50.96474214422912
mw5wibvmkilhytdj,0.0
elfqgcgpy7lx4gqf,0.0
7c6rqzkmwpcokmt4,0.8721795001114108
v53dmdkdytvfnfsq,113.9824929322424
ngpgqv72cfdajxkg,0.0
cucybi72gywhrdop,0.0
y66zlcpbm3fhycs7,0.0
opiurie4ldvgvt6s,259.71781708606375
qegfdd36y4frcxru,0.0
osyclv5sknugjb53,237.7045311013688
urkveb2u7xmeihtk,0.0
dale3u4orpnczmgg,393.511994934468
3esnofl7qce57ka6,0.0
5tswenuh2frqubnj,72.12767154024968
v2ur4kujs23iyg4p,9.716114330497213
swnxyrresy3mff54,53.46255248448895
uguh2s3oio2rk7fc,0.0
l5gyekioqco5tvhk,45.09293193169025
zysmalmgil23kn6p,0.0
gzcwtpqvrqcyiclc,0.0
wyaavtvlkybjhds2,0.0
sbmgqidswd3rm4zo,88.29007477049328
d5dwsjwt3pr5ziwv,325.75962420227563
447iakpp7ukxkbud,0.0
c4t5qkglqsf4gtmi,78.14975591891479
a5hg2ryntivhmsxk,0.0
6dcpmhnhqmj6laqx,84.01189287272453
uwybrstiu3ekle2x,0.0
kjxa3bl5c5jm3x4l,0.0
mwmip5xnlnxxti5g,0.0
avfwtw3ssa2ry6fi,79.36210988004471
tvqqqftnpvrneadl,0.0
sm2itq66hyzfx3ai,0.016565351218475195
iskh3zi4a36orgky,0.0
xavqzvfwba2mmu3e,80.27746782784736
2a734e5czzwcdvzf,82.42798771574468
ngwodwpnoxfqm6wl,147.669177950007
fevf4xw3so2fphfa,523.6591650494631
pm2n6hgupxvkvhtu,104.46268301790771
n3metsaet2vjqeh5,0.0
ni5jqwebyhrkd7pa,0.27151053644348216
6m3b7agucikgz3pt,0.3997870087817431
gualffi25ucxevjw,375.14302676554087
koeyuh4srlbrxjek,0.006125760349553237
v4zfqcu3r7e4rl2e,498.1985398558241
urtebvpkstffz5s2,0.22104011754839667
6fdud2wv7dxhyapb,1.804649555302761
vkoplkvegdibltdv,361.83750325166056
jkoaexok4gci2yer,0.0
qnaaakpcxzo5i75w,0.0
uqmosz4bnf6jnkqs,0.002465336197719172
fkci55v3c54jkeqr,9.815712097213337e-05
digbxjb5pgsichkc,0.0
fbdh423upuodlai7,0.0
f5jiq23eospsoyky,0.0
z6reg6aoibv5jo3s,141.45778002394016
327tthrxyxh3osi3,307.48396259106715
nm5hhknyfojnn2xp,115.72950153068628
5hulyvnyhzc6x6ne,365.35551334091576
xqnetmb76ez5srco,0.0
fvwtys6zwwlfh5ov,1.2946374775073228
wpblppze4zl73wko,124.07235575663154
662g53sy2bjrsuwp,164.57423707055273
uwqqytaycxhkjegp,35.459258137587014
2tu4bt5bpjh6kxgy,41.027547142853074
vd4gl5xv6o22ivf2,0.0
6336f6ttoy5igl46,0.0
5ybhg2ent43v2nz7,20.328135077441836
i553mp4ctuk7fe2b,0.0
rntalnwv6do6v5nc,0.0
ejdolp37t3hbnhes,111.02793790304607
44fn4zl6afbvouk3,0.0008705625010472343
jxdpjjoa2jkwnhyr,0.0
voey4c2tczxww57y,188.98425236700683
zolu52g4d2wltbdi,115.2002468997978
lubyzxixthpgpudi,72.3321361937015
lgj4gi5gnyy46pey,148.4438679417613
dcnyi67zpydjdirw,0.0004952959193112379
kzh3q3iwka2o4nci,2.6051452229176895
idmuhed7d2hjb26x,93.8445302204353
c2wjodo3ry2xhdh7,0.0
j5dduouhl3xggqc4,0.0
dqttkmytajpcxii6,109.4618691851446
czg3ymwehuwwl3jp,0.0
gdrlugdz3scumb2v,66.53666624747717
2n56frd37ohvbskj,0.0
ns6d2okg6skpllzn,0.08961347541966973
5wfiuhgizon7z2qw,109.738966267107
jahg4f3dmeohs66f,0.0
adrirnu3zf4cuqax,309.4253557556509
bsh7s7e5uittuoqq,0.0
w56sch5oh5vzdojk,436.7191573053669
s57uyuxgk45hnyfk,0.001965131632804726
q7hbs7ppwnynmcjw,87.22162717121198
dzxsd5lgvu7bglft,408.493778858253
7gf4s67t2mo7yhft,0.008900295601397093
st3t56opmfxpinvk,1.6343713616409644e-06
uwvqojwmjs2yqu3s,183.3611499826653
wklycxzu7o22zinl,121.94573339904244
3nucirrrp6lcjnr3,0.0
vbqctkbcnn7vwq2m,0.0
azhpnqihpmuqbcp7,433.4287311571333
fcboo56tl6fqcozk,339.5570080657493
ogzs4wupbrejsq5w,0.0
6qh2c6x24jmaqxge,0.0
okfx3oeq7ufmagf6,1.387930580077202
k43ic7uidwci4i3h,0.0
ckjw7b7677badxuc,107.13728271266906
norirajghepmtmim,1.6302620898771834
pscpwrtbhxdrrvf4,0.0006080259266180139
yxb3pbcdut325glu,0.0
nbwhnefpsopgwkxm,0.0
iy4lk2ygcixqudj5,110.4395513441965
yfdrj6rdz4dc3vfo,0.0
32oo27fjw7tct454,0.0
42qnynwfxj5qqvoj,0.0
xcuedlycizukn4ot,0.0
cqrnx4n5pxlxwloj,78.06821240505784
id74dbemffbxzgu3,0.0
qrb7t3a5iakoiyqc,0.007411618745620956
a2xyxmwmxe6as2mp,181.53513693412228
rkwcjq2oywslde3j,11.608164586443527
djzonqdioo5jgcuf,0.0
66wwpvv66lb2hsje,462.32715036988316
tgjpa7gm54mrwky3,0.0
mcbhe3qotqtd7slw,82.53244644397327
mevnqqhq7gugrtm4,0.0
tvemwgstkf5pldpk,0.0
vi3wd7qwn6r6fwf4,0.0
dlzqatedur5olztu,0.0
lw4bdqtcnpgnx662,1.280783893547854
k6iyhz6lo4e6pwzb,0.0
oiygrczcyezwlyjc,0.0
pawt2ar7kzc2kf5l,0.0
i256xpbpqlyazifq,0.0
4zoshiotjpr3nm2y,0.0
gddpr2ebpjwed6ps,8.168374399866404e-05
mnm4326tyn5rmcch,0.0
aufgqux5c6lwayor,0.0002840280947394117
cbs2eygd2f7uxqlc,0.0
a5j4xla5w47evk4q,0.0
yvw2r3ztnryvepq4,90.85068515291982
3cwhzcnba6lglpcs,58.811392676513904
7i5jj7aah5xjw5o5,0.0
eykq4bh4sbgqql4k,0.0
2szc653lge2hardm,0.0
x62rmwaxcxqz2cw2,0.039136975356378396
asnzefsde24vkk5u,0.0
uez73la6id6i66au,81.73432878795204
uahqatnl6jp3k6jk,0.0
lb5igr4yuk3dmxts,0.0
ir7d7mb42jzr6cdf,2.35351970870867e-05
z5k6bolb2mfa5ovh,0.034802441507830906
2yglduh3w6ixubrz,150.25509042193008
6fi6vg3zmllls2ll,16.46967272626902
hcdignaezhub5fxk,0.0
wh24oicdswxk6bfc,0.0
6yb3e6j2g7wtqjrr,170.64919215776786
a5g4ectwiqbudwk6,397.83007832337
octgvi35ryhsz37d,150.05408804421143
xlvymkdua7pfqojs,0.2455407771016048
ct6shtcoxl6i5ska,0.0
emqmakalwk2vyppk,348.2380348600809
fwdzkuc6e4kmn6zo,0.001429501258684875
bebxcyp6mv4ouvvl,55.74426864893191
wksgplpeuywvmf55,0.0
lcnwyo6y5itzoweq,0.0
b32wwjawfftfts7j,0.2542623211377245
pyeeow4mwhlzzzhw,83.54152457441627
axof2u4e4oajtk6a,0.0
gjr7dlmxys526urg,2.171228560068055
fhogokmo7sltoacg,204.46989792463188
ykppzb7v5ljeayq3,37.844192442108955
6sfon4osz7u6ewe2,71.33173713293017
qkvndfjtqu5a77do,0.0
okom5akaza6pfgm2,153.14706441350916
gzuq32zpe2xpedig,0.0
uadedxvpslfvjlqo,0.0
5sx2l6hgzuovb5dn,0.00041293339607886847
45nnqqixcu3rkznm,71.8911406158309
tcsyofcs4rmsgsgk,211.81000651143017
yyyqsvbkutvdppfn,0.0
caykwyveu256mhav,0.0
o5bfqb4dcavha3p6,0.0
bt6trahck3pfalup,90.89459714017158
m3madaqb5mkii36t,231.79701384338722
e6ebkghyp5pt4mkt,0.0
m2ieyqhy44t4vvsg,92.25102596015813
wk24rdq2dyoskpjq,76.80106397555312
wyp7ycinldoksn3a,0.0
aevwyglasndxto3z,0.1729091085074486
k4fjbnbeew4tg7a4,118.3753123116698
5hr65d42ue3hjohb,0.0788734837783937
jtvdvnrnj3rbpjp7,246.75946083142293
y2wxik5ve7oh6qox,0.0
6vouz63staydam55,0.0
lduawz2shs5y3tl7,0.0
du46rhps2u527waq,0.0
ka2ocdwzji3equ3p,143.88375456472963
dzc6wlov5nbmw4ke,5.456697311264534
j7svo6lvftjmetxr,0.0
46gwtmbzegv2arpo,5.884707909585196e-05
upgrubkxd3uhilmk,0.3606413178414997
5zl6mwcqpncdv3ip,367.60090778920613
w665zdbxlyt7vukk,0.005539991327373109
kl47gqlhz2zgmc2h,0.0
zwuhxfj53wqr5xxc,0.0
yhmsmhc3rm4ayb2a,198.11989930553335
rq6v7nhvnb54y5yv,411.709245095068
hurw7uzm4avrk6tr,179.31679397882374
jd2vxcpq6xfwfnga,0.0
ia5ojynkigz3sren,8.037568651836729
cooxzipx2b4o7m4c,338.38303067768453
e3yxyed4ddgrui54,0.0015090130794020373
k63cl7izd7a5ubto,0.0
mzg53g66odxdbx4e,0.022895333368911138
2v7x7qrgb2yxov2c,143.07434705438564
2gwjvpv5bmmabaii,122.30019680760807
l56fuyyhs2ednzmf,0.0
bolevqm3ujt7b6mo,191.69722461904507
54dd6nv7xa3uj7bz,17.15774837222029
43nbrzjqkjhllg5t,0.0
4pqitgbcrxwxiqvt,0.20267535166704942
wxgzhz6fcxdrpakw,0.06291173383698928
ibodyn4omup53etj,0.0
jbaqeu4c45j4pghn,55.291402681400854
rt6ggql7xiz6z7wk,180.3459578914538
pzht7eae5mujqnea,6.502748585712133e-05
fyw4bqbbx6pl456p,0.0028037556184453685
75yyj22tdabjbxia,0.2988639828427163
putmv6rs4xsb35zw,0.0
enbcv3fvtrguztjp,0.0
zxdkyi7cnmvq53lr,93.72170957025567
5lqaesp5gzrdkhot,249.2987703905917
zryifu5pxesg7rnn,6.404730062553389
kmrckyxhvhrbfgos,138.13305583043763
nuzfria22jbd7l5b,262.39368958936046
fdru3m6ddxu23jjs,0.0
hunk2l755sdhaew6,5.036494596621212e-06
us3lcbm5vhaku5rc,0.0
djw2w6mh2dpoxh6t,0.0
vlb2uywn7odddziv,0.0
7ivkur7hilzdqnv5,0.28184457301274224
vissjqgq5d5iwhds,0.0
ocv3iqgqnletiown,0.0
d4daryvsxfheuewl,0.0
w6n6pnicehj2kytx,9.065875013750292
frsty4tco54mubu6,129.68637703691218
tbwb53e243cmllug,0.0
dttzqfntsqjg4u75,55.27995716263335
orvrhv3lhyjmhi67,0.0
2dluhswpod3y3y3r,81.05144548388836
vkif6m5uspireiov,346.6734394047994
xivwifyayb27izkw,168.4861104972087
6jeuluafzce63avl,0.0
fah6rpckllv6uzuu,244.9763958369113
uudeioh6ie4o6lze,67.42312736766917
ojnvtl2rweo53cou,7.725042794603745
hkqqhkajrnepedqo,0.0
qi3t3vlo7wqp6knm,3.515030765842541
umlc6wz65dzxlaqa,223.62571731591981
saf7uno3l3z7folf,68.06204338968497
kwkxqxacvqp6ibll,0.005302953425819243
oyc34lzosu6joaea,85.2501428855793
smzhynvxe2eoenbz,0.0
ghjjrsc2bi2atisd,0.0
jic3s5qtq3m4nn6f,0.0
qhwkfxjgtyr5ejep,0.0
yvbpacpqtbfhiwej,0.0
cuws7chvyoen2dtj,0.0
kc6gakfsnfuiryvd,77.62590159021389
vswm36dj4qluzvio,188.57204224240644
p645ft3o2aguxtog,96.11992745778448
ezi3l5uh4m672bt7,0.0
qcrvxlgpqebsow4m,179.4618561182275
svhva6surqtcf6qv,0.0
pgb4277zqov4ec6y,1.9934275044293053e-07
rf46ypcbekzs3eon,99.74965891682203
5xarfwthb3lizyl6,0.0
ezskixkuipmbfd3m,86.93664043835075
a63lba6v2la7itbu,0.0
q4a3ba5atc7piakg,145.7315528289049
nm62dyh3inxawcrh,0.0
yrbdhnrchmr3uyb7,0.0
xuew7m7ril4uhr6q,0.0
sjfabp345wqhf3zm,1.5038131547599195e-05
qay5clcphqaxiqlt,299.6689807573012
d54qrqt3r3pecg7a,0.0
k3o7fldlvk5uxcjv,0.0
lvjgxunz43s2it26,0.0
t73tv2rzve6g3aoc,0.00043189026890792695
ug7zwni6macou47s,0.010073990015315665
537ibzghbhi2woms,0.0
kcbkefhbbutacrea,89.41850038287723
qt7vgylufk5jiqfd,0.0
fnjbkajv4emfqkhk,0.0
4pst5etpf3enenu4,0.0
gh2rslxgnwoy5437,0.0
4v6lme5zgb7yzbo3,2.6447882824845714
ur6jrs4amr4nmpzf,0.0
vwhb46iffaru2wq5,0.0
kicc62juajjznwfx,0.0
i3szabzozkhrmyar,0.0
ziiqlc3zshs2shqd,7.812525155212791e-11
oyclbwebs7gz3bj4,0.0
gdh5cujqqndhjhkv,78.21730395573464
5fil4ecjge6nnivj,0.0
ewaxgbiep7cgyag7,403.9381639161004
545u7qgmskmkiuys,0.006419356024728919
f7fq7nwqnwdpodef,94.1788268743402
z5yo35wfqgenicln,0.0
krfko3yavd6fcfsp,0.0
boxfoae53ndn2nw2,76.62642183309532
vfe4c4uhyugmwy6l,3.6524351109670673e-06
c5zahrzkl4miz3de,374.50031455396015
uskyc2sgky2aw63g,326.5684174827983
cp2wckx6cl7o3uug,234.3036682535698
ncweuplok4g2fesl,0.0
oqbqfrdj6riov34j,80.61312601250296
5bdnxdij2yqtjyo6,66.01610960591826
ooinfzsdpuvagu5k,0.0
wufcgynwkhrscc7r,0.0
nnzswnziwt24p4wb,3.7953244604846215
ovxukpfgkgmzxaau,0.0
5oyt2reltzosmsso,171.1125778122971
muno5qhduot2563s,0.11186937526772343
bccsht2tvbzxmelc,0.0
k7t373rlhowergqt,5.996398385516779e-06
tofloqrbbs6hph6d,0.0
3hx7yzbdmaxk2ebs,0.0
7synsv4mx4uug2vi,0.0
gub3pli2qd7zn3pb,0.0
xohzedgbkmqlwa6v,91.19512270117053
b2rog3jhrjtz6olp,0.0
77g5vcsqn55g6dl6,0.03341728474392458
3ko2yx5u4jt7mbfj,0.0
mj5jgjryugawf72g,4.066900894259373
wtlokxbmyg2lhjmn,0.0146792257733547
urdqe4dwg32lj4ib,0.0017041852965382434
etgevywjdopnmtza,0.0
jidvmk2lgvxq7qdr,142.37879758953846
njbzaig7efsg2ehb,0.0
zmofrxxjufuol4ds,0.0017791068551128773
scfq4izqngonaa6j,0.0
qg7qmzkwskx3i25t,19.463490769923688
2y2m4rgmmjzcqznw,0.0
qkjhinh5z2coqhjj,115.11231842033425
57vgw56pv43o3c76,0.0
sbeamuglxadbye74,0.0
md5swxo24mhudkc4,0.0
ity7y6bgyknqlbhn,124.38634188301126
6cqjmahiawz376y6,0.1704043494259794
kut4rqscfjcdtmnq,0.0
dcc4njd3so4utwtt,0.17930813916134522
hlvz27oov3usmia7,4.156407441202464e-06
ql4ila7kto3yc6eh,4.248938903375735
pi6a3gvgzjnknzis,9.43909254725097
2aohbqi32wv3zblc,217.47843360141985
qte2yvz2ce2vi7iv,0.08837391889441006
bj2iaceccojjgcqm,323.18433657527646
337ttoo4l6mb3xxi,0.0
k5vk2ukmro3ss6jm,0.0
fkbskymygelc5css,299.85959472747334
ohpk3tvr4ma7q4az,0.0
lff2dgkd4u63krxy,0.0
wt7phxukpg2zf6le,164.73253666043894
6qgxswji3rqwfauk,0.0
xhkevjplyzldulmy,0.0
uyswfaavbwlpwypr,0.1672711634985222
nmspofo7ldvrmyno,4.521260801791191e-05
pnrt5nosuryiwbqg,0.0
gpn3fumrq5ynrgcj,0.7883528281414182
ucodwcnuusrlquwb,0.0
znplhjq3rwac64zl,0.0
wuglrha25tj46hm4,192.3865556583339
hs3ut6jvmijvfzjv,116.980745744155
pois6zcdwkr3ejp4,0.0
gwefdyavgblmkndq,0.1430379993526982
z6i6tiueqqmstjkh,88.30955267952592
ocsq4fcctshm7lxe,0.0
ncjawtqg3xgegdr3,0.0
5apca35fv3esce2q,243.6962512107414
ocxoezirdexbzxgo,1.1902878338915368
n3oonlcaoylihy4k,0.0
hbzynm474wdw4ktq,311.16075521934056
d277v6sj7flmyvfz,117.10501569282363
apmrhro5es422p7w,401.55283472621977
ilfwgr5hr7a5kkhc,123.83449372949971
cv3yktuxlgnbvqhm,88.86112866678047
dsmfqoiqwr6p2qnl,4.924824065192815
vwlcxtwtffendrjr,0.0
wy73qjjbg3kokqwv,0.0
a4yhigi5qek2lq6d,0.0
uxab56mp4x7esq5u,0.0
5qhiivc7wmp2d3sd,0.0
6bqnwpe3bupwb7rc,0.0
yvtq2nugrbu6223j,0.0
lijfexscfko6zxqv,274.13565805917847
f25btzqlksi4veyu,120.71653559866562
t7eut7ey75sxyyk5,110.23273454527254
6ih3trzxx24v7nqu,226.80308105643468
ipvomsj52x7ny3wz,73.60711466406633
wvo22dksun4tnj66,0.0
eemjoeuzd33ej625,0.0
zir5k655zp7kejj5,4.573854603151451
isxl5t7rlp67qjg7,101.35369801741425
upurbutu7dh636tq,0.0007550244777552403
uu6bbyeot3lllksu,172.366965986538
tujhdq36nyvijkaz,395.76977281818216
tglhuobnlo45cb7d,46.679009275636325
eglwlv5vfqw3xm5y,0.0
zxo3ignnwyvhrwrt,0.01692295666890048
vwrt3ljjcj6cqqoq,0.0
robm6yzdpww7vqn2,89.15468279213434
g3z6ps6vk6v7625c,286.4830960196271
hyeizzvifmxjjnwc,0.0
7zptvnkwbx2jgei6,394.9278084000773
edzedshlbtv7phzc,99.89199001032358
nta6dy6zbxlr6stj,0.004697556204854172
ofqla4ac4xdl3mup,4.175898099535746e-05
vfhtlzfxqfqhn6r6,54.85661005957098
7poc6slsu3gaqzuh,53.804771530368825
je3wpt3ekmv2uhga,0.0
jtqb7swple3ri4vf,15.85857985500016
chr77ig6zvieucim,0.0
xspnrhgdmt473zbo,0.0
hzkogqbusnywfe2e,281.07534434624176
vu32edkdivlaxmau,0.0
j4k6fnkydnavwqzz,0.0
p57itkxn3tsqqiot,0.0
53awlyxutctrtuhk,0.0
dxcoothr2vca4gis,0.0
3bf6a5exuquolxe2,0.005638087053534234
erzxg23vgkuubzo5,0.0
cpgpw4swycksox7i,0.0
6es5dkovlo7dtenv,0.0
z6zfyvis2jodlxan,0.0
evksmfmcmrfelejj,50.526832501997625
xcdsn656omd2qhig,0.0
g2azfyxbs7t7j46w,68.44069318466234
pzxery7ae4p4pd6g,0.4868614530843649
gcljeij37b5642ox,122.47470152493986
g6hzswfyj3eugi6z,51.22686715161661
riyhomsxbln6uucj,83.52658560551689
w56nwd6iofqlxdwx,0.0
tq57jldg26impycx,0.0
eaydswcbawidq6ib,107.8313741072382
ixc5ya5u3rotmrrc,75.03991545079037
tvrzpwhdkmtfndko,0.0
gknp6dhtn4pra67r,0.0
3fvyfkjyrsrq27gh,0.000542937029059772
ljnjm2p2oltsqcjs,112.78654917849386
elgygiwchenoghqx,0.0
imw3fdxbzg4aosdf,1.3752224727064586
lheglxxasus5ivv7,9.318499793631055
6zxiwomaqhiukv5y,453.35275574872816
woi2zz3cdpgqz36f,0.0
xe2kyw2jzfaed2ad,125.20753159770287
6izejwscuenvkuvo,0.0
n6et2prksfexu3ko,156.76139844495742
ptsqqh6bfntkzbao,91.47338454194073
dntfuksgwcfec62t,0.0
5aa33tzj4v7v27ae,241.38821948561502
ogym7myfh56kcqtg,102.51402369093199
rqx6yjflv4omtygj,0.0
iujpskvndsv7xhx5,0.0
of6b7qfef3emdhyh,0.0
a546cq5fxdgxnenb,0.0
dbuelr7clyl3rocq,98.57685385289957
7dctrddol6nn6p26,0.000976360089965862
aj6a6babhkya4qpq,0.0
bdma47nflvvkvmow,0.0
ljfrkl2am45l4gwy,0.0
jbvxpjamj53iehmn,67.2023899439676
3w5rmovpxtwi5ybm,97.20566088202575
cwjkytjglfo6rowc,1.3398251424742507
kemzuav2wznalxdh,0.0
vjplizu4cwtoatew,249.56341266718425
lsozbkfj5adenwb5,0.0
yaeigeggid24z73k,38.679845302990046
nwngfskxcq6hheld,140.56941329579735
jce2isj47c5molqu,72.45277751383954
aqo5gkfdn6usxdbw,0.0
xdxtmftu6a7w2jbb,0.9754761412098827
cugdjme7kxr7lqqy,0.0
og742b2zxznnnu3k,0.0
z63t6w2tvorn3v7e,0.0
vc2bgin75owhdq5k,0.0
p6yeg7dwvkzlpxoh,0.0
pkkudvqh3pzb7ehb,0.0
gdeyap7razw3qok3,0.0
x3v2knnssytfkxd5,0.0
hozb3wxionf7qpa3,0.0
imapxjp3sbdr7q4l,0.0
rq7wcdalstlx66gx,6.931253479478517
zfqujyb2qjprqtk4,138.29579668056635
7ngtefl32tlvdgmi,0.0
mgw3r6dwnj3trm4y,383.3778917874802
j5fnkxnwdgatyjac,132.77429389103227
bnzz4nv6yadhujfq,68.73798896814218
k6ejv3nxmlvcp6he,148.50994495612963
itb6go2n4pnnq3yi,0.0
tpeaxts6brg6rx6k,0.0
mh43bxlqqpfkkk23,0.0
7lpykhoqz5ir4s64,80.80221590143626
qaz3iwj5m2q4p7h7,7.974924930811837e-06
2y6hp5rtsr2mb7zj,0.0
xdbqukwar3cnmfx2,0.0
5wdtrehu7ymnvlbg,0.0003138908408244536
t7qsb52jrcvthchk,0.0
x3yrj5b7v3rsmpfu,0.0
vgczqtnoebnuta7h,0.7151465942796136
bnoek4ghmg4uwy35,212.87928220727633
ycpfe3tfgx7yu3w6,188.8709414432199
rgfc6w2ugg5osqgg,59.68529842636464
u7kjjuswk6ep6ouz,132.58889720457233
b6li25k3z6mhxalc,0.1706502628443373
3gns2w3xr62vdc67,0.0
in5oq65kmiblpq4d,0.0
uubcse6j5w3pm7sc,0.0
s57ht5abhlvp5wqc,0.0
awpvnuu3l7rwjjml,0.0
bepc6atlvpxpo3fk,0.0
gplndzgx2xvsbef3,104.76249390159518
acuxghjjtr7y3zsv,0.1206260530996287
eacqqo3tev6dmhch,130.58819626909735
lrm7hqfegdrl6ptc,74.90272090513864
qmli2x4s4dcfmrh5,0.0
t2x3lcy2wkbhi2sn,0.0025512716150308964
v6h2f2gcn33ipewl,0.0
qe4dt26mvyxzm7zz,85.50914442889524
vei73pnzvzzltuqp,155.15226223006812
6atf7vnyt4m4wpq3,115.47797374755652
cmfrfmmdqbf36evk,46.43891739296837
znw2pp3wqcgcwmv2,0.0
2glaod5wukqhd7ix,0.0
bhptebwjx2e5gwzw,0.0
77prfahvci4q33dq,61.908961980732315
z54zbgdcw5eydod2,0.0
y7b4huyf37sbvupu,0.0
dfeaald5kdop6f2f,0.0
nnrtfflhkvtsraac,511.59842268823496
b64l2sgqdt2khbvu,172.1160159026719
3lajoesc6gozf372,0.0
32kqz5dl6bdrrad2,10.306694346763184
zgwqt6wqqj3qkatb,0.0
xsalvqixaa5zfz6n,0.21525464130370237
gtk4hjzs6vyw4f3r,0.0
23r3n33cvj4kylhr,15.952971329533279
7kqbapm52hw763ka,0.0
p2nhnlx6wwgaae3a,0.0
22rx757mlg7p6hen,0.0
xjjormwjt5ibsizt,0.0
6ckfrjpqjost2tjm,157.13641359482043
xods5nbm32j2v5zd,0.0
zxshpd5kpkv2nqyp,493.1891481055041
nvve6b5h5qgmmerd,4.827229822961169e-05
wzchbgc6dxwki66t,0.0
qjt2zhzrbvohkfd6,0.0
hkbayfvbi5ymdef7,0.0
ihav2ddqpl5jjx7f,0.0
23axfporccmzoqvq,4.045476658083324
5c2q3fizhzx6vbor,0.0
3sgs2cm7uh4txvpb,0.0
sqlacsjepvpwaynp,64.71289554962175
dxlyrdcu5y2cbdo6,119.68902458976609
ccn6ke4huft2jbcq,0.24591992301042184
wrulqwz6jcmtbquo,71.83830103936872
4hcow2nro2a6l7c5,0.0
sqdwtjauhzu6co44,148.78925554242434
hk3wkufgrnzrxvkx,0.0
erbtdnr2vgtxwu2a,97.70597215593213
py6ni3wlalq4nrgx,0.0
qlowv7azclodi5cv,0.0
wknvvf4ajkhyru6k,7.212189866256595e-06
h4wqsyecqet64xyo,0.0
3eoolqvnqv2ctois,0.0
otlkeipzw2wutanc,0.07993065424746394
oqxuwdkrvyhnew2j,0.0
ppmaolvfrspsdhim,2.189462619599449
uepxtephod3h7tmb,2.5158961003681473
yv7i6fqz2szzpgch,0.0
3xp5tubcxbudv3nd,0.0
xlrvsan3dsxjd3au,0.0
kbwexmcnck5xtps4,0.0
vbchyaj4vulbbg5q,0.0
vbjut6ier3ae3gws,115.26784099222019
nm45ahsmmkhgihr7,0.5360954750912856
fzatscgoy3m3ox7e,0.002863836662953709
pjlls3sjauve6x55,0.0
oecik47qikatkkv2,0.0
724tuzxptwrpgoxc,71.46318794210053
hokubxtafp6ruwvn,0.0
b4nxfudhq5e3j4dx,105.61336759374987
liefzl5lcifxotr6,0.4360301079448742
fmwduyd7l67tox44,0.0
k2bu74ijtdanan6z,0.0
rt2kwioy4bqah67t,0.00018200797667298864
msradaotcr2d7kly,0.0
kfpmq7kvc6t2rldy,93.9662211704427
vnfjrrn2oypubagl,74.50341332565127
do2zef2lhp6n4too,0.0
jdaa23fdtq4edjfk,0.0
gvczq2yjeluqfytw,0.0
p46z2cqbjbeznyr7,0.0
tbqyuwyqlx2mfs4r,0.007398988409612068
dscmz2frel2tqxfu,0.06373466147164987
rgyusycj2mxw62ri,0.0
axge7hldpzvprvw3,0.0
tic24mkcq7wl7cql,173.21920336518423
c64lssewe4th464w,0.0
xzwskvq346lb77tg,118.29604491185681
6h6hac6b5dnlsvrp,0.0
ti6lpafcp22eaesu,20.545243476472294
zethlsduo3jf27ku,0.0
7rtnwtwsruggk4on,0.0
423fcjibch4dv3mq,0.0
aiit5rut4jxbbfyc,2.105418028190343
p4ulpwhy2lxxdjc4,203.89238766606627
sfiqbanhyittzfgc,0.10053740718042656
ucvetsfeo35yqgbk,103.90410164357499
iyfl5e2srma7ghdv,197.74303182741332
7accgabz5lfjvyfd,0.0
mowrzfyp2g72cfnk,0.0
rwewdgpyfgfyquho,246.7838125200418
cd6l2rbsiovrjhun,0.01965027288554059
x5nffy6zegi47kx4,0.0
jrwpgko32c5xlaoh,0.0
uqmafc6zaan6xwdw,0.0
mspusrbwphc5nx7w,100.95771697342802
wqqn7ikuaqs32pkt,0.6999141230386081
jwh6f5cpfhiosvna,0.0
z5z5svy7n3lie76h,0.0
kyz3ixhvzqokuqih,0.0
5zgck4bm63t7zbm6,0.0
mwunrhxkrswqstj3,111.15003678408198
syg2naolzw2cv4zz,490.6304238974694
bmh7rmjqfrc3jm5u,0.0
3otnwjvhsr7c4ljc,165.6980675817012
6iaamzqutoxcz33i,0.0
f2szrdfst466xia4,107.17064700364547
gwoopj4lus6c6psc,0.0
cpfhculfcoxfini7,1.3531873120786184e-06
6wjbwz6gzgrtvpi6,0.0
h65sm7rpmtkte6ls,2.909327066325642
vp7hrsk3xmdpxzqg,0.0
inztkaxekv37db2k,0.23347097516194168
xkrypou6g36xlwks,117.95089685582192
nrrayuj4fhmzn7fq,234.5236077803525
uho5la6wvtfplc6t,0.0
vkm334b5g5ddso3v,0.0
e3qjlzfxq2llbn7o,112.99355779955692
7ysgspoqkzenld4z,105.61156039040034
6nosrxkfbhztllhj,0.0
c7iwb47sjmldbxzc,0.19878949834900744
fmdv4gdnw72lro5d,0.0
dysmqrgoqbvvkxi3,0.0
jrshtzfzjxcmo5dh,0.0
unpm6bgdfu2ehux6,0.0
farn7rvld4yv5mb6,0.0
s6yh5sgytbcxbz6y,0.0
n2vn4sh53xmfyuss,238.8162973699557
tvic24wfug4fnhgv,0.0
wtaydtc3ufq5x2lp,0.0
cmt7gkadfvxkt5a7,421.6166212412094
72ydkyvlduvp72io,0.0
3v6wjk2hq2pvtc7f,188.94557566424405
zyuii24ywbt4pvmv,0.0
rvjydfueh3nhu6pg,0.49588204063284913
ocbrjyptcd743a2y,0.0
w6innae45ufp6oq2,0.010295465241915346
mbfevpla4jvqfm2v,4.334107671776929
a3viwl6avlh7khxk,0.0
nez7a5emsount6bm,0.0
7lynr7tjxqzocohm,0.0
5eye633wvefdse6j,0.0
h2hveemtfng5rpyk,0.0
kwudwc43ar2lnfu4,146.40477018453097
2fg7oancjk74k36t,1.5772439155629683
u4jwp72pb22sczve,0.0
nwvftb3igo2tstym,160.30553465123074
efrpa3h2b3kjtckh,0.32053051540303656
forc7svisgnmeysi,118.82008310608691
mfmyftxvbpgjfvfl,0.0
sb24p3xhpeanbgyq,0.0
3l6b3mepriqtqgdo,0.0
6ujh24soeowwty5d,0.0
2enpgwpkhv76jdf4,80.13501249531863
dbyw6ryjo4hkn3cm,125.7814208465897
4clm2wcj3sdbcayb,106.45103184241299
p5l47ayq7azponkp,0.0
z6ed2wprt4dqsoje,8.69385282154756e-06
2twr6ju77ydj2yxf,0.0
gfruwitgwctkgc6g,0.0
nrzse7garjvd3pdb,0.19350374580872703
hkayx4sx3xbrmuxo,0.0
sup3upy5nozhilrw,0.0
5lw4dgczyjhk64cy,0.0
nzraimcg4nklvmhy,2.656448198861593
voc7usrgdfqqbnuy,101.90757365695626
7sv5b7hafup3tlq4,0.0
65cwef27rmwzbltp,0.0
45etjiihz7imfw7d,0.0
5vb674ih7rsksgz6,106.87702264198938
enl6mr4vccpixx7u,0.10054002819099549
kyglncaiprku7zvo,0.0
extotyctc2n4nw2d,190.4193050424784
kier74g6kpk2yby6,268.4687979775682
qema3hpzimlwkyfx,187.0557151765197
hlzcynywr2oanatz,93.79184730489405
5gl3frxafrf6sth2,0.0
y6lpznpvsrvbwryg,0.0
mjdvgxx2onhgs5xb,227.7009456537047
bgew4mgdshsaz6bz,0.0
tvof3borwlk7wptz,13.856818444091143
ytueflwxpxvsz3mq,0.0
ury7l37uyvck2clw,0.0
cfivutfrxxh2iady,182.80352753894266
psnnz4o4arj4h6wg,132.92051735110573
xqlynfyidszjj7l6,0.0
wlskslovstogwcuc,111.05074658217656
7kyduqknqmeg4m6y,0.0
ngogqglxufgzbiwu,378.8685149009358
27gzh4hb7z2tcq4t,0.0
x3rmyb4aiczsnaa3,0.0
eqelpr5gect3nxrl,163.92548797330107
zatxg6c6uwjsn6b7,90.23962722078258
nvwjzeqlcfusmfwr,0.0
5h7drlgszcsp3eue,9.224079656623124e-05
vdfo4cj47wkydmbo,399.5584234393991
ljlvikifkmir7z7d,0.0
wgk45ukmkgq3e4lj,0.0
huv4bfrylm3eg4wl,100.13080524972483
jgyir232ecumiike,0.0
5bfwvjzui3r6ur54,0.0
z2g2bttdexrcn7qi,0.0
3bsom3k5ist3ilz4,106.37827754960483
tslj7banexenu6u5,0.0
pt6txrya6diafsyv,130.03182390302783
qfqndg27657v3rk3,0.0
oyxemfmdhhf4hxfl,57.797334780664286
xr7hox7afjhabf7i,0.012806190693802044
arryu6tb4kkiys54,0.0
beezcroqx4don4y5,85.42622146363323
xf7cmifn4kgg235z,0.0
5dmofwo3uy5neb2q,0.0
ixwvnnun73zebhzl,145.07809826135787
3vljsrpv7lgc4xhm,72.51098515461686
4yoqwhmnkw6nvkye,0.0
nfdruowy3by27i6d,274.6706647333703
7z7forjnx5ejzjca,85.85798873698903
zmmnl4zxmgrwugjs,0.0
jtwxcg5bp5v6mn3r,142.56707452980436
3i6qk5qmvhl4itjo,59.06708287544805
ixd7jqtx7qrwblsf,12.8613033561294
auixzmpkinfktev2,112.55960600743038
ytmrptf37jzwc64y,0.0
73jv6pazrrhdeuce,217.24859553690004
7nn4kkvegudlcwxg,0.0
svz6fkf2nyyomqks,0.0
4bnfdyqvo6cj3wnt,0.0
fbba4nu4viheta7f,135.6346751758316
lgtkozkl4x3uxeeg,47.41289579547692
liwcplnue26sjd6q,0.0
4vvgdhc7eemhnqsw,0.0
roewwk7xqln7z2c6,0.03776244442868557
l5bh6kmhwk6taj4i,0.0
tnmvqjefbqcij7lz,0.0006417831359986212
vqiiafmtqrwov4bt,0.0
z7sntaz5g3t3ambx,0.0
kujwwotlgw5tyxfk,0.0
ewmv5vzlmuqcybsi,0.0
2o45gdjuv7bpcdze,163.69856801672904
q3ctvvqauzxizwzl,0.0
o6zatugjois2zqhr,0.0
vxhlrqpqgquxsolr,0.0
ajvr2tzt64er7coq,0.0
mgjnlnowhntvafie,101.85528893908287
qe5psjps32mh4sc5,0.10619418159169614
vops3fe5jgvbofnc,0.0
umwfllsbdavukeo6,0.0
bvt4znj4w3fun4bc,0.0
hvipb6xwghb54fk2,0.0041376609138826575
lttnovm2d766yafv,0.0
vp7q74uss5yqim5k,0.0
4eaflocj4ur6mueb,103.83440164122075
onsi6plqthkxrzab,102.95611257345459
oeaxsyzeuxwg7jef,0.0
jk5bmgkrs2n6vvpf,0.0
eq7dqunj3rk5mfon,84.09707623546325
drps7eqmdyyxh5d2,269.6904741960777
2r2z4ajscqneafjf,7.746660241097917e-05
ntpgktig5puiwe7z,5.4499272615690275
zjecrvraleav3nu2,0.0
qwpc2u674kiuwmnn,171.58031017532687
wnr5u3mmicnx7oci,90.80760497826023
yzedcedtuvn32c4y,0.0
n5osrazlxssuk7a6,0.0
jbkmed76dbryg5sx,0.0
cwnrppt4qmdkisvo,64.7185661798701
uupibucppxp34zm3,0.0
li4ufgmfhftruz2x,0.17800888640243984
sylvu252conrr3km,0.0
h4ypuupq5rny5vw5,0.0
uyv4zqpmobxrkcf7,461.9953088774928
xxyxmbu2lkpzypmg,89.96283354410569
sav5opflop3raw3u,64.00941785964537
spxopbknwqsta7he,6.421446032736812
cabxkdopp4rr7jmh,54.284099190797
nvgounmymxls6uyg,70.81855018733805
4psadv3ajkhhyflx,0.0
esytw5qqiawtoo7o,1.4463240471662684
e5dundtkqm6wbppe,0.0
lkvkbufxvrwhrzc2,0.010753297004782315
nzqxewuf75bfdgk7,0.0002473288542330778
y2xziesgd33hcm3m,0.0
6y5syqk4sfvfcqyh,69.14379163961235
fkudyvve7zegxcpk,2.4739044963258716
riuurcmkkzxrnfc5,133.93758634108124
tnfkhsl24n5kyxfo,5.164010303280955
wy3lqctptqjrfyuo,1.88799307187797
toogjp4ewxfyisp4,0.0
4to6hkcxsokdyrry,126.4431056536821
lsvwmaixrxbd6csu,57.87903942519674
kolzaiibwrjurs3y,0.0
bwto57mmnvf5yovv,0.0
kj3xa3gt655stkd6,0.0
2f5dsnzb7f2oqwfm,52.31197130767309
a4aa4dn5wvfoddwf,2.745751388798843e-06
7vyofdvogefcgj7b,0.0
77kmbrwawvb3vocn,0.0
uwahvte5f2tkb7cj,0.932003904766497
dl723im4ic4i53pe,0.0
ajvxzmbpvhlzcizf,0.0
c2e6qokuvqvgasgv,48.10747405585194
jsvgfs6efedq27du,153.7528885211388
uwjvhcnpmkog2h3l,0.0
yn4ok44rufkjzquz,1.2341403838579033e-05
iighfchkv4l4c6jg,92.35927722020186
e5yp3ykq6d5muw3b,0.0
bue4445txjs3slxm,93.48774009380028
xzrgtrq57tlribff,0.0
qhohfmiesymspojg,0.0025118287313953365
bzbdatcsjudgg3oi,253.5389397509404
xv4orw6d3lurtc7u,0.0
nrahtgr4yv3ebupk,0.0
fcbpecrtw6otf54r,0.3805411812185245
iadw7janqqkmzszg,0.0
3yokganl265iwkf7,0.01500269091168508
b6d5vnhagcymeclm,388.79418286249575
7gdybmlvwwxv6m5c,119.81012983140806
bfwpawh3p64rnlod,0.0
k2de3pezyfkago34,1.9526759198109496
meovg2g3elhu3wgp,70.58651717381828
dyrtm7rxh2vrra5b,7.135565511703932e-05
rkshmvuamq7fpauo,90.11381760203122
6zeeqwysimwin4qh,0.0
s6glrbbdmjf42qo5,328.3043164084053
ejlfl2dkngkojoaz,0.0
oe6qh2ejdsp4kl4l,1.4197137704612028e-06
sj24lzuzh7dzw5db,0.0
645mjwojznv5vndk,99.02150912544313
o2qyh2pkvjxdhdma,290.1516906074445
aipd3kukeypfrifn,334.0071483921264
paiaatp4glolopnd,0.0
ildnjrj3dc2ou3dp,0.0
fnxo5ti4ikuwkh3p,156.7768448891282
zsxyungge4e5njc3,0.0
pvoslzvujo3pdojy,0.19961085702742196
yw3ex2davkldb3mo,0.26106156211661635
rfmifjkk7l7mtjue,0.0
3jt7zdoinlyxqsj5,52.384279627456195
oovtu6i2bq3lrr7u,0.0
xh2s5z6fdopa2isf,491.25879946394855
xfe6eih5qelizmy4,0.0
2ijbdfnggajvjepu,63.42441175347541
apynea4o34gpggub,52.79449652720429
ldth7pbi34quofka,0.0
ojijxa36k3j4pr5o,0.0
4qv4s23pqmlu4kmm,188.87550701465818
rtu6q2hojehfyt54,0.0
lym6gandcude4qfd,0.0
gfwigpeknzwnxykx,3.3620593764050506
hx64vd7ocs4ujlfh,0.0
3mbpwn7tfdfijh2z,0.0
fuab5qjngq5vrtsg,112.80051329563753
6hv7k36oiaaysvft,0.0
r452aedzxformzpt,205.96077739650354
2ajjzvnyqzxq7t35,117.90533721072902
v7zey2zqwmt44yr2,0.22679553962064805
baenhiwqexvjadhy,0.0
rnac353f3mjqu4h5,58.85846963731598
4c6yu5zgfffuqsx3,80.29288125362925
5gzdzsnstxpsmor3,0.38720526800777805
yorwaoci6xf47rlw,47.307703814854804
zlqr2zf45uakn56r,225.75023672029596
imsaw7zkjaa7bmtk,0.0
apc3ixt4dmua5z67,0.0
nvfvihi7fam3vdjq,0.0
i33qp2qv5qr6rmhg,0.0
uwxztpip33j5ncix,0.0
wbwn63wywctdsmev,200.37845351977427
xh2pquunhw7k6gjq,0.0
6lvmtcgspbor4olz,0.0
k3k7ctcyfsafpilt,0.0
kc2ccoq45zmr2td6,0.0
trmkgzi6dzyhz57u,0.0
eqc4pwfbnpkgd5ow,0.0
hnzrygprqbsddzrp,0.0
2zg3txlj6gqa62kw,268.59597887551354
i2cwt3anqlaei7rr,0.0
owdkrt34usilugge,0.0
32uwf5z7oo5iwgms,0.0
kx2ntuyunonanv76,0.0
5fd6jbyc7cqphwvn,124.33159593957187
6gmwyo3zvrtfkt7p,0.0
amp6lrwmz52lmrtw,151.04405692338952
27f37wivqcjiaxkb,67.06706371313918
vkkk4vxj5uqvuvs2,120.5725595931178
3izt7rfepkey5chu,0.0
ouvae4givo7disc6,13.744848943470059
wvaj7nt5ur6q46zc,92.79657231773444
m5vpdrmnpxmriz5b,125.80675900546439
jy252qehbmqypimt,0.0
na7mikyicagkthmn,0.0
psy4d3zrddx6ldpw,0.0
3e5u7virknb7bgtk,0.0
cezkcvuwj3fhjua6,0.0
hqgqwu24dafd2j3k,71.36965350668518
bj33g3d4z4q3ieyf,0.0
ebbhqirsoge4zv7c,99.63183101317557
tpsdigqhps5jpx63,0.0
gwtgza7v7dat2irv,0.0
7voobq7n4ncckgg6,0.0
wtmsq2me7cskp3ws,218.8807991144161
6zpcjad7zstwqu5w,0.0
5yfrviuvpqezncwm,0.0
xaqtnc76eynacjyv,0.056383221615894645
oedmids574niqrmv,0.0
lchprefqvu5hrg5g,0.0
tjvys4ukc54fme2b,0.0
2qnsqcvbah7nmk37,0.0
jgkgwt7vo3cizyoq,0.11713466908949886
nnass4rnuw6iywda,384.3607897597574
dregcpei6cowuzb3,58.38951419674159
bx4zv55wur57djqw,287.5407683084358
f2ddh4gmm2sbcp4o,47.5328817637268
viknauepet72t4xx,0.0
35alg5mc3ntcjolf,0.0
iztnvvfmbuqnprmh,14.148247099072101
begxbqtlhyvsira5,0.0
mfebosgovuus54nk,0.0
i4rsf4olwxuh3s7t,0.0
tnzdjsdsgfnoa5fg,154.58785243356064
krnd2sqjdmiqy3ih,64.17437214444254
qiz3sy7fx7zahk2t,0.0
nr4y5aknzgf63pae,76.93048739177775
k27ivkcg5guj53yl,0.0
osjndupljyimoelr,0.0
654jks4tiezubnqn,72.48626062441306
sytwjhpozelsk4mo,67.6968825994206
kynntt3y7kp5v2ib,0.0
klfwkflhkna22sne,4.3634814966887445
bh2ia72hrcydh6ro,0.0
tzknnxihibyqfoh3,0.0
nvrnibmr3k6qlj5u,0.0
mr7gg6mwn5nag7sf,0.0
ynxywgi6tyx72eas,0.0
iozqgah5e6ynrdzf,424.9040194269588
o6pvgyhf53jknz7c,215.73244773682558
g5r5fkkneel6ae4y,353.03497183910497
hwscwk7pm42lx7sj,0.0005142007089254411
74y63wtb25feqcs5,150.94743872380118
5lu24z3dbnbbzpqn,97.65241627115194
j6vkjocw6xmmur7h,4.993481719807533
s2xsdlpjxf2xpih4,0.0
dqn44q7ydpnrtmy7,0.0
72oie7h4ge7rkhhb,72.4920890728842
tbigk4vroj2ypb5h,101.39849017228562
ioojckhbn3wh5vsf,74.44138817053621
lf5kjlfqecb4bbwv,0.0
k6bdhs3g75lgr5za,1.5630523554629034e-05
oqyxvkvflkzeurfx,159.25403212892502
tvsr7rexqwaidbib,73.25117350836199
yk2jxrmde2esay6x,137.65542629538598
w5ae4icaigthnopy,113.21566488230735
4p6le7karhopoyyc,220.97617533912225
dy22kgmyhts5r4er,90.83468561782217
djegs3vdc6dedl3b,0.0
ulrvavolh35a5rqr,0.0
jrdbpyt4tbn6bivv,0.0
rbqjrxs5vdngivzm,0.0
5vp2l6smxfktdsvb,0.0
4m757ybjctrv353r,6.104530153744517e-05
bppvoevzsod7sxos,0.0
aeqo2txxua6fms56,0.0
oeu3jcfdctu46c6i,0.0
5lxu4ue5a4azrcga,79.17962252491458
u3qwaq5m2d5qiwr7,0.0
z4n3e5smabvtuc4g,0.0
k2zhw4irej742l6j,0.0
aor66qj2raffe76g,0.21618368755006984
pbruzzulp2lu7wwe,0.0
fdsbt4t4jusvjgyi,0.0
hugs2yfbvozad6d2,0.0
rv7zvivzbakjawq3,113.81899727473436
5t7tdx3quwu6q4mq,119.89383517296855
qd4irxrdf3ir47ha,0.0032253238433092328
pxitnjmmyiamzmbr,0.0
7xozklfrg2jwxiq7,0.0
li22gnmn35lwzfjl,0.00013277870903007414
t7vrac5kfsil633g,0.4153094801448209
7miqwiwfsjwu6ucx,0.0
qajvciqu24xhgam3,0.0
p5nckhqn7zsoi52x,257.90006690079116
vkgvpzw5ghau3izm,112.95855984042393
ezp542rbztneha2j,432.7764071255813
5xjm6x72mqsedj3k,106.14361692331738
3xsp3wwxxjh3533s,203.34156881097135
hopmz2uwyvkt3652,156.45677989997986
kwpuetk3vcolr7st,0.0
c5426tzzqzhavjnk,9.049461044508469
gkbmb3jkbrek55ze,0.0
vuhlvhotgzki6rwc,313.4065111447748
cch7esaizkkzmbgo,0.0
cisto3fnrcbcjuon,0.0
omjn5x3uhp7sx74h,169.64756352806774
ege6tjjxhsdp2cne,0.0
l72y5vhby5pv54je,0.0
sa2ctger5oyvphsy,0.0
d77xiois25cw2rvv,0.0
v6fmh6zkyp52w2vn,0.0
5qwzgzgywyd5drct,0.0
kwwgrfc3zyyadgq7,138.14913030775546
567ouak52insfril,198.53536958066803
aostco2s37pwc6wo,235.1117821157349
htnqhlm3zm2adxvs,0.0
ds7nhhtnvxb4lgmk,0.0
ms4mxvphy7zjf77p,0.0
rrhwshzak5h2abl3,314.4730446095258
2jzatgjjqqdfsjaf,3.6106439575846907
kqdjft4jjrmqtuus,89.14378279637191
cdyfatl2ft52neqx,0.0
dqei4imdbg5kbhrc,201.03140532464445
abs5kvrq3ppcvjps,23.192647780732443
gwafvnd2hpewvwjx,0.0
g2zx5h3loph45obr,0.0
hir5uy4aqnxouo3i,0.0
epsprzdppp4tgdhf,0.0
byusjmol6jjftzsn,0.0
wi7tkg3e2pef5x6a,0.0
3frne7jmdlgb44ci,104.43254219876977
znpnad3dpdn6sc5n,0.0
xxymmssy2wsohgdt,0.0
jdcyp4we72sks7kt,0.0
5qz7hlgtll26zx6e,0.0
u5xs5iqf3p2lyogw,0.5907707136395804
5rvxusde33xzbd7j,0.0
suxt4nqan2a3skjf,0.0
4trqvh4lzulh652d,125.2170547863567
g7jbjyjgvmtafptw,0.0
tybsvyye76zmojg2,0.0
orbppj45dk62yyd2,261.44866724667133
nxm7fbqlt6xs6taj,84.42066914619512
znhdwjn6q7e5lorr,0.0
ru2iuyy3ycvmhy53,148.27072874743087
rjbiehtwrq35ruxq,0.0
sb7ksu64zbqkjt3g,0.0
b6jqxmcvxly2pbll,119.12233248593878
4huzzv5bgcwgbgrf,0.0
2n3iaoac2de7t3fl,1.812661120881675e-05
ewhtlbhjfewfclmu,267.83700809296954
m4elhlfzrqsbahjb,75.40487948671812
l3ksdvvr6r2olwcf,0.0
cfbiqvivltlvb7oz,0.0
ntdrb7rqdgpeder5,0.0
igww77zwryxhnzzh,0.0
mpdgc4elea7mmyeo,1.7745331033725043
uaa6lqmnvogklmnt,106.1699586592058
cdvlkfd2gyukyopk,0.0
fb5dzyhc2aeoh3jm,84.01753228573085
efgtvw6we767a2ek,0.0
27v2yp7cwyslyd4p,0.0
xfhzyipcgddea2nl,0.0
uyyy67efnyo3rueu,0.0013322901370638842
io6mznqjazf5pucy,0.0
5oeoecz6ewrtvoyk,251.94945253957047
a3kcogbd6gx65a46,0.0006030088078781467
qnudciqvnxxm3ttu,114.46678713502763
jdv3k5twjv354fmd,0.0
zfx6m3gt3mdgr622,109.84030945805105
2gyrsncfk5toms2a,422.58147281416086
fydsba67z6oxt7tb,0.0025102688129796506
dilifraoijreyq2c,54.219227423580534
73hvm4hbfxnwzsvu,0.0
4jchazq77jwshtug,0.0
7llx7ajxhnonpl5u,0.0
ypy4vyfg3gzo3wpt,229.90655825174878
3t2iavxgr7uvmkr5,89.67238422949686
uuhz3ttya6n4wz7q,96.31938857052526
hzvo5hyg7v7e2bgr,0.0
5t7i6oij6pik2sxo,0.1692234215662662
2ypkirtsehqrqns4,61.10332031726152
eewymsrr4vttswle,0.0
ic2fdm2m4ea7bf5b,0.0
gbbz5neslurxrnub,0.0
kosgecvl4tsdotna,19.08168420061448
2dlu7uehyevenz27,0.0
ubbbbv2xyslcl3yw,0.0
om633dqysruhh7hp,0.0
ijap27vv6duwi6i3,0.0
4t7boa6k7g6tjps6,0.758107157411953
hbiqlptlnya4wmma,0.0
cqjm2j6q7iy7w5ad,0.0
gz22e2hnq2d43zut,9.653850013876347
epsgdoso3m7222le,39.10337164589854
z3ucanx2s4vnaf3i,0.0
phkfyky5fvdnrxev,0.0
urkc6z2cyf5ild5g,0.4782441407513397
gd23k5goyjkml43w,125.25386955553009
zo7ebuzedmbw5ysm,72.58120696861913
ncd7igdzeivqjgso,0.0
nxyju274lwlhuqrk,97.52044473918215
zyr5ktlglmgxuaxk,0.0
ogygx7yckdma3o6n,5.407360787817671e-05
y532zme43cqyomyo,0.0
n7bixyhdtssfafm5,0.0
kpu5dtkmwp3njmqp,72.21665634218148
bd6ei5hb65f2xnjm,71.07406586270318
byp7nqaeeszqajgw,69.2048151917115
66pbrmzu3onrmqux,169.55518534618705
duf6aom2lt5vgwit,246.24435305880797
iw3acr6prlx2godv,0.0
kuzeq42fa7xt5fvs,0.003264973307746143
itr7trcvcx45zsdm,0.0
un4hzqk5rv2f7z6g,124.5998611893429
ndfprdsker3uyaze,131.77145803542027
h5v53573tmrumetb,5.357689257524367
ipvuo4ooofatqyef,0.0
aukmfalnklotmfso,0.0
tvuper7g5coa5uc2,170.91468353991934
b3xxktrn5e2w6b4t,0.0
6ijbmjupl6o6mcd2,0.0
ekqnigwykbldnuc7,5.772730764073321e-05
dmmr6pylmbypdsyf,0.0
je62pjvbzwhbyafs,90.4723786079409
zq3ec23rdnhxpmk3,0.0
qcnxzqmwjbqv3xnp,0.0
ltpxnwnp7kbap4r6,0.24413852837028205
o3pcsff5ua33vdw4,5.558128398322305e-06
al4bxtmtsmmfew7b,0.0
5umc3dtr7gxt5g5g,0.0
p4vkjo7rcger3jap,0.0
x2xg24vnpo5dns2o,74.72769000414132
kqzil4266x7xyt2x,91.74582903310295
sr5eapl5utzf6f23,113.94141921165019
yhgz2k5klriaiizt,0.0
skeymnw6imaum6t3,6.005539126342361
y5wxkuvo5ynklk4s,51.779644248326264
3k76l67vujogmxs5,5.295122884167847
pwngfu45a7itzroc,88.1896465126967
xxjonjlw7x2pl24c,113.7229316176003
xqmbhmeer5vochp5,73.76040623817127
3zxpdhy4xn6gr7n5,109.76913156350011
rqhfgnllk5wnwomt,0.0
6kze6n6orxv3y3tr,0.0
ow6dqert7pzhkca7,98.08130512208079
dn7y6m6rlkz36rek,0.0
jr22de5vvglixge7,0.0
bvrquekujcc2pjw2,263.62459820135024
bnykda3j4hjht66h,0.0
5kx2fw4rhtkpsk3t,0.0
g2ommwnsa643dpqw,52.250263520186124
gdelcyb7wrjttqrq,0.0
3umcj4uiq25ypg4i,0.0
6odzd67cgwlniqbi,1.9229685312931317e-05
4gmnqw6rspjgjgse,14.226006395397192
2blhlhxqbtirrpdp,165.58891359018492
wet5zkjb4szzgsrw,118.94908696063898
iahoeaxqigqdlmxx,0.0
cfa2qs27473iuksy,56.707193339332235
dgi7edcr4ejgmja2,0.0
pwhnjznerily6huw,0.0
lo77ayfjryfbfb76,0.005290652558432315
6mifkps6puuuchaa,5.359054808514167
le6pe3ebg2a5eolj,0.0
n6rvh5vtpn7pzir5,0.0
ym3vywjdkthmcbyp,0.0
cxc2itlwxs623bbq,0.0
lmt3tsc7hw6fpbos,0.0
tucmf4joayy4pnar,0.0
3ny5fg47h3cbb4pp,11.98994506657703
jpu7sn2wphkmcprm,0.0
dfewpukujo757q4u,47.0751982357448
nuieyxke3l34tx77,0.0
cv7h6j7vl553fsvw,94.578410610036
7l2avbmks3guc6w5,0.0
l6fnu43hdajz7vz5,139.21957826374023
w6r2rcsgujsgt3ma,0.0
xwbsfy2esh3bc5ms,0.0
vccaycxuokmqhet5,74.81628483558033
6ld6i2fxdbz4onj4,7.865577078228272
vytb23sagzsep2z4,0.0
pbtgb77oyx7wuo6d,0.0030764757310112363
fzpfdzjcdvgs5h2e,309.2093783570323
wpmm2awiyzkyrcye,0.0
yhw2wyhdib6wiu3s,0.0
6rhrcrc5fbhk35s3,0.013420193428981451
ccwr2ll7fub2fe5l,0.0
lu5uec3zikaeb5ec,0.0
eyx3hg55kop37s7h,0.1048096255365387
rd4io6ouqn4piud6,0.007663353575814218
u63j4ph3at677oyh,0.0
nkatlrnagyd77v5a,0.0
3vwtux5gus2j2iyy,238.63766982596124
rbpbwa75mvazcc5e,0.011551436486823219
4lyl5hqtlksmqcgq,0.0
5ghf57qc54z5vrac,0.0
5xltiklqamyy5nys,63.44081364951411
57fvwhltupuznhqt,0.0
6xnbzj2rtudoc236,233.8315237284175
dxdgsxc2xovnauyw,62.15037951826588
2s72t2hzgqwczxbe,70.65604516648852
r7crgibf4pb2txnj,0.0
6s53rz3hpp4hyacn,1.6834167180342786e-10
sjtxwk423o72pgl2,2.3065883882380214
t6u6nby4rss76v7s,0.0
5b75syyjnhcixwba,239.34324485107845
mmmc566vsmppeg5f,119.2895080328957
4ec3den4af34d6fv,16.35093260237323
6hk6clasnylpn7sw,127.47829891559272
xfw4ar363fywvkd2,166.18454764784673
oxwfvfxyk6trbrft,4.6067204559197067e-05
zt5m42xuzagil4m4,0.0
jnldjywwkghgn2cw,0.45771534859036866
l45tquxyt65r6hup,5.4276529352054785
ph32rb47qmzzt5gq,455.2779685196107
277iijfhb3rxoysg,0.0
smy7k23ijzznndib,5.316916201150463
qwmwjxrbcnzcx7cz,0.0
dyyep53t3vhpklns,0.0
zfdy3lxjze4alzrq,46.30254899499228
ielose7tvn4zlkp2,200.5340363626534
by5nngdjfu3bpvlz,0.0
aj2qoeozazsr6vgy,0.0
uj5gqko4qwr5qc3r,0.0
j3rnfy7wkcyfac7j,0.0
vi37ngkg4l6ubsiv,0.01852306761480565
nim7t3h5go6lmtxf,0.0
nnefy4gssbzzv4cs,0.0
s3xsand4rc3ngiqc,2.1239468679553688e-05
jsmal3qjyiocuicz,2.711196451842482
kh6a22ov2zyet25i,0.0
yhpk5wsx7yorwmau,0.0
7fotsjnhpjgdffgj,0.7240425171046838
jhu3wxzep2rilt6x,0.23083188010385328
vx34hgfpc3fs7grf,0.0
xh46gw25bs7y5eio,0.0
jhmll5rqullazmh6,112.80078035343271
sbwyn2fm6z6qq744,0.0
6hrg3qtt3227huo6,267.48907246804356
yvsp6omysof3zycb,319.9780000206673
owjh7qzjaq4ii7uo,167.15093618787756
7balsswuzn2juvgh,0.0
wkq43aangtzsauhu,95.58980206503482
amzbr5bapbiprrf7,59.136747554843
u3jnvtwqun7kdqje,0.0
y3s46fhvukes3rrx,0.5009657122726398
lbc3sv2ngwdmimoh,0.0
d75xe6yvvgswwxsu,83.98778657502409
7mlzgesphbtuchxg,164.95378468218308
xag5p4nqnj6tx7rm,18.812003416526128
2jlhapu72tej6qcf,0.0
q7fwb424hbbab5me,0.0
egocc3jvr76tfacj,0.0
es2pcxhjdb742bv4,0.0
zkszj3soqezhg5sq,317.5504581796354
nqkjitjwswe5akjy,171.58351200029762
l6vtscshh6u47r3q,71.07935195990227
7e67ideb2dtwnjcx,21.199492777712724
ioj3lem7zxikydv6,0.002170804895403677
xbh4zscbovf7fd2s,207.29989645206575
xs3uv7oygsy6d73c,211.74770616216898
emglork247ict7qu,77.99044052520503
lncjpgqzp22dv6te,0.005596929188091109
nmcfaacgpn6qhyab,45.6439591602531
q5bkssh2ooaftrac,74.22359532837443
fcla3b2oz4yyoawh,0.0
5cridz6qodiz5rhi,73.96791043552986
7p3s4giepwkxmimu,0.0
npnonxnhp5ei667h,0.0
oscoddqrduza6rik,0.0
dkgu27ngwchgxuw2,0.0
cxv6mam5qyy5sstr,0.0
adkklmn3ss3xnsjk,0.0
esfbegtalid7bojp,0.0
6udcnm66czny6dcm,0.0
avmgwo5xvb3mc6xf,81.53641473404645
fwhvdokggiuwqpxu,88.24145072718031
tfmemqio27ap2h7t,0.0
uzg2vv36447w4ape,107.22034967944673
vkjeuufeecsiozip,66.57443075996845
5xhknvolnltjadjp,0.0
y7oqmr3lo3h6tkvw,2.5387967480060865
zv2tvsphchrbegzx,0.3411389152025464
vpkuz7w5ndqz6yxb,0.0
hheib4jrd6dyqphb,0.49292358366703565
qgkktbpkypxdohqu,0.0
u4c3i6okhidkdem6,0.0038247664450593998
pr6p3deghs6d3dyk,0.0
h5bawsxe3v6ibjlw,0.0
jwt3fbbdjur2gblo,198.67020924345144
p7spqeqzcgbhtahi,0.0
sjv5dog2yfvfcdea,0.0
zqwukhwjh4uetqcr,190.18361830033
oz2wgh362kmpy5tt,0.0
22pnngil3owuc66h,0.0
hbxbzhmxpzknuev3,77.56956134680459
laomf7sdslnrwgtv,0.0
cykkewqs5yeixzwu,0.0
ireutxm7kfzzoihl,113.74056185149381
ftmgwsq26xstji43,94.02311213614718
yvqjb3qszzazop5d,0.0002473946150246401
icemuildurdlobja,0.1929767889557107
55tdttgpuhoiw2bt,105.3721302541453
kmbaiqwzc4rzorkj,140.60155658163882
rm3ykq6kb6fy6hss,0.0
dmvfltppcnvp4xyh,87.73363594016442
kxlhkas5zh3h3uee,240.54182294519723
2ulswc56jy3beyse,0.0
bfbj5qqm3urwpbon,0.001429827015659936
areycnejjjex5vgz,0.007981025705753935
kxg263ryq34dzuk4,94.5493131653065
7hrzjf3kyi7msgws,183.51427874896115
7qn56rzkwornbyuj,0.0
wlbq37msnifh3fcw,93.32119072289865
ofihajs2kpvvxvsy,0.0
hlpgp4n4xsjiwlad,4.47589240887506
rnw2bh6ou4vn5qnb,0.0
wfhlxsp3jxb45tx4,86.20831247695517
eginbrjazw265w4z,0.0
o7bojhdrztc4zicf,129.40651006864616
f2hxo6ks6xav57pv,0.0
sadqli2vfvdbcuzf,0.0
zzkbrsyitphypvhi,0.0
t64dkdpmol6rftvb,69.86656151379216
5hzcnf43ru2o4zsa,0.0
bzivjbznwhqvjw4a,49.84344894905376
bwhd3dfdhrg2jiko,0.0
svic4rd3wgcr7y3b,0.0
a3xrlua5mjprm5qe,85.74679636624961
6qncrryra27ffmt5,0.0
uaxricqz6cec2vff,49.94934366379957
k7qjjjril352m443,0.0
lllqcxxlo73cyaso,0.0
h34dcy6lqgw3ay37,0.0
xn2n322u7nj3mujk,360.19156715256395
xptmvskkuzvu334k,1.0052639526571667
bkpjk3vudsovmysv,42.62238140584535
wdv6nixyh3kq6bbi,3.131417104048719
wj7ueuq2762f3vjt,98.32960462494583
khazmhnwt6q72wjo,59.50653076505445
3ziaapsytbvc5uho,0.0
2adtqlgiu4uaz45x,7.784035616541829
id7ehxrlwxu42pme,0.0
itrenvnwiegxdu3a,74.93158950438485
cu3w6dnmarl2c6tx,211.48819020020528
ismrpqyhcvhqbdqj,53.47803232522404
lrpfuujibo6jt7sj,0.0
anybsz6tctvjytiy,67.15170273166912
2rtq2ul4cngaj6dc,0.0
etpacwhtguluudo2,0.02616789287511805
oghn3xq7stkh6dov,142.09905094016312
6xtk5wgh54qgqk3p,0.0
rbwk5lctzlcw7lii,0.0
zwpamgip2jypfixm,93.38378417223788
v4wg2vqk3no445l2,0.0
aslbqjhahsqqv6w3,0.0
mzoxmx5qkrrzm6u5,0.0
cns4eumq4gycyvsq,0.0
2bfidvlcybbj36jk,99.87920590355824
w6bwbby33lorwyn7,7.898308143488852e-05
ake5nr2j5rulqziu,0.0
37etmhlztyedx2dg,103.93408411585936
dppvvr3fojwx3le3,0.0
2slt32udfnfu5crf,0.0
oizpgsn4nfsvsths,0.0
62m7lpmnk2umwco6,0.0
7og5c5d7y37mairq,0.0
3ebizvu5we47cnjo,0.00471071221785509
mlrbxibpj5sjq7fy,0.0
te5kjjudqzbzy5vj,0.03282103156230973
53m3v4rsebghkytj,0.0
cqrw46nakzqpsqiy,0.0
b7nic7uvqu4lxiqt,23.075201260235517
2fccjwgvepxiselb,0.22300534684970943
vmx2gale3wwd2z4d,0.4440467443242842
pfbuhih7mb5lmzk3,101.51074570434042
aumlpif6qodphzi2,0.000592172371440381
z5deymokgjupidif,0.6071591365263677
nqj63uc4zk5sbklk,0.0
liykcbaew7ipsymr,0.0
7ubqofvxhpoia3ik,56.132946418139795
xg66fwsfbnccerod,0.09447515376187368
k4xjsxmd6zbokyvi,214.56398725720624
dm66otlnbtl4aoib,68.68184101469367
qitmhmxco3hucuko,4.071397019421603
qsxzv6e54a2ycei5,6.241027651312448
s67sj5ak2uqhcbqs,131.2580928689658
didyzdmzlg3kar6c,0.44976661208795377
s3m3z6xrchjr52i5,0.0
5fds47ulkzplecza,50.848681398846
iiunwx7azpvgqdgc,389.3555507560128
ce3usn5tiai3qjwt,0.0
hnfevcj2bz4nln57,0.0
dfhd4yxbktl5md6o,0.0
mpqj2im6iqkxmr72,65.10463248925937
rip3rhzhsgbxlalk,88.86671200890211
7dd2wwf63fqb5qzm,0.0
atdm4lyprul5m3ux,0.0
lndxylsiitt4jwbv,0.0
6ok4w3u26hzmhyrr,0.0
ggkswfmugmnc3ake,0.0
mrbohjdoztwisocd,0.0
45jibbkx3d232mz4,0.0
shhjmyls3tjmghcq,2.000761308354601
ckqno67dywt5stp6,33.594689518952194
t3g2gv2ztyj5doyg,0.0
mzhwp2spwaoa27h3,0.0
ghzo5ggl5rq4ydbx,68.24865760947432
rs23gqdhdsm5dq46,248.9970975523584
ydjzq6oaswyn36fv,6.15183610580153e-05
nc54ivvxadt4v4vh,169.99808099561972
wtedssaqbv6nwicg,368.3847730539677
ti7e4vvkysswu3pt,99.1300038301587
ofrplp4fvl742b2v,0.0
y6nmhnpcdf6tdc3y,0.10135993201309614
gvr6sv3xojhh5u3p,0.0
jwcffenkbsxyt7hb,0.0
l7vrmuk6ap626ukl,0.0
omp2x5mxitwxg6r4,0.0
bvuduir7fa45yylb,282.77960876971537
uf7hspzo3ayb2mdv,107.67560666623532
bvx44372u75tgnvm,72.64495057880342
qieae5inwnztc4z4,4.249828088552727
vikwugyvxttt2d7y,81.91529005010408
2m2lagku3lx45dxk,94.15679260085145
3du2wsk2wh45nwig,98.67094686238133
gk2zuyfkwyx4fuuf,0.0
pdzcsig7duoobed2,0.0
y7hcpxbqdsimghn5,0.0
xgsfmarh2j4sffe2,72.43762376235568
xjhlugos444kwpb6,0.0
elwypqcwrs6jeqro,0.0
g23yg5qc4hu3ogde,0.0
vyh6atbi44pr63zn,1.2633642917871866
szcatq5ucddxripy,0.0
pt3nwo4gwzwwbqe4,151.1624877283692
mxafmpenh6uzgoxn,0.0013864712488996214
th7opz57xgmcyvrm,77.45310217928497
ymdstec2f6icjv3f,326.1178991790191
ydrwm7rat3ehsnrr,6.481646499712062
kolpxpbfeaudrbee,73.67547013654081
j7axaah456oxa2da,2.752760906110042
da6rxz3c6idgki27,0.3162535103735439
7ojjd4xnipo5lm6q,0.0
lmtqq3pwxzdjam2i,0.0
fvuw6a3zp2mjb7nh,88.99220267868395
7ga7kslxmibixvwy,0.0
alpkqxg5y2jyzay5,0.0
foti6g652gxsy5dy,0.0
ynfjnfjsouq3lwb5,136.7742631718462
4s6fd6pysushcpmb,0.0
jnaohgeqmyvdbsf6,0.008269877644997745
uovjot4e5ynm2rdg,131.0020051581941
jsdr6koij4wooqmy,88.92081160328124
qfkvrrcel2yklgp7,152.70664442672563
ls5u4psy4ggjaibs,0.31111760714945613
uvjoqgljq725gfjk,0.0
qbogy7rd3eaiwii7,0.0
kxuifm3cyegapabk,0.0
ujvb25wi5gbpik6e,0.0
ftetibork43xorqs,0.0
7i7ghnyouapwt7qh,0.0
wcjydwlutcy3vspo,0.0
gne4zxaxw6nafdz6,0.0
xivy4sbc2p7vnzbn,0.0
lnkaevtyf3ddmnrt,6.281946060181906
y5kxozfyi6qd2l5b,0.0
v2spd5q227mtm367,80.58452673968321
i5eh5gsyanz4ingp,0.0
uivomjxzydc23dcn,0.0
gdqbbxmkvvuoiv7i,0.0
lh7oh72jyducrze2,0.0
6lhqzfar7h2qteug,0.0
gfiiciug5j4izxt5,0.0
cz6i356dtyyc74so,0.0
skc2f2unjermze73,0.0
dkiymwbjtyljhxf6,115.4752996506831
6s3vpipz5tcfsqgb,0.46483517802133234
2r6whr567mw6pbvp,2.498207454211594
qqmpbdekeancarmh,0.0
sx3mqfbakv4oakmt,0.0
qm3otdbhft5snuwg,0.0
n75hbzzmwvbzi56r,0.0
icxvqvc7qttfa4qd,9.683353506449583
drs3exvgyffgd7dq,11.966110338812015
zm6nlvqzjdfoptzl,0.0
tx34qj2iq25qfy3j,0.0
dsykx2djrlssvd56,2.193890785327089
czifwutkvb7ta5xr,0.9965949716277024
dpzdwyftj7ydfnua,0.0
52hdhiyjuof36ev5,0.0023526767539308107
6zkonhsa4hc6qjht,0.0
nd2tqkhtmyj3xptu,0.0
mra742ct7em55ux2,1.4468992357378838
hwzpsrmz5bhcqvra,0.0
vo67x3tpt7sios4u,0.0
64e2klpkfh5iyjvd,0.000822317995959406
7y23ns6i3zx6abkb,0.0
xgixtbbi6tlwmxdb,0.0
cjtw4niadcznhhil,0.0
pcfcl6oevdylpfgu,190.1007156975952
4n32gwyt32nyxvln,53.12789461524666
jbovvnc4tkw7pa55,4.141605405045715
4zvgebzvqixn5gnq,15.705270942075508
elefzsd6he2fxf6o,0.0014242864876347974
benqdhuvg6k23tjl,40.832753057959266
e2ljgeghvnun7mji,2.8491759755815503e-05
4jddlcwx467ia234,304.03067729979
pwwqdz6gogwoxune,0.0
ogalf6ipidi6pvle,0.0015431848670862914
nboeompwomdubtlu,68.19130150742397
3fjqognzqgqzi6a4,18.89271972306785
si36tdwfmtpfee4e,45.445090616970134
r42zxzm2hfsvo7hb,146.57605751336354
e5a4pzsnkhsxpiay,0.9867470672375914
dfpkpg3ztpadah6g,338.6886546200406
cstqamwvpbj6sqn7,0.0
tjpima5jjil6rrc3,0.0
lm44kfdy3wmn3b23,0.0
m6rat4lfsfsuyhrd,142.6770198097288
t45h7mezqbdm5lha,0.008474636031933177
du7tvblvbblipgk2,0.0
erviw4iqapj632n5,1.5148343978364065
c7pzznbhgjttdnh4,0.0
txc3rwsmwzhwzc2n,0.0
7hxo5cu6yeiohp32,89.0153027853242
532b32idgqvwbdsz,0.0
5mkx7eoii3czzenq,0.0
e3ylabw3qverrvt5,0.0
x4xvf3s47zpn7pru,0.0
onp6puc63jutiusm,0.0
ycwie72zdaufbay3,0.0
fdkhnwbv3lamllti,483.5630915630535
imicne5dwngndauw,7.121660365916312
5zuzvnxrnqrbves7,0.0
utsruauxwgzebmzd,0.0
h3qu3ugfwl7sbttv,0.0
gfx7u673eej7dquw,0.4068168057740304
xmiescqlcrrny5gf,0.0
3u7wurhg5kalqlwp,0.0
hy2nxbn5fwsdd62s,0.0
rnq2kjoethox5cgs,0.0
zowhmwcqkkcnkllg,263.4283080806316
b44yyumgtihuhsi5,0.0
2myc44tjjed4iyod,6.525501705959559
l6z6iu7dsqkqouel,183.95001080403352
vjcobfvetxod4lq3,0.0012390722624173497
hap7roga2rer6y2z,99.65377818542103
sgnlkhwnbt6zupgg,111.59820173416989
d66cifzy67ks3zdu,0.0
4s6eyxugybgapnew,0.0
uiu4saqaaoqmxymg,2.572731006926049
2tu5gze2vggbxiyl,0.0
4i3avrbldzwwlplc,55.590834858645664
xbxxkvmfo7sj57pk,0.0
5hhpnor34ojtjtfr,69.57924509245674
xucxjjakud6d364e,0.15438471226136746
7dn23piltlhn6xjx,1.7876287613000756
kgdezsc6louumczz,0.0
h22qlyfrgcrtis5i,143.35326038109335
ol3qllasrjhvrkxz,263.2127442697324
fpym6aqixleeyno7,94.69938880736896
pja4wlraypcfu6en,0.0
beoffti3yuaadmyy,0.0
43wzrjehxs4pploo,0.0
nf7yryvtljwfnqt6,189.46623839656186
d7vnkloelmzaz46y,161.27266239598413
67zgmq2q5tyd4cpi,133.75908781940598
ug7nukibkwp3jc7w,50.83952880278587
6jz2osl7fd5f3ehi,193.54432744061614
zwts3cpjrqbzg6ld,111.22385296102233
v6mgizpwx5xwfotj,0.0
egpfoszp7b54fqhg,90.72270442579767
exfl4mfgfks4smi3,292.4055151579906
xynzo5nzpzpptseq,74.42949707818843
vvytni3cwwvncorc,0.0
uoszxbicve2mq2lo,0.0
i6juapshbttlrk2q,0.0
44wpild6zw6gbbeg,0.0
edpn3r7lg3qcmnin,93.83507362752869
wp4ayqceeg4pxc6k,0.0
hwborru3aud2iei4,18.540125815063394
7cct7dtj3xaeycds,0.0
lvv5rlz6rfbpms7w,0.0
k3psppym4ki7r7fj,258.73554962810005
mlug74gbkfzmi6wp,74.85968249109158
zr4pho7s376kkuw5,0.0
toairbyjmm3b7i2o,0.0
kn4hdnwilvst4oxk,0.0
mf7oaiafic7qmc7h,0.0
fzu6shkz3apmmfgl,0.24425649752198428
yvdsnrjf5vx45yve,0.0
jeepydbk4fare46a,0.0
yko47bkgdpps7oqm,0.0
azc7jly27wkbdj5m,6.454603058968553e-14
dl5woysa3movzfw6,0.0
5zwzqcgtjnpj7tjj,0.04912620110078004
3b7otqbw42br7ydg,0.0
mmplmzaaz2lwv5pi,0.0
fsblxxmmp4aumbah,0.0
zo4gn6znkgp2vfhx,53.4692104100495
vb773sovi2qu5q3j,109.20602625895647
gyhidmj6szagcpbg,0.0
ewnpombbdc4tranf,0.0
vlf4znjiuqfarxu3,0.0
gcgb5uspzuvoirvs,0.3064209575336766
2udwgymmklqwcv2p,0.0
jkkp46zqwjfzciov,94.85391353056778
dh7d7ouajxtqriin,1.22288117210007
w5x6o6guawipq6d3,67.89222597900283
jl7pbjk3jo4ufmib,0.0
vbzacgw4bn5waxtx,0.0
3qxs3cfwdrok53oh,145.07349857446408
q5fkzcfk3p2rfeni,1.072139156165602
zlnqbwvro35c56yn,91.69466416033399
jbt6lhhx3nkzl4gg,0.0
usq7e2drrpzlwwt7,0.0
5jbeu42j6gldigta,0.00020772390494486976
l2evbnfymzzc6jpk,0.0
itohjchjlqpsa3z5,0.0
kftp3vc3vkciprii,0.0
nhxhzruuhfd7nozy,0.0
qrraviyxuopgggzo,17.31819237605082
e2e4bzsc2e5eaynr,0.0
se5uhim5c4kne4nv,0.0
boid6cddr22yw45c,394.68605043322935
zhnh4gnsdfvdkmay,280.15870194561626
ubac5bdr7qyoiy7n,0.0
sdwnx5hg3q4i6rgh,0.0
2x64ahwxrysanip2,223.685082964273
c3t52tgtrrgwmpzv,0.0
i7pumqps3s3jt57p,0.0
h22gjekxd3uo6ba7,0.000513899181756028
7v3p2nb4mhnecxxh,0.0
i5ji5cam3nrcrntj,0.0
pwahuf5emysixpxi,0.0
7dxpx2ecqtmgg7r5,8.55919406801823
qmq6cy5hh6lfgu75,275.50877453679067
qyvapzteemipkp5i,0.0
s3tnr2xfvxqryqea,0.0
ep2ycse6qy5tfxxb,0.0
drhzabkmncpvih6g,0.0
x7tatyarfw3hshsc,72.695908094342
ba6ghp47to4fpbku,0.0
cvdiylwl5widbxkj,5.855614339138211
ryrmilx4w233cyrq,140.61931673907034
2usz2575426r4omv,151.40956165661717
eyzuxjlrrxgoloxh,0.0
rghqflkzxiuuvprm,0.0
cpgcay7d66ywy4xt,0.0
u3nfhtudiadhrxom,74.96532212893379
jauto25kv2qrlt6b,341.72363490788405
yeaa53lutm2g6gkd,0.0
fpjy74w56qpmhrz5,233.17741062075055
xlkbrkxwcf7ucsls,0.0
w452xf3zx3hti3l5,0.0
tmxwtddn5rmkvafe,102.68373724276282
na3ha5wt7yws7s5y,0.0
poqth4uukhzc4unp,0.0
slrec6egtgxwnar3,77.93149943777084
7m55kdfeh55fov4a,0.0
qbgmecoji65fdu25,0.0
5omr5kcm6gn47gik,0.0
rpc3jr5fi2huzt7q,0.0
nwxnj2sspkr4wztq,0.0
5c45pj65qvl4w6l7,0.0
bfwrhtte4nmogyzg,98.82883263660815
j6j4xuftjc7wa4f5,144.0046590318369
lflwdwdphglm5zpw,15.506948957145175
fase4djtiglcm4rz,0.0
tod5cbdb3u46kavn,0.0
kmktb7haa7cqpfla,0.0
eqxqp3pkrispf3ru,0.0
kqcdjjxfm3biteil,0.0
rqt6o7s6352yq7dy,0.0017829663498369088
t6nhfq5dgmt3nwul,0.0
ypgfnemnba4cqcqg,0.0
tuh3cw244jnb4qyz,0.0
w456bqrpfw6bcrj5,0.0
mc4slhir3r5ko4jf,0.0
hewosers5apcmfr6,255.4825039727196
hsd7vpi5po6fii3c,0.0
zqmhk2m3er2smg6p,0.0
rqelhsqyg7vx2gcy,1.9603577594140102
fnyqb2q4ti777dvz,225.30119855143312
cqevr6efhcachwdx,9.162290156629107
xnh3fejrnt3ekfzq,0.012230592060072239
lbsvsfbx45rmawtx,8.719495878951868
suegbl5pexu4ptys,0.0
wapdqg6gxvxmifc6,104.42570762977002
hdx3rgf3wiudtmkw,0.0
4uml5rywe2ckfgdg,116.95468419986354
ocplayprg4ru3hdg,3.5281639404030334
656xxjzlvymkxzbl,0.0
sb2dwyb3qjxyscvf,133.31617209241762
45fdlrnkolnc6f7m,3.601966634026339
s7hpfklni7vrb4xw,0.0
4f7gfc7wifrzrhsx,0.0
o3e3tld6u4hr5soe,0.0
ccxrb3ajgbuijgbp,0.0
rhj7tccyzxpnerh4,0.0
gxtcptx52fqzcg2i,0.0
j5xekoyuqqqxrx3p,74.33050302633664
fjpudhhwytvnzlhm,0.0
fycqadev6eisrb5i,0.0
nmouvi4iz7u3q66c,1.2872356621926662e-05
hkuum46576pkt7gx,244.53035630783677
gzyy6hmxr2glwhg6,5.972601664956654
kphkpgvsniggnpgt,6.41351133376068
tne3ucv53ptvyw25,334.9686160255567
5wtqeqlz23ulhz5o,12.248492712204392
6d2l5cfehq7m2axi,0.011033745359958517
yladsjvukm22eotn,0.0
sjinpm7mssht4bq3,0.0
dgmwu3yi7tw7s25o,0.0
f5pl7u4v7trv4zcn,0.0
bgc7ez6ygcn3qid2,0.00019482184941392957
w3wmcbjy6egkuq7d,0.0
jpugluv5txgftpcs,327.84898410914684
nymfwsy72fvlhbek,0.0
htkobxmfyibtccpt,0.0
pr65s75lvajpbglf,0.0
ra5e6dcfs6v2tmq5,0.0
ereowe2bnf6itvxo,76.78159737980093
dppuven7qr7yu75e,6.689538360279034e-05
vubmulvbkp2u67ql,0.0
jo6bzzg6o3sredbn,64.70503451958365
bjcaiczvkcgutz54,0.0
gtetiisltqomorgc,15.490209691433812
c7wag2xznegipuby,92.4491539048232
eco4to4re67e33mm,120.49506858066424
t7xfz63bipgbu67r,80.77593486224647
r5xt3af5o2ssfvqg,111.87926434159957
cgx222s5f3jx4rnm,62.92622685893525
dg6e5sx2jabhngwe,0.0
oybefmppj2gasiv4,88.3804457513923
oxrk6forhe2f7wth,0.0
ncuwqwql6e25setg,0.0
p65m6kgbpr7udz52,0.0
foi6iaux5tgxjptt,0.0
h6y3nnyjpd2f2bqf,1.1339007347165264e-05
jehcprcefyx2uijq,0.0006260256249097322
5au772yoyiutpuop,9.450138893631864
we6wl5txkimavtuo,57.112559100711394
q663kx2dqetet5ir,2.607773692984643e-05
ec4eo7faqjulepba,0.0
ucyxynjd6kkrcd5w,0.0
sjdokcjv3kyhdvm7,44.9376113512494
fezxiz5un2mw6hoo,0.0
e2b6fhxyzq5xbinx,0.0
6fj626bqutx3xts4,0.0
ztqpo4fwzikysy24,0.0
m4lpi32zxwuzucwo,0.07682480916880303
kdm6nnh6e5vx7f6i,291.8071672467981
uwsd46lvgxwk4rhz,1.2580233447655056
ainip62rdji6khf6,5.397566844655129
n7hjpoztxcmgbmq6,0.0
s3san4vgvmkcuyls,0.0
gutpkftxqbz7rzxt,0.0
4hj77yyh5jlhcgwo,0.0
cpfqybqvgbx3efn5,1.0627533544353411
yantoqkranrypbjh,0.0
m4otxn22mocnge5f,97.58481136597214
jwfnzd3hgsye5peh,17.694447433173842
fonj6jwh7fmq676p,0.0
pswhjrr4xnzc7lwc,0.18345700256375957
t5ntpkszlhvr5i5l,0.03682329307904834
spthamcnttv33342,1.1425100134120392
3auyek4s7vzcmcxh,0.0
3frbv5udp5tdunpv,1.378907019690552e-06
tbwywhsefkacypxh,0.0
yil5apcrs6jxbx2p,108.77005817188154
hli5oodha3bj4nfj,62.95637301878628
r2kgrhdbnoyzhzii,0.007048189299479445
6znfns46rv5ce7hn,120.20064143330102
bcdetgulcbjrwkry,0.0
swgyy4fnmhwbbwun,0.0
vijt3xardbdzdibe,0.0
vhg4zkr2vdpjchj7,0.0
m7swem2gdvxqowwb,0.0
hann67fueifxzsvh,0.0
63qcfdr5tfgss5ej,0.0
2oyflc7t4vphyeuy,19.290334263176884
duarcctz4627gaeq,0.0
7kmonppymbx7iikc,100.39046267351318
ebrz7ixavvz2icwg,211.6495557383094
3x5aoo3sswbft7zs,0.0
c27q3c3wyieokuyl,168.63078977436902
wmnx5af3h2afkdil,4.360470931484392
cwfnkk5zrkbziccx,0.0
zit7pwfuw2aigzy6,0.0
nnczvcba3wd744w3,0.1685965600222744
ecs2lbtodipxi3wi,0.0
rftdin4cfx4lmqoi,0.0
nqxisydglpz2ao27,0.0
ygc3t3ntaxdleese,0.0
s22uekosecnb7agq,0.0
arb2kuz5nvwaka5v,0.0
6wdny72xg6yoze2s,0.0
ljmxsetfpdks5sfj,0.008325127246543227
ypqqfc6ey5h6cbtm,0.0
sproccu3dozb265t,0.0
tbiklunem5wgjcqq,0.0
dw46qxwf6qidbtiw,0.0
sxmhwk2ph3ntiuqj,193.71375140513453
lco32irdqw7epzox,130.6812344586849
hfuipfgetzs6l3ko,0.1356242328599139
dwg6lyblsm3273fm,0.9472582839596363
7hfmqt526vmyu4hh,0.0
q6yubu72nxf3huiw,0.009797315619640801
arcb65aejkm4cu65,1.1098566621790475
6ofs2aepbdvc7wcb,161.64080659622192
z4zlx36v73ubemu2,97.71850494663911
hyyi6boxzhrgxdaf,0.0
meyafqro7lopgszw,71.6375987779616
txqelfuh3xoeou7p,288.81402875938716
3ug524tyci5emiqo,359.9154192762828
gy356stjqxrhe2hi,0.0
hznbw52gncyorwei,4.792521995887879
zi4mscqwlmkmtq3f,0.0
igt234hunh77k6aw,78.21431597813903
c3s6w7xw42r3s6aa,0.006685535387921911
l3b4ehrni23sj6xg,123.94333718719369
32oxrtfqjceptyjc,0.0
zpw4cxqxicv2ukha,0.0
vamycrn5qvzcxtty,500.52673634702194
cbjnstzjgcj6hhqu,0.0
2zwxpovykyqekla4,323.61840354368894
4cebfwidxstaldbq,0.0
ewzakhb5driwykkd,0.0
cw5hh36lc2gek6qu,0.8250871335354717
uqux4lyc75b2dsro,0.0
w3pee4mnlgsa7gwk,301.55395304058686
yb7232dyivu6722e,0.0
cphenei4iymzmdrm,142.32088698374832
vlbc4bl7t4xoz6kx,0.0
uhvqkznwuevb3hu5,0.0
kv3glxqpwegx2r4a,0.0
la2dvtpsb4f65udj,23.74060931863092
sevuj3b7aykn4aby,134.7460298298496
t7alohyepvpep3qe,0.0
xyhgvutz2swto46u,0.0
esykdxs27bnb2psk,0.0
qwdy6gku7vteovhr,0.0456623416236752
nsttpqoc3ndtgcul,0.0
hooljcvvxp5otupt,2.4820614279150046
ayqnrok4cybbxvt5,0.0
i2liysgm5fsxwjgy,0.0
b3riwnwwmthljgqf,0.0
54yodrr45v2emu6a,46.42473540375065
f5o5r4hrz4uzl7dj,69.73736886129481
shmtwpgxpjibf3lq,0.0
6vrbslfrzg5rcqqq,0.0
hr3oiehbxqgbfxvk,0.0
lewgrruiw2xfzjda,9.725617604570647e-06
w6xanfxmkzwcx4x3,6.454603058968553e-14
rkhwbdq6pqim4wp6,61.28169806960761
nglwotrs3wu3c6dl,125.98492285114371
z62ms6z24pbamalz,0.0
ifzozcxvsg75khss,99.2051524210582
xfvbejsx64gf65nj,437.8815521752231
cq6ingxlymi2mgis,0.0
ju3ube34swyac3ia,148.75633850368382
cgj6wdhbhapckyh6,0.020376668869882538
3ygra7fad5ck75jn,0.009184849889616103
gs2skt7rcg37fmqs,0.8273175422441024
7ixoazzyd5jtvkr7,95.18530470007062
h2aq4zdr7md3wl5r,83.16982648172349
gyvsvqnkge5yqq65,124.78710945414932
ofxxdouevcpyqooo,1.9784684252833742
xiqxvrpyifgnbtnn,0.0
qj5sbt7kq75avowh,0.0014620193333523969
mdwjjrsfnfa3eitr,2.08063497130064e-05
xeyyij7y5wqglkfd,0.20708409816501558
rqamyvp3e3cd6pdh,0.0
kbrimkziewai6kfw,0.0
coc6tguu2lqgpio5,0.0
soryoed5nwiwchkk,0.0
mxn7dsperrk2peme,0.0
ooubtohljvrmkf7u,0.0
dhwplzer3tsnx6lz,65.85331847919959
jyyt62d7or6fwnv3,185.07842973299483
dcbr2bnly6ku75wn,4.941329730521481
eeiojdwjzzqfuk3a,0.0
t75dvh6kkkxpz6oc,0.0
o6xljtmj4lsvwmiw,284.1024794710834
qur3qpzim7haar6p,55.492404711492426
fqh6uxxnlxcztki6,175.55636080820244
ukkpdnhrvaa67o6c,0.0
icxpql3krsdfkgcs,416.28155245830624
sofewnujz3smtkhv,0.0
fn45uz2pf54jy5iu,113.08635859565797
aahmbqrsgav3vwsm,0.0
5tvcvikgcp2wi4wr,0.0
ydamjxbulkk6oj3t,305.4686519882648
ipgehxinnyju4lnw,27.147836005923217
hzslvq5apre3jxhj,289.3700966758954
cx3gml3nvvm3fmvs,0.0
cq2x3d4ukq7qmro3,0.0
6vzzxda7t5m3ik2j,0.0
tuyboiksnwikytji,0.0
bs7xw6kpcz7n67lp,0.0
ob46pgljnecny6as,0.0033902186804030164
uqf42gu4h46c7djs,92.29819133286647
oe7s73qtirrs7uxl,273.1909922257233
pelrkbw4c2ns2qqk,0.0
62ldqws2jrivw7ro,228.18441738627467
tzv4b6hfyiahjpzx,0.0
7bqqvazmbdjwr4wf,1.1375612323731468
4quj5yrewb3ydx4f,0.0007357060631918507
4wr2bpgxqszybwpl,0.0
pyn7wn3jtwi3qxve,0.0
ibb74lhscblsz3h4,74.66333038980096
pdyvppsbt4d7jhtv,0.0
zulnwzcmmpmmejlw,0.004946719948185195
kpvkp35nlqanda7f,2.300746999101665
om6sltowtqatj7nt,102.08378994595745
zvm32lqqz2k3byrn,0.0
7azjwjicfdbv67gu,0.0
utiius7cgcieg3ri,0.0
sslhda353tkyd5wv,0.0
p5cgfox6c5t32wl4,148.38708830965686
pjilgtxguzati556,322.536114811997
lzzmxkknwzeb2lkd,64.04807722155684
5hgutmtg5jaie4dt,0.0
2puyarzwsrkca62i,0.0
rwl77jk3jt45g2tg,0.23028404815577122
7qrkujphmqzoslon,0.0
2bowmpg6hucikzzn,2.211497966298942
iedf57hsvg7gfmp2,0.0
q5ivgzm5pndkexcj,0.0
7an274bwg2u3e5bt,0.0
vvsbyzwwof4t7mbe,0.0
5pxwso7crwqn6h22,0.0
oovntgndyizs3pm3,19.129982293508288
cmotvg6pxhtsofci,0.0
d4vhwnwqck4jnyj6,0.0018076428181007251
qxrwlniakhsdzorc,0.0
ps4nvo2fi3zqujhr,0.0
elm4ihjavn6fjfqx,57.66971669935312
tmo4uwsm4xqom3x4,187.56845898562665
qdfeo2imo2jupi3h,0.0
ibtltdc23mghzw25,0.0
b3efvphvhg33oaoj,0.006399567448127281
hcnytmnrmv6xl6u5,0.0
224j2bblkxseyuux,0.00040381023005652835
s5arh6d3r3z4thgr,0.0
3rxqh5vm7fodz3c6,0.0
uyrckb2ybzl5dcuh,0.0
ud2n7h6meg4nv5jg,152.57354299243906
soeki3r2gnn25mtw,0.0
nwkxf3tnw6srzntn,116.61759805036496
xqyeoldlnt6fqflm,3.1595849912665235e-05
ndhsvxatc7xzth2d,0.04165272086257599
qldjyydk7ehn44ax,252.70245163664077
hjlv6xl3sl7gvgzf,76.00826116183478
cx42orwmi7zef3bv,89.54095318979665
hitjciy4ahk5ilqa,72.34121620744757
dqkf3s4agvkxsp6c,230.60955212230596
l4u5upa5lmnsp6gk,0.6257005426739907
zsl6wieaonplcvbh,0.0
yhzwdk54re36a6ej,0.0
b7litejujw3axhan,0.7928513823818188
cqppat4i4eqjyy2x,133.23539489148504
leaxxr4xy4bt7f32,0.5777763981838135
xxlzgwijccme2etb,3.1285229689869904
dv5nzmujofdc5q3a,0.0
job7ygus4cbd7w5r,0.0
vyqsftn2fjz2hhua,0.0
czs7bdt6eozikcl3,0.1043594623517233
ueywk6aznafjblkl,0.0
xahoefq7vancemsc,384.58045726721355
ju4pamkrcozv6d4x,165.84953534552653
qrayzdsg2ngcijsq,0.0
zzwkxognk33db7xv,4.850205960622201
bkidckavnm524izy,0.0
wssu6r3s55mfrfvv,0.004999015061745943
wzzs4fybtw3pqgyq,0.0
gvwwsukuynnms73t,2.0786504424674448e-05
4udit72z54wv3n7b,99.14902260283665
izgbtmqennya3ld4,56.294460762976286
b7h4gsutmtm5r6bk,0.0015468534730435734
jwo4a43a72pmqez6,0.0
lsbioajyhesavcku,0.0
gl6ijrcbmuzkqeg6,0.0
bjstdqnam3tb36pl,0.0
cu7ar6jjzifw5ypc,200.88653736609615
tdj63xo5wxyqlsbn,0.19893240853466576
6qf37lxvz7qcwflh,70.58008154257632
wpuxpotaggtc7x3d,0.0
zvyx4wckhlz3nahs,61.38708165773837
ollsgnsgnuvjpas3,0.0
k2wkafwjm7jbmmgb,76.94344812365689
ltg4hdgbex7g7o6c,77.86820128560522
pe3ns4lm5i5uxei6,0.0
ybne6gnul56mfwls,2.297243472181584
azzsctoas5kiaepy,0.0
g7sjpfyydbywq6qt,0.0
4xf3e5kt4437fl4m,121.45241888582649
x4wssk5eb26c53x5,0.0
pxjk7sc6w3larmlm,88.25073766287599
dcky5eyqwtk3i6rx,0.27564397284519776
zhkixmjkp74olvtu,0.0
psvfgq4yr4qo2swz,14.39586609260731
a7j7gb7bmuglblz6,0.0
k5axkyn56qusjsxp,95.15303342545316
bjotu5ipf5mw5ccb,0.0
lrcrgozt25aqo53s,217.2997480876531
sni2dbv7ah5q5hlc,0.0
ydfbgn4nicjiqhve,1.7154674341326843
n3yfqyjleb3ndgt4,334.0905794828239
4rao4v4bhdk6or5l,3.5317750787409406e-06
k5hbafdafshwwkto,129.57732038200982
hfnkdkcwig4msoxl,113.35818122365949
qrle2qv7mhtlmhi6,0.0
u5evtoiqn3ar7kdv,89.025846243213
g5eqj2iiecw4odft,0.0
qvsoqbw6cnbp6q6l,0.0
bltoj4nagthn4kvz,0.0
pdqr2d6ubzl3lm65,62.91391631570066
keyqzkulv6e2ijie,0.0
2hzmoncpyf6xyx5v,0.0
szwrinwhchqjydt4,0.0
hgcj3wqoqe23bbjo,4.481557670209485
rhifjhv7l7mj2tha,0.0
mzuv3qbxbbadkl3q,0.0
zp5ffvezibozupsu,0.0
dajfmdzbgabrmptj,3.3266266845387524
nprywjcelabrfcru,7.4897913921368415
mm3sthhhqbjqp5aa,147.0294289759524
5nvdpdvjz5hvjcgd,0.0
v4qykzvcjgd6cbyd,0.0006826805837612007
y6g2ptsp6dgo5ofu,81.70958956978737
yj5zpvkvfpjhbw3r,1.9724593992136486e-05
7ze37mfatqfhjucp,0.0
qwvsmxm5chtqf35r,103.22445898232596
kdj4iwtpss7tjg53,1.0325818455336753
irfzpo5xte6ibxfw,0.0
p3e6l4uujjkapxui,180.82221415331438
ur4qifdixlpc52ep,0.0
f2pyuvvzipilray3,0.0
77d2okmsyhwvr6yo,1.1652462865859503
truddennejcbxydk,219.72978665470623
e4al7jyrno637irl,103.09148000193537
bah4h5mesm4wdc3p,147.5001141091247
mw337ptowtcrknfv,0.0
t7ftqyk6sjwrzioc,149.93513872704068
o6tfj6cbleouh2xx,202.05066247211653
xftcp4q2pkvba6ho,43.41912812219076
okmrbomdbm3bpzma,0.0
63uwuxw5juc2wepe,124.18090068224305
yhehfi4zvsgj77gj,0.0
2624irmsqnrkswcj,0.0
6io3do25hmgsk6je,48.4611984535813
3sm7wzoiqkayc5yt,0.0
7jn4m5b3vii4ctpm,0.0
sxd3awygiq5he5xk,0.07912644388112279
bv5yt6nrknq6tfgz,0.0
7petjcce2dhowed7,0.0
bimomvxm6j6ph2d7,0.0909581452234238
gyvvalstcfkfje6f,0.0
uigvx7p4sxhm7eyu,0.0
ofms65aecw3bpyt6,1.3384879702113703
w37knudazqmcbm7c,0.0
7a4lzsqtsoeb625p,0.0
hjrfycog2ps3au5u,0.0
iibc2eefwvx2wx6j,187.8361772435078
z6e3ae27bx6ovtsc,0.0
7adngrcnd6zidpmz,139.37347451264907
fq5lgdttqwpx66ox,126.93526406227974
gs6dcnhfnvhu2ptb,71.47804557526533
pvc3wcixnd4kneih,2.172922624111956
sjoyhv6ks6hjggmk,0.0
qszismhehblpyodz,137.79651234102369
6imyoxn5j2gntktv,0.0
rugzb652cnsjtuhz,0.7363846329050835
wi4xzuiccevtp4cl,0.0
rgw2dwwjy2l3iitu,69.5031843472186
ky5xu56sv2z74mne,0.0
idqcz7eq23dk6bl2,0.0
uhuq2eupmxkm3hjg,0.0
xwsf32rtj6svnagj,0.0
salwk2z2u6mimmiy,0.0
ianplsf6arfig5ym,99.26515895182803
nsijbwgktty5w7xr,134.09538490014563
y5a3mm6is7edr6nz,0.00018383101414890505
o6f646hb3c5bvmkf,0.0
xxjmi7goay3x5vg6,0.0
s7w26533mwtxd2fb,5.410291556024287e-05
6ok7h2gc4rglvm7j,0.0
id3nqwzpudsondww,0.0
j4x6sy7xgtg45ptf,0.0
tryu7u5e2fmbld4x,133.19211102937382
htv3xh6zsbohyjnl,0.0
do6hmusl5yohmjhg,165.6321519348268
wcldgcsx3yhkajtz,0.0
5jbtyxwu2ulgo7mq,10.041337190519911
4occt4hgqkh4any2,8.632409233444179
h462ovb3be7yivct,248.6529085216686
yxlh6ylgpkmxlbsl,86.22021313775687
ylxp4ltfp6fttjjx,72.9772234647536
jm6qbbm4xumxbs6n,0.0
um6akqycqxgsj6lf,0.0
knke2bhftopfv7vg,0.0
2mfcezgldr6c3ryt,0.0
buwu2zfg5nze43ug,0.0
7tic7r3opr6koea3,0.0
yg2pvfe6h4qsmb6l,1.9986818718443273
q4lshnopozlqyp45,0.0
crxlickieztcg467,0.0
yen7hr44nf3xzp3m,0.00530293502467629
f33j3awxdxo7anva,0.0
z5etatslcw44fubk,0.0
cag7lgwpwtfb64y3,0.0
e4dda76ds7wqneku,498.12965793566354
raiipb4ylgoh4ap5,0.008054927383451012
tgpxmvnnotqttxpf,0.0
nxcfqdlgfbbi3isu,250.925998802862
5j2pnxzjm7tpnpdv,0.0
zsfxn5oqe44nvnhj,0.0
csbqlmupk5tz5gpm,0.0
cfsrhn43nvqxh75g,90.5532233276832
dsoogt7rto5xvmuz,0.0
sxqabd4fihwtrx2y,9.489300622873309
zj5d3le6ioeyamjs,0.0
5cunacxwnad7oxb2,128.79804365510057
np6ej2neeo6lbfao,0.0
k4lgt4agsusdahop,0.002778550915721444
wuewbp77lpfzyaxx,0.0
776j4sslqlg2rsks,0.0
22qfgvzd26ttsb5l,0.0
ubajdbnhsm5d5ixd,0.0
i76xkockbopsv6wy,0.0
ourp2fxtgxbk3ttx,22.567409054646223
khhxi64toi367hqh,304.92613686637117
sgq33qxqdl2775qy,105.61720202851586
xyfsqskaqog4oybw,249.9421530937817
uyj4ulscqejeyibn,7.239446925225738
s62uiuhkqgpez5hg,0.0
ylezrlbqhijo3upm,0.0
jd533rbk3wcmfbkk,0.0
wrpqs6v2mkggm224,4.711090805513218
dja6ztxrpk456zfv,107.9020798856543
cf4iwrx4gec2gx76,170.2400900331328
2wgbilvrpx36n3xb,0.0
3yfqf3r66oydf3tz,0.0
wg634ksfj4jdmeqd,0.0
hcmskmapm7nrkocp,0.0
6fsm2iyfw7n65els,51.066824104321675
73wn4np4cicyspgg,0.00168229125751701
jtcbew2deqwm7ubq,112.74708875280452
bjpxxbufqo23ibcm,86.2232020337198
kyhu5ndjdu3nedi6,0.0
ropkc3bc3dqesj6o,0.0
ibaqnkyh42jxs22j,0.0017807713100827136
j7v7mnx4vnqlrram,0.0
aqzk34rzpiep6vau,0.0
zmf6ffmaoprfzk36,305.27314523256416
mz3chkyi3xgk2fbf,43.172450426716466
63fm6uutwuvwhvut,4.570222879742525e-06
v62xbhouqzxeaquu,0.0
veu4ju2eyylxbxnh,137.36530728399117
tpjw6vrgkq6frupq,1.7849661811387831
4enbchydvmudgld5,328.43324217495854
g7yspos4guzz5dps,0.18693667632559988
u4rq7ujo2b2fqbne,0.0
mb4by6456d3q2apa,0.0
qticogom6umzvafa,0.0015666345641237843
vaib7my7uwdbs3ak,0.0
zwe5bvqizgvhm42c,0.0
zuwkzc2pcw2nac2e,0.0
gg3fjkcbozmvhwqe,3.372508114662451
t7x7dws6rm3bxhva,0.0
uqkzcuem34j2ku73,0.0
sokvramgmzyidhgf,9.33712333555313
5xqmivowovjbpjr2,0.0
p5pp2mkziss3jzor,0.0
qchjk42cnpjjsfp5,80.92758344623235
rwvbl262ntascwgi,0.15561798338465815
ek2cx2maq4deo4iw,94.89849081429571
75i7pdpdrsald4aa,2.6688809679929785e-05
v6tkct3iwhhy2hwo,0.0
iue6b3ah2woefz5c,0.0
vq4hfumguo7oew7q,0.0
nuvhygtqhl46hpbh,0.0
kicrseuibj5jk4jw,0.0
b27kiny5zypzadqa,0.0
db3jqopvl3s4sb32,0.0
sd4cwzeikspxibrv,0.0
6vluwwnwkfftjsd3,135.95886593268574
b55tgb7qimen4nma,0.0
y47rmp3wvqowavjj,77.6359885227653
m3nrumddarkbcsco,110.59689703585443
oluo2n6gdclgrmcf,23.620034957864686
r6o4j7tgrhha4zwz,190.40628967879695
4qhnhkyj4giowvmn,0.0
zfqhll3e7uiynos7,0.0
ap6onh7t24c2rd6g,0.0
qh6fqvwjwcmpritc,0.0
jumvrn67zr7fzfz7,18.924569278064304
omoh6xkn66j3upc4,0.1855565852749022
6guex3yu753haxgt,52.6130665736311
ya2i7ps5h42v2hyk,0.0
y5yuii27oobdspfg,0.16471501402428784
24vmukhoqkbto3aw,253.63385311495279
d2arjhdcqqiwem6i,0.0
q6ej5afrk7lzow2c,0.0
yuzp6nutpbkutplt,135.79027759352402
zo2un5pc4qcbears,6.39038763686408
gvu6lw6vareplmzg,145.5320325243215
6z4byr6ysvzmka35,26.311976344935797
ceay2k6jxt5hcswq,0.0
ghlgn5vvm6l6lx2j,0.0
xhxmfl3zxobghj2o,0.0
fiuts7q3loev4kqb,0.0
5iscx2kmicgia6di,3.7539794227477694
kpqktru2qgy3ptij,3.0853474511464984
3mk6undb5nrftass,53.934707424229906
saymwgoyq5wdegkw,0.007982573195073454
cq7cprhc3iv4eywt,0.0
72gyuxcvojaj7fm5,0.26649198139393837
reicq5zcuh4aroy7,124.39964018184273
ry5lnknqxxoamu2t,0.0
ltkdtvfjdpdp5qzh,0.004273158098770056
mluhbouuv2polbsn,0.0
j3v2pmmd45mqlxua,0.0
de7xutjxcghvhbl2,0.0
tmthiwt3owihdenb,159.5544523384923
h5lt4lhw3pawet7j,0.7609514469331732
ualmrndbhu6wxfos,0.0
s6cadwthxpkj6gib,3.645150493930191
lpnc4om5wbb42jkz,0.05074470117012533
szzp5q3ig5ajssep,1.1902099896323315
zokkcusrcujpnlgq,0.0
eevxxiyjepz6roip,0.0
lukqiz6gsrah5icv,0.0
3zn2az4ftqeliiie,0.0
ndq2ok7nzhq4enzw,0.0
wavz2sdnf745bwv6,0.0
oeoogo727owlnhjm,0.0
ydlwcebk4qbxfrcc,0.0
ly2pcvosfpp6xzju,74.33445320020483
u7z5f3b7surjk2wb,23.46041614286459
yzegkvzrobwuqldk,4.956159034531312e-05
2sq6mgbjdxxvgka2,9.975447502029256
gk3ookmja7n5btpa,101.88656548821498
psmlxsmp7pufgntz,0.0
zatdg5zkss3vrbtn,0.0
ol5d3qe25iv5iyas,53.76341371036683
vzkjn347vjx5frme,0.002531048071552054
q6kj4ov2xgfxsldp,0.0
mgu65gyl7a4bo2yu,0.0
rtl3b4ksuyfplgfa,0.0
tczsk3uzuq6fhiou,0.0
5g3rv36yrkxshdnz,0.0
kmz3jnml3rxjqz6x,0.0
gwmoyzz6ivlxtmrf,0.0
dxflir3cqvosofco,0.0
thnl3rdtmfnewwfm,0.0
wbqcb4vcoxoc4lif,0.0
vuacphdvsntudmpk,351.36501819644025
3wozyevk3cer6q27,0.0
rcrbes73glvfhdqg,107.32061327247153
yxcktkl27mgogsfh,0.0
pkmvabona7xhdkz6,0.0
rgfwbbte6ifimnar,0.0
wgba427oemfd2cdf,0.0006249157963460639
xxc4gupzsa32uww4,96.89589243305801
youzmqe2d2qcjtpm,2.0143548955030677
bhco5sdyzeyfkpyu,0.0
z72c7ugxp4emc464,2.7538535061499383
dbcvozneqwwq3hj7,0.34631484109671623
igog5ejqydm3xybo,98.70710733421309
2jzqftzqeoczy4o7,0.0
jrj56u5qvyzn56vb,51.629818096629414
5eqjw5dw6rwuhd2p,78.86929340152676
nsdhacyqxjfb5ijh,1.7427168735410992
u2ahz7ln5htuewpy,72.28781433394431
ffon2g4qxulafbb5,0.0
fbs2uc7oy2jnuk3x,0.0
fyktxpjuhfdwyvem,0.0
wo7lnnm4kq6u3xwt,0.0
5ta5oonpegrxstkg,0.0
lfuh7ystp3l74274,0.0
2ygimb5el5yqokim,0.0
way2qzsfrrxjc6tf,110.23252489080363
tcnen26zzdgw3iil,0.0
oqp3ozlmgqpixhd7,0.0002841452392070474
fpb6u7wduvio7obo,0.0
vf4fsy4oi6s2742x,0.0
evvxch67fiobu3xs,0.0
pzz3hzyi5iaqj3yi,0.0
nrb455ja56a3orqe,0.0
5wca53fbejw34ptz,0.0
6nzvwn3ag6tjiupx,0.0
l3zj53f7cnqmdrne,0.0001049587706216863
47spqqrp5r2xadqo,314.2311427876043
ou3ult4qfdgjk6bb,0.0
bamoyzrwcktdfz53,0.0
ayh2mnylgvhgez2o,0.04707618117305068
hjkctxfe4mmitbh4,0.0
iman5wwtw5i6qgn4,240.71425932172332
2r3mu5gbkpwuvfoj,178.13823336641525
3opmek2rgvdxre7e,0.0
cqd5dfxdzysgynmb,4.205862643587282
2bj5zmxndozj7hnn,95.55567255924319
wxe4yd5myzz4ld3j,181.4447634286088
akhrntgco52xqehq,314.7411800050256
a25xrn7psy7ccgyy,0.0
vrynwakiuoblv2qf,0.0
lw44w2zawwplzjkp,0.0
u3an77rkn7op4ajo,11.873321757755637
u5uzr4aklhd2sqq2,0.0
p3v2z6sfucyy6avb,82.60519645708926
ujgpe23njmoj6nnp,0.037969687795370466
jrjl47uhmanjuxjz,3.2304267854645583
zj22ae4iaq7dg5eh,67.97068507530028
7ft4rpunfbv76sho,0.00547571209510252
4k7atfwxjt5iz4yw,79.9110384424471
nvagtkafimax2gfx,134.10112742430618
m2z2hfhjv3p3kef2,105.59611128381734
fxw67zqjct5ma5tb,0.0
gjhssbyxcruklsoo,0.0
uayejhk6h43pwbgp,0.0021294532400040777
stowntauznmo7oov,143.9509165913203
xgdkraco7nypjagp,14.044738909011606
l3mjgzetbvpqznbw,0.0
afzx7afawhp6g4ct,0.0
fexhkhwc2vy3k4wm,100.31169166604143
vphlfcpuq3bbghce,0.13592269990631622
aa4qjqt7pp7mkrwv,3.2052329946248097
w4n6m3vqicv5f5o6,0.18389038188712425
grrowkgu6vhru6xs,0.32860069698042477
bbhgqd4ttbmpt3qc,0.0
5uk4vgrncghh26e7,102.00062316439733
7kdt4o7bghol5sbo,83.84957925430083
hoxd54rog52hlzdy,102.74649709796026
xpo5w5b5owg4zxqc,0.0
p7dklwinp5y6vypy,0.0
y37ifnbabjx4tk4h,0.0
ehcwj5sza6t3l3zv,70.11700647840678
w2owse63h6s7aigf,0.0
6vtmjezt5cvw6li5,0.0
lnxjogcmzhjfjhy6,2.0327411716717987
amhfl6bzmehzmsb4,0.0
fmdz5fjlhn2motop,1.460573923466109
py3tgto7txjgoctq,0.0
j7a4incbt4hwkgia,72.91952269359871
avjj3m7v5wpnal54,224.61875489036493
f2g6reymg6lnsffg,0.0
xfsrc5ckohihicma,0.00027065460473263804
6vn4sezr6bvhe5ro,0.0
dnykxxhdcaxizc3e,0.0
7hxssin56tjke5v3,406.48537017637545
ygf6l4abqpp7w5cn,271.2139953949149
vrnsvcdeaykljw24,75.65633725235138
mpjrchomvp6h3hel,12.306939877577165
kjj2aout2nzskcgw,0.7085807470647235
4tob65lloirzslwx,169.63070668153435
d623loixnnbamgpx,0.10384079212391308
guilyzl4tgutxs7h,72.48288002435145
6m3wm3xmb5c6khaz,0.0
agua6hsjmz3n2uup,9.281907339512923
dqmlkcgkhfs2dx4s,0.0
aoaorksxmpbe67t7,109.20330452976756
4oqlr5fla3pzr6j4,0.0
afclvyh6phjjwpcj,0.0
h3i6v2g2lk4acuv3,0.0
oysoxlye2v3chee6,187.34334327342282
gtwpejjz3psuhxci,7.915740419144452
vvvkzgpgbt73onmc,0.0
7wr2xhjdkw3zoubp,0.0
22mplizbg5ppf47o,0.0
t4cg6jsjfbqx45c4,0.0
4v36dvue6vei4cwu,127.44397546109408
csd5t4sc2p6jlm3r,0.0
u4lz7yygqxyxorgu,0.0
ywomzbyhqgplrqus,110.71261552734279
y4a25vvuhyw3mgjw,0.0
stxs25wmcn47gssv,0.0
qubtw32vbvdml2ha,0.0
n47datyhcplrodz2,0.00021596741521542876
t3k6zwsdfcpnjwze,0.0
2qw376b536goj3mg,0.0
juvhei6fqylefsec,0.0
63lqwokmr2xwr4ty,0.0
tdrc6onzbitliqvo,0.2221718674290127
udai64crmnhh6ctl,0.0
gnfxhdmsdfsf4au4,14.747821933157468
2coyyjsckoww6eqm,78.6320736891931
zsxwi5ynm5k6she5,291.44291308256953
2wd2knl37j6m26bf,0.0
qinn3nhk6j4flmuo,0.0
oe6jtkvdi6b4djlr,0.0
b34tesftm2x7z7gu,0.0
aea3eku3apmyitel,0.0
ee4mvmpanxfrcuq7,0.0
qyoz5afedylmh3d6,0.0
h37l3u337oftwwi5,189.54604238489162
2ch4opcrdyla6pi2,0.0
mcvsgooa4dysbirb,0.0
kwhfzphmaku44byh,0.0
v7vdemolkpblynfz,0.0
smuwoxmxa77umhnk,99.4883203222911
4ecl7yqvbgn565bu,0.4761201509403567
co5xgsxinqpow4gz,3.391180695938972e-08
l6uf77rrvsvn5gff,0.0002757273235509697
27pckdnrtewlku4b,0.0
ivsjcmcq3owjkppd,384.24145323816686
6ru77ma6ztwhpaj3,0.0
zl7hfqfph3wnhwgt,0.0
pwlz4befzfzeytz3,48.27656332990961
idjc4jpfvzsu35ui,0.0
gp2br3xi27kbtaib,147.7704420763627
po3osidapa75n4f6,0.012842498291252225
qw3g7uwnrzk5efvb,0.0
uhdcg6arn3a64hoo,0.0
pbubu4qgujezcd7w,2.7554277390268087
23iizh2sea5etfcg,0.0
zcbo2ih35vbyc2eu,0.0
f5yqbrr22lsn2heo,0.0
ijt3r5qo3cqb7iqu,0.0
uim4hrwntdjzogil,0.0
6y6g4plx33lbillr,0.0
tnty5vwnvqnriq5w,218.04307446975412
k6v4u4x2fbmyb4u4,0.03626884260059629
hkucu5omi3adp3e5,231.7036243044447
cf7a73ymrxrxpsgc,0.0
owqa2qjaqwthgujl,3.028275358499729e-06
4splbv67xfcvfter,1.5136778636233491e-18
ztiro3vxobfoumvk,0.0
3vl7hbu5t2rzcfbb,0.0
qhfojbjvl7lmpclf,0.0
6wefra2zmb3qhgkd,0.0
k3shfdeovjze24rw,0.0
ln5ovibog227o4su,97.718633161505
y65dzufmszpbgyt7,220.4150419514769
2dsxw7dl3p5jjylj,0.0
atd3bjg3euozj45s,0.0
zqqjjuwjtvs72ifr,0.0
6c3gizg2mxattg6y,0.0
ati6y7qw3y2tiob5,127.99311326052333
qvfg5uglwbieo23a,7.329335411020278e-06
wb7ukwznr3vufdko,0.006027894414991526
pwhdr5bvnhugffgq,22.28161496022563
yywte2ceaca7r6iy,26.17602741881382
sjgupxzwb4qhcm5r,7.922827213209453
k2uly4ugpyxwxyjb,0.0
kplm5shdr4alce5z,2.048352081057155e-06
cqgq7qnco3x5otfp,0.0003399972298240981
ydvktzn6ttfdwnx4,35.11566387235974
ennubowyrvumu7gd,0.0
wmonxebzcudss4fg,0.0
qurllida4iwvcfde,0.0
bbaztdqtx4yqj3iv,0.0
k3koaj3k2hkj5fff,0.0
l54ddxtmhpymtgyd,1.2660358052281717
5wflntgq3wpuikaf,0.0
dwyt6dgmeogthonw,127.08890648996203
j2mxpf27okevk5v6,0.0005020536050471149
kragi7zi5zwc7swy,311.1857497922158
5i72gfzsmjnxsnaw,44.562047946991335
nrgwjfhxjg36sgn2,127.5120440801114
wrssgl666mprlmdk,0.0
d4j4rg2gvm4c7xyb,0.004270185073313981
nctmvmzm7eov6akx,0.0
p6rgizwmlczufquv,127.84065451388558
sst7t5ve6jufmpdu,0.0
gmn2o3imdirhqwcu,0.00010466336108482466
3rqmdoekpmrqnwa3,0.0
2lhynlhg22rfok7e,0.0
64igbexa2mwldnii,0.0
f247dml2tuufdzs7,79.12667562389807
s2p63msrfx7wvzoc,0.0
btptijl5ise7xyn3,0.0
cn7fci44wli4rdlq,97.95002533929197
qmm2qmu3jbsohrdh,0.0
jy7rwiz3jzveh672,3.2367362517539076e-05
r4vrpvfsqkmr7rc4,119.86147700793165
crrqfqh73hblprrg,84.88926872062572
3pglc4xwo77lo3mg,51.49683287072649
fggef6izrs52iwk4,16.478283178024924
zm7znomogavfhmz2,0.0
jxfxgggrgwg6nonj,128.0009670404659
wf3ts5eadhmzvbrj,4.0680041174945144e-05
tyh5v6uskcgbqnua,9.719466782188373
fpk2p2e6x4pafwji,114.507285454076
5njqpnj33yvhka67,0.0
df2fazeb4llehqyg,69.88112879737756
npb44yjpivqhqsqq,0.008169191752651756
acqcs2npltgjlwbj,0.0
x4zcs7ld7unv2uia,0.0
cxsi4rcxazpwrio3,0.0
7mey3jalgfnyk37b,0.0
uxxwrp56q7djfxzr,2.71202159970952
5634nrkt7nt3uhko,0.16129487940824813
atqzc3csl62nyvdy,0.07810168713038566
mkfkupohud3hhjh2,0.9196134270229116
el32ssqwudredo4u,67.39077645935373
mnkfcrxyf2ujbxoe,0.0
mywmtj6ey6dkvdau,2.4022438792887946
uuzeiiiyhcslsngr,0.0
yryc7axwlkaqgtav,4.477638677243447
7cyv4hj6owmdcyv5,0.0
r3gosdmssw4oyxtt,0.0
rvdn7gjwxmwng7vq,93.88942127919928
a3zzun5likttx2hp,0.0030148467994304488
pnmqxpiql5ixuyyb,60.28937334115211
wc3osw7bklkvv5wl,0.0
aiqdak4bq75hgps7,0.0
ja3j62mkaypkfvqs,71.17347573945601
66ap2ge5jpgwmscf,0.0
sqlwbxahtxyvzeny,10.524810586393386
3ue3exlnm6mp3ccc,0.0
xtjobroelsizz6w7,0.0
suvtqfig2wj2v3hg,0.0
4bgoo244zrx44a6c,350.1684778515772
r3bquis3tud52g4q,321.4849871331161
ofeamrzghdcp7w3g,91.86123873697616
laew7vw4y4gwapl5,0.0
mk3trcgwpdugixld,0.0
kufax6nbjo3md7xy,66.83962610908002
mjzwxen4wu45l5qz,0.0
kkn6qmnna3oavt5v,93.19726198430871
lwxi4vr7aykhtunl,286.6135640567114
othfrctmiblsai6l,5.02472574029605e-07
tifm72hqx7tntmtr,0.0
x6almw4pdgov44ti,83.12722592046829
vuxpv756h7f3hzuu,132.21020942305356
dv4zp54corhxho2l,0.0
337ou63hhouobmti,0.0
lsvuowqqglrn7kwc,0.0
whhlxec4k2fd27rg,1.471203242844957
culpcj742n6ckkv6,96.77245897483947
atfxyttn6tyxcuj6,0.0
73ig4rbsv22ri5pg,102.68800908459002
wm2xwegzuzb2uypm,144.91859536152427
vfmbh2nbpzukwlxs,60.63558227283988
eueg2emq6pct4buz,0.0
u3nfmlrdcjrx4hep,4.887430671493694e-05
vnqqw2q2oqra2fwx,227.11394404318827
wxam67phai5jigkz,71.77501681546114
qrvrwqpd2gqepaqr,1.7942897793676353
pojkrs4ntlaynhep,0.00028887776791604986
kckm4btzngxthcjn,1.6311026203786804e-14
gcbz67gzjpdky5qk,0.0024313233194653916
ccydyjknink5zahn,0.0
47h7bobhebrdfllw,0.0
3igvmbeujwdnobhd,0.0
afjs55m7yddvsxpb,0.0
q7iybdm3vyhiom6y,0.0
2aqdt7eenhyoktx6,1.7360816633123521
vjg5gnrnkzhbqokq,0.0
f7tqlzchlqkg2rrq,218.72689539042386
5cskshpi2l7qflsh,238.47176217902637
r4puiioisvhjnltv,83.85700699048604
hf4drarnrqh5mv3z,6.396144361385559
wpek6plbzq5uwlui,0.00044077879729762545
vv5ajt475d5optmi,507.28296396582266
cfcc7ffaxjysssqv,0.0
eglar3b3pbda2kku,51.54661982448968
vynismwazfpyya6a,365.4825561654859
o5x53xrcdqu7crl6,379.05608613850984
ihh735eqxp7edweh,0.0
vhj5cfe6xj6sdjlu,0.0
36i46dhba6bhvpib,0.0010131308941650646
gllv3atcn7wv3nuf,0.006234216597793612
gzjrner7mjxqmubk,0.0
wignnyybtsg3egyw,90.87515152020737
yscvhionrgngzlob,0.0
fz7abm4zglw34jtm,0.0
3fgw4wvcgaqby6j6,0.0
6bf5ton3s2my4hkc,0.009538234747251302
gkdubjaru37kskeu,0.0
hxemyc6v6nla7deq,0.0003236496154368774
jsiqfprcce5sif77,419.31254077915196
okrzfffgcu6wwvdv,90.36647092539008
sq2dstcndedddfss,0.0
3l5ethrp77qytj2x,130.94289334311392
ptaba5hisr3v32t5,0.0017558357268436832
6gubyu6rsnlqn2fa,298.19226594204736
i2xu5avm7daes3a3,195.08740050908807
cld7jzohum73ulj7,87.9222234180832
65v36flbn4fh67vy,0.0
3sjgesxukb56kukq,0.0
oop7rpbe46lk6mn7,0.0
rhghgvjlc4zlfwiz,0.0
lejbje2rrhu3zf62,151.2935449755752
pi26x6zq3v7rd6ta,0.0
v5ocbztsjngx2sqd,432.5494305129454
xfggh5xls272e6kd,0.0
bnsr7tdwd2hepzey,0.0
fwdzaf7ux7kai3zt,59.01053984819987
sjl454r76pxub7he,0.5831858961486736
fvnb7yst2fuxmd7l,0.0
tvjllfjy2q7kj7hr,1.3913083613464592
plfhjofv4bn6s232,0.0
ygr2fatii5yoort3,0.0
xs6nwup3l5nhkrdj,0.0
ujxwcgg5paon7qfd,0.0
tmsustwpmrgnyzfq,219.0331453607944
vnr3volrjzaat3mj,13.198931475577957
g3qvhzftgcqirlzs,0.0
4n4c6zzrfemadurx,117.81598585717441
kip4nuk72cmo5yuo,0.0
vmb7zydrgqzat6ux,0.0
uoekgdbfslszk3wk,53.589192649409014
fhkd3tneterjbjpx,0.00011709116895201321
22wjbbqkbhrjlrzd,0.0024371326653307573
shr3kmdgss4nn2rq,0.0
saejk743j7brryef,0.0
dbcmy3pho72cxfvw,0.0
t2ghs7r2iuaksjqj,0.0
b4agu5du6apdcfcg,0.002203846360483298
3num72vjatectcil,0.0
dbl7q2mwrznkfp64,0.0
eijzvqdhewlp2kjf,0.0
xvnr5ddbzbrd7hmf,0.0
zxtruy2yzozipg2y,0.0
62hwz3ogjpjy4lhs,0.0
zkggb4ufjd33dxqs,0.0
gp57ei34eqe2gi2s,0.0
rcitdgvl4it2cweo,98.76709825610243
nqrv7vh7egoy3qrd,342.5711613149339
zpol34suwuq7x3bp,0.0
hdftkguspocnghyo,0.004158940091301152
tb6i7u2sirbuzd5h,0.0
axwvb35pigfr674l,0.0
m5yrjpnbcbl5s5uk,0.0
fadiijrp4wyldfws,57.24449245466565
aspzdozrf7pqlypm,0.0
myhm2e37ngbchvzr,0.0
cdp5ytxhryohothu,0.0
bacpayw6poiipx3l,91.32741035974989
tu2cobm7sces3zwx,0.0
hjd4ru6iqyl2vmhy,145.116678508083
756kiv7ausgrscoz,206.99241217818044
6xrppldk342mlxce,265.912268419481
q662mq63j3bv2k4r,85.5224407276223
2gzm2tnmx4h4xeox,0.0
7cwyemg5h55gxlop,0.0012464330794262402
6dougjlthmaw6gup,0.0
wvzyp5unlltjbrhu,117.23815685168398
szycsxmz4gqenbjt,53.177343779372165
pkzwgln7dj5tnoku,0.0
eejhzdzxgg66dgni,0.0
3p5tkjk7763rklkn,0.0
5tjqsqyqndxd4by2,0.0
p5wxecrfpljcked2,0.0
qpp72sbygzr4orwc,0.0
6hf2cfvik3ifjzmv,0.0
4dg43zlot3ubqhpj,0.07047659828826076
ntmd7pxkilhwskp3,0.42708714863593933
lqrszwnkfumhhqp7,0.0
ftwktbzjxnljrp2w,0.0
6tejabpr2rynz76e,0.0
iwmxtxwkyjf6ilvc,0.0004488801732716211
dfowhqayv6l4fbix,78.44052370766579
mfa4snykpc6fekz7,307.35426026790105
mbjgphwmrwaj4q4h,0.0
hiisd45qzuzilk4s,132.39031762814216
rrdkhi64hvlxkln7,0.0
oox65qwb3l54rts5,0.0
k2hh24ire6vcfynx,0.0
i5vopqptht56v7yo,1.0402586322082168
2m64u7jhcvfjdpxz,54.922422178634555
mwu4qjs7gmp2vdp4,6.452122142370613e-05
esc4555se53724km,0.9883781872753733
abufztngvanhv6go,0.0
og4z6rfv5zgzzhof,4.535253734475535e-08
iq2zvqo4rnkzxtjs,0.0
yzaiyutiji32mstv,0.0
vn666dhmsytnra7j,0.0
x6apnckdksqzrmys,0.0
7pljdlwx3hpnpdzz,1.5563221298307144
kldgkg4etr4mylfg,104.674074092188
7oecbt3gp3ls4mxs,67.03008466852822
oqlxct5jlobdqwyd,0.0
6nj6itv7m6ov2njx,0.0
lyx7vgpuhtlbabea,73.77537329714443
uzakyflhqkg7jwlo,19.452178932927705
il7snthjmfxxhvbv,2.9287833046185385
yhnqskettgl5grlp,326.81844228665176
tl2vhkueo4kflja6,1.5061652221148456
v3i7o76jd7piioa5,0.0
za5o2ymgqqupie2d,57.737179569263866
zzmmgmvchdottlht,140.17187924998933
za7odivodnpgacoh,82.01175297855272
ms2voarodnsw32t3,1.3431798358910066e-06
e5xjxr3a3i5epp47,189.05709110678077
w3xdfivr2hawq6lp,0.0
p3cj5ddb46kb5ygj,9.943604498988465
6rxgmuz6hi7ripgl,0.0
teyeih2cptrjn6cu,15.859494947332314
u2y7fpkkucximrb2,0.0
ipikltwz54xuebwi,472.18992256353204
gezw2zlehv7nrcui,518.7817027183644
nk42gxfyr645gli3,0.0
f765ztkjkifhutjw,231.2802627075112
ksojlw27jm4lpn5h,0.0
ub56cfbmlv52ttcz,0.0
auttiri4moe3zpnq,3.187890169298135e-07
xrgt4upkow5cltyr,0.0
giscvhzi6rz2v4zo,0.10225522638262005
4oqt5noniko72sja,0.0
oe7uuk6mmf7wkhfu,2.6223563031549815
xy6t3iri3xj4j5q4,0.0
gbg5fh5s5qokmjfc,6.574112975889844
26y4lcfddaqmrsot,1.6834167180342786e-10
y3isj5cdz4didky5,48.83857354507471
fpf3mszfmxvs5j6m,0.17603919537466203
jbls2qbrebbmak5u,0.0
b7h7jmebem53ker5,0.0
ladhhgt47koazdpt,180.7974118470973
ycnnberhvfvxf2og,0.0
tcqjm6ucbku6n4uc,0.0
4xqaaifxpzun4fv2,0.0
zrmvydu6b5xqd3ly,0.0
cx3e2swqll5wvnvo,0.0
ibzz5glrpfjmfaqy,71.69780583044148
qhjzww7orpy7vrpw,94.77199141182592
qm6pdgvpxeoc2pbu,2.8840801233613025
wvvbewub5q5uba2q,0.0
c6yrowq5kdqdsb4e,5.779409648927094
wnitn3lwbkollw74,156.00592294409685
hq5ogabdj6foy6xg,105.14935760154617
xh72ia5djwurexyn,0.0
puudbi3ztrnkdpol,1.1961595557092297
4y6bo22gax2jofw3,0.674978613128655
afhldp42f3baz4w7,0.0
hvt463kydiwhabul,509.38692154201766
pbswzyqfrwi3isfy,0.0
xm7zfrbfgimggbhd,0.0
wjizevusoobjfb4b,0.0
m2wlhmphgdevc53f,0.0
vdeeq6zcx2rw5fuu,0.0
ljipz3qishhxy7sl,0.0
ykfz4nvopb5y6fbr,0.0
cffm56oe2wqjy5es,0.0
xdleezyyxyifex7c,111.66229945596194
t4nykafwd7d4yjnx,0.0
aln4hasdqtc7avnj,0.0
d3zgqvfdj63icdiz,0.0
5go6ebazfai46g6s,0.0
2iwowyxdi74rud37,0.9042625366199135
szv6mrmiqamlgjox,0.0
rmhwiq2imtj5skxi,0.0
ghomldajwujleifn,0.0
urizcbqkp6reqjdp,317.0937731232226
fn3lds4qx3y5vxpi,0.955143309907041
kfp5nknhqtbghdkn,357.27894747897153
qx6ezxguk6xvoltv,0.0
5sb6vyn52i56n7pd,0.0
zdayqw4tkl6iumij,0.0
uksgziva64to2wim,51.21535476261039
kbkkg4hlz6prswsz,0.0
v2naboxt6kl5y2et,4.465733622071356e-07
viqd73k2ee5s36rc,0.0
chygtiginoppqevt,0.0
g5uklge5yx5batn4,0.0
o5mznpaamewifxgp,61.131024933890146
6zkuivcixvxjfb7z,101.73932600127495
nlniek25wekr3b6t,0.0008114621854662916
oamkwkmzm2y5nkrn,0.0
z72ovcxxsub5xabk,0.0
znsyzy3ozmhyrphn,0.05809385121467467
xwrfuklhwr42ulmi,0.0
ji3qjxavvr5bpzll,361.60875277594414
qu4k25uywgpdvhtz,127.3276928576108
6xmrwwih5yfqpihk,5.02472574029605e-07
wp3jvivw2n2ajnto,141.89932826872416
bwyfszsjinlwfgpt,45.858317237677646
6zr3pftzxguxjg24,184.62001708278612
fg2gk4ldnk47p6in,4.359243181829963e-11
owitnfiamvtjw2bq,0.0
jjvhzfhjsiknifvl,0.0027501239552340313
brhbuo45pyxp5ah2,79.85249214660585
u6o2dq5w57pbjq7b,0.0
vglead4m7dx234tv,255.1328465948178
p6h4htk6sfarv6yp,169.21861578538613
u5euellr7d5je3ky,0.0
5io7yr24dqyx7zz7,76.0308146991277
e5bn6lfagk4mhvmx,0.095071772673584
dixjggbcra3jfr2t,0.0
uv7qnxeqolfhettu,0.0
dcybxcs766kttlbt,70.40384597319714
dx4yarf4x2c2u7cg,0.0
xlemeeo6mjgaocsl,0.3632049312123329
obnuuwrrhvp6kwfz,0.0
sdj6ujnize5i4oit,82.08424643244317
vhy2nj4zowzwygax,0.0
ghkdksthni4wos45,0.008231810613580826
uoqdqcif66iiavbz,134.27968233329878
6vp6k2zr3m3as7qh,0.0
vt6ryyjc5uf3hihg,3.5225292303289755
d6otwb6ihglrk4mw,343.32522957510474
gmyupnuoseupvvk6,0.0
macqisjxwgowhiew,16.015818165572874
usrec44d4qwykkzu,0.0
v4tggh2jcfuhgtps,0.0
vgdjvwkcn6ijlhfh,0.0
suj75fekvslnonkq,0.0
rpm6zzeqiuo6kj5a,0.0
bbhyzb23pjv5a4mx,174.3305494167297
axqiftfyxrwwmklk,0.0
c44q2g4fmpbwhogk,0.0005125282132976517
nvm2yj2dsxvnkvfc,0.0
62qejurwxgs5fgxm,96.5240349258132
ersumnwswplykep7,0.0
jzhhw3zx6zfmmrrg,0.0
isvtvupi7e7lir5b,0.0
7wbmkx4rxa7b3hqu,1.6021777090070808e-06
wqps4ke2gzlge3ak,98.45394804914167
tanpli7u7g477drp,0.0
s76ulxub2iln7f6p,106.69307405563416
odfyq2xrwmvs33sc,0.0
2st4mkj7fprclriz,0.0
thzpgqqes43w3xi7,177.29809530599837
txabouadohvbnfmt,0.0
7ib5rzp4mstrfruz,0.0
emtd3atn6h6qqami,0.042154849246255836
x66urtoeayq33n5b,0.0
c3jr7e7pgsaftu45,0.0
wl27he2fv4ujjkqj,0.0
ei3exxsphj6uwya6,6.665963283446995
u5qeysf622slx6oy,5.670041122181671e-06
vq62ioczgidep6xs,97.41777480591763
yoxzm44fge6uca4g,0.0
b3m4ixp2ucvmmpiv,0.0
7p5lvq47pfwe2pwz,0.0
ecsisfy2if6tuftv,0.0
wt6krgibu6akvom6,0.0
gsaauc5aqtil4yfg,156.8009219232135
3feb4kdkeemr3ulc,0.0
dmzz4oove3qsu7vk,290.57122722860606
kdlnyuzojmf24ozp,126.18886851868265
a2qih2i4e5afo35u,122.67783642168814
roxuirkjqy2w42bh,72.89366412345055
qubbz2pjx7jsevmi,189.1189211504372
eayeymqoktpqga2o,61.378461192684696
dgi5kphasmdzrq3x,0.0
bwzj4gwtnsifufpr,300.2704552645877
tpl4map7nlcoyjek,183.08703845868843
jo3so2zj22dtcbjg,93.08782069658216
ltj6ru7k3dzifbwv,0.0
pl3mgrndhwxdjoau,2.475930301748661e-05
35lrms73u6gqn7id,52.45797958241739
4ynl2nleit7sqaj6,0.7789125765575899
4bg7hh7tp5qizasg,0.0
e4lvpqoma2ktainw,0.0
3mnzfyzvz5wn3zxi,0.0
mwv7iro33555mntv,0.0015450429716808004
glxtjpdntftwdulv,286.38165674614675
a222dmilmhav5ig3,243.90001187663236
oei6yfiht4uu4di3,0.0
bp2x57x7aalwexkk,17.521029071383072
pnicoxw24zl4357k,0.007850624435177323
jzgq4lfxra5sxbaq,0.0
bbnfcje7uuznj2bc,0.0
kwmudx3vigcjmobv,4.067038626531104e-05
qlrf2bfoav3ifmqk,7.94278962447134
2rsurp3urpa6bhaj,0.0
bpplahsz6nerrrrw,166.88350740932168
3ipqso6o762apn4u,4.922816781374599e-06
o72b75np32dchdfp,0.0
efjz3zysray3mtsk,0.0
tt4xdvulvwke462v,159.35594961786126
jve4qg7hknh2ujm3,0.0
xsk7sdbcblhyykj7,0.006164171968758055
ubhrvebfrs6izgj4,48.76004387647921
hrxsldr5k3nf6w2p,0.0
rizu5bhju2pm2pjq,0.0
242xdakxkxfpslyz,3.071085136233396
sg7yvebbj7gmivad,3.464848311741964e-06
t3nkk36bmbzn7yft,0.03436214522763668
x4pgaa3mugxqjdtr,0.0
t2x3d6w3v2hhqogx,0.0
s2zo4aye6riid5ae,0.0
kp2326zc2ku3lzac,0.0
g6lbdwifni6iie6g,9.67041484358887
hdxksae3x4bjuzmy,0.0
2h5mxm2azkclpm6e,0.9851422155180218
oulgupjows5ocpel,0.0
ewnu34fa4gpgd55n,118.3682525587314
pmhvnsxwxmtgqryd,0.1350679054507955
pct6ofsubpysvd7n,0.0
aiza4hwqaqv7pxw5,0.0
z7lbnbukktscjryp,3.375939278056876
m5kiotfcnkuzlolt,0.0
ds42cvoyg2m2n7cb,0.0
rpmbb4n5g3l64vel,0.0
cykjfjvnouax4fv3,0.0
4jwnjgxzquta46qp,0.0
hrrkhqaswltbmspe,0.002597265382621505
cnrbbsisvcyebszi,0.8690526246960394
lzot4sau742iobqr,0.0
ysjszx2v6wzq3o54,64.48765950980147
yhyafgnlfn3aeqcq,0.0
mw52ju3gygl3qnvd,0.0
twl2egtw2cyqkga3,0.0
um4sf2ujpodylxkq,0.0
tz66kooehujuamof,0.0
fuq5y5lukeq224ku,0.0
d2zolb4vj6cbkzq5,0.0
qtogxwnfgf3owavm,0.4997176164316197
c5kmp7hazdssqu2j,0.0018174535267005928
vn4pwsilegrb3xqh,0.005658043149848571
otbj5jk35agmxvek,0.0
efzxwcgokeisln37,0.0
zuvfj5rhllyzquae,0.0
ig4y7rgtifo7lyuy,0.0
vr6frrm2lae73i54,0.0
n6nlgajxhplzzjy3,0.0
huih6zzmtd4xhtwg,0.0
dozdtutfzwlgvqol,0.0
nt4gtpf36vmmriio,102.86624147727011
w35l5mdrjmw3mynd,3.986360745380974
bj67vw7th6gtnd2h,10.232394637430843
2ud5lpfcxfd66orc,0.022071995265930514
au7h7aayaxn5wp5b,9.91645742246215
zg3ak4lfgh6pzvax,365.84037488738863
j7ti7c672mughnxl,0.0
7zupewzyu3qh5crl,0.002256300198482205
ho6e7obkrgo3ieme,0.0
ydxukk327slqas6a,0.0
5pzizksqdqy27dqu,21.53432298891949
nd6v5gf3fpcuyqmm,0.0
6mfcirmr77xj4vb7,5.6205448266115565e-06
tkxlfv7jryy2jsdt,222.77371936897976
3smfs6w23a6wljzk,3.9762309143663552
fyyy3wh4qrijo4ts,237.9642923827172
nk4rqo75gmursudy,0.0
jh34lapsiuxseify,0.0
ocqdyrrt6ksx44y7,177.22574468925757
3lmae5wwoergy2xs,105.55193247179088
xvyojd7sceqvibkj,0.000708912432567062
rn523b7ahbbo3qgs,0.0
t6fnek2ai6e4awdt,0.0
h6f5sueypzbm7sqs,0.0
dy3grghxnkhyoar6,0.0
z4b5o3bnli5frd2h,0.0
nffzfbrzsc4uppmu,63.56886113807546
uywtceqrrf6ce5ah,0.0
kgtvkc3rtukhfbvb,0.0
qdcuefaeyct2sy47,0.931295156876825
jbapleso3cvn6weh,190.54742158515916
i4grstuvnin47kgl,0.0
gbe45igwzywmbzgd,0.0
m4qt2zn7m7cm4llf,27.575563932283913
qkrydbm2sdv3pmso,0.0
xo5zq6wnczynb3i3,23.628333081341236
prmhjusenyrsq4xp,291.98199295406323
htb52ymfovv6gikp,0.0
kf2aksy5wfkofms7,1.7988464583430152e-07
rcaxbjled43hl57x,8.243196236522003e-08
xfsdgrwyqqdqx6lh,0.0
fsurkemo3ewpc6b3,0.0
cuis3j53dy2b6wwu,160.56848194276154
uyswubpghkdqal6u,0.0015670068568611024
gkdtwjmmo53odmws,0.0
vz4xcpgkn3xrogzn,89.29572654061275
62mtfjdq7vss5zvw,2.3356599328676895
vevi2oped5p44bi4,0.0
6mekq53k7xr2ec2l,99.00430993561775
n5sqhmabqwynzcx6,0.0
5jrm37gpn662ziub,0.0
rkp6bkcrxx436foh,0.8880169786688612
dn3wkiijqd2ijwde,0.0
uhtywhwjlx5wxsdz,6.791461770380406
6bdup657g6remwne,0.0
jkeiy7bvplj54z6o,0.0
wpwud4irsrh2eiyj,0.0
guxor5dt5wwgzfsc,4.316552851459259e-05
be3g4kiomb4xgn4z,0.0
yk3beop6d4aqisj7,262.77963873825223
nmfiewdomsfy2z2v,0.0
izav5rc76sw3vsxv,0.0
usvgnj2ugxdmzwl3,61.676372678191655
epbwzhgy2aod4ozb,0.0
s43bqd5a4hctateu,0.0
rthvsi4prn4r5l2r,88.55941342224953
3twxmug63y2lodwn,155.87391711285005
zhvfqdvh3bykanui,71.6107131444351
u5gal3vr6d4klldc,199.65077529669307
djrcz65r3ist2ohp,5.725036349217667e-05
m5aniqlm52mj2syp,0.0
lbndsuuskdkj3tfu,0.0
zh7mkljcgzs4filj,0.0
6qaasf44gazdej5f,0.023021731970049475
hmr7snhw76gacgm7,0.0
cksi3l6zmm652wge,5.610343689900784e-06
aob3yl4ggyuhcyi2,0.0
rqnl2mgb5huwoe7i,0.0
alif5i3auxpiwaoi,0.0
mvgga2h6ungqcwfz,0.0
avtw2tri7z2md7zg,76.71210859535518
p7cyear4lzt4oyn2,54.471520595310785
w7zqmdikty5w3xv3,3.878254871146951e-05
ymas7slinsnmzsr5,1.287172313652071
lxxs26qk5zpyvrq7,93.38910873444823
honmivmhjqv3icnj,0.0
quh7vsswbdq7sms3,0.0
65pyuxgfoogr4oqc,0.0
2xgbwg436p5z6qbw,80.41342449593003
xz5actql5pqg665f,11.07272399481986
m6nuxxpftys7a7nd,205.29957862029067
z73g5l7yqvxkgguf,0.0
vvgwpxiexcpx6yhn,0.0
krgyklppeh7iqqpt,0.0
rusenqw6pz3c6c3f,0.0
hodsqnj6ko5nzziz,0.0
kurxg4jwmxxb6s5m,0.0
52dr2pp3yp4cqr6n,0.0
dkmwjzcg2szxe3rr,0.0
do7gkxeeoyrvidbj,0.0
jmdte3zp4ni2pvkr,0.0
tlwk54datnvfmasq,0.0681399976411225
tp7j22pxh3cuxzut,0.1720829176890086
p62vkluc6n4edkro,0.0
n5bnkofcurhizb5a,0.0
j6yvhp4rrohuo2rz,0.0
dblhrexnts7e36ht,66.89484885643732
kijmg7qv3dx4pecu,0.0
m7pn2j6atgjomrz2,194.9783332846074
kwdfbmvpiuorfz4y,0.0
vnhtevvptm5nj4pg,0.0
xdlai5zym2yc6l7k,0.0
ih6jrljyiyobw5dg,0.0
lajgv2sao66j36gc,64.29686880799798
jbfuhgx5fwn3k4bq,113.47161112277361
kpwnsudlwx726ary,84.7427128747596
2suckpona5olbelf,3.7877632390763623
ttgp5w65pzsl4bwp,0.1752795341895654
i3rlakxdf43ie6xf,91.76051903839434
qfj4ubaxmno5pu6b,0.0
2hdgowrguimsii52,1.973765827631846e-06
qmff64oq7vf3x6sn,0.0
jnbidtrtz3hjivw6,109.50740375528275
icab6t4soq3ggnb6,0.0
cntliwziolelszby,0.0
ijfz7637drba5mre,0.0
edhv3p7mrji6l3jk,168.49676858145563
4quktflzsfnea53t,0.0
hl2kb6n55fftqi5r,7.206584440003034e-06
kikrhr4mm2wtfyxp,92.5731543938916
umugbstwmxkgsfda,89.60517197800283
uhf72ac7dxa55rwg,0.0
ho7ee6naxkk344p6,196.72305858559022
tppvhf72osyjb5jo,145.32779399649982
pv37gby4bgew6ndp,81.03836786935543
fgajshhg3ekppchr,6.219745637606345
vlyeabh7cfmqq5bm,0.0
24xhf24jayj5rvsh,6.81366797412475e-10
vpd3c562pjlmgehs,0.0
fpvetagojmp33zwl,0.0
uicxcsnf47ngqiw2,0.0
lg6pxyjnttkix4za,0.00021174993817354653
mpxdtzeek7pj2ucl,0.0
eytsyv5rup4jk6np,0.0
cjjt6hh6bmsv5o2b,5.956634620982149
goqexs7nuzukt4ib,5.246354755273129
ls2ro263tp34hk3f,0.0
e2a6hi5o7nq5zlnr,1.0101888330169273
nk5gsb3ofngpocji,0.0
swkhqpbrsfl2vew4,0.0
bpo3kdkuo3auah5w,0.0
bn65smir3t62awbh,0.0
keqitdybam2ooqdz,0.0
zeab656baokdww3w,1.8633050640792934
bbw4b3chklnbjlcm,0.0
pjl5e6ptkrhj7a24,0.0
phlazeqygmnywanh,0.0
ailted5spranmp24,0.0
6uasskbgrikcgmbe,0.048972644941443905
yxky7pzblhkkkvsj,0.0007159534087634585
h2faffbqwod2dnca,0.0
x6mqz3gtphv35owd,92.53784054230579
kblk3sn3qnwirvbw,0.0
xgqtajdsmwr2khlz,0.0
hbaq4dtvecy4cqid,475.97409181250407
t5jal3vufjm6cef4,10.91001412968177
jumoqat2dqf5boyw,0.0
jdgxdpgjdj7qaqcu,0.0
7c3ukhaknirzszsb,0.0013771378911443348
drfn53364lrwzk3w,0.0
yerg33mviunguiri,0.0
7fvqfnnjprcohke6,86.19404712796458
yd3o6x2gz6m3dewn,0.0
qx5n54y3ofcokwnl,0.0
7g3tyn72h5ruc3gi,114.03831304559574
mmcylindagfs5jyu,159.13710807532917
k6ahpaj4fcjfjwhu,22.837610876402493
ebddiklpdsvt5aqz,67.85409887939369
ixtwuhlhte6xxiyv,70.55984343984287
fafg4snxwilwkud3,8.760801391580014
3juqvqgvaddnurqd,62.49076656721729
y5dj7s6lv3polirm,134.1730459456017
bqr3cld7o4v7bhch,0.0
yqvn57tvh66jx3ym,96.60881433969044
vb5c5rqn2sfl3tlm,0.28556118848644774
jpu76kjrmbdpupe7,0.0
5op7ehfbloyrgxdk,0.0
q2ac6hxe76wuoghx,0.0
hqdtc4koczuau3g6,0.0
dvadhp53b32kcjjs,0.0
p5olko4jlabfatmt,197.3282679770945
ils4gg5mutirawcc,4.513538435800212
aafk4bks3svwrf4n,0.0
nieq73rnewb7rzlu,106.083701212432
t7ojjxwlr24e6sbo,0.0
wulqvqvmsgt7cfgs,0.0
ykplaptavhyhxoln,54.797824437195956
xrs4coqccicu6rcc,0.0
zxpq6e3lzyfay7gi,0.0
z2pbioq2r5hzdswv,0.0
qajhe7mkpxl37q4a,0.0
2psv22uecvdpdc65,1.5714726378384567
soqk2mnkv5g7tpsh,1.5653554107938325e-14
gc5sjqrs2wk2mdm5,0.0
cjk5vcdwceyylz64,81.50201369877844
lbm5hk7leaj5jqiy,0.0
qmgyvixtp2xhpu4o,83.54282888572766
kfe5y5cd72nbm5b7,90.84737013265338
mpqjysondeldruse,62.102799185656416
dxr4u22ybyi2zsvm,0.0005196691239043325
k4kbgbwwxcjbcvup,0.0032523730094976043
cnbfxt262djavwr5,0.0
ggmbflbihb7thmuu,86.31908370481366
2kcbgfgohnot5f7v,362.7267952882195
hkrhumipgo26dmiy,0.0
h4dztpxxh6zbttch,0.0
llkzqoqjkogklaxy,0.0
mo5cepnyutp2doqb,0.0
ezzpb23olvp2ivza,2.9145763638247204
xqk2prxv34antbop,0.0
edbieisvaja7iah4,0.0
wjsedjeb7p6554ih,0.0
azc734ev4c5qoxw2,0.0
6mum6xpdywzwqokk,0.0002591070147423918
27tsvkfqm3mrhyc3,0.0021492908826477967
bsppue3yqz3lwrml,0.0
sc7bqnfdlc7lmrva,128.02141804735723
sf3lj7d6zzfshbb3,0.0
5nwfo6wlp2jckdah,0.055267785531895736
i6eonz3we45rxsd5,0.0
pgp6scrfduwoap5g,0.0
crjqvpknylwnh4vx,0.0
pzxokv5yjl3s77mu,0.0
ysp4wswkxsnwu7uj,0.0
hqoehidyndw6uo6g,0.0
4btpq6fcjnugyfy5,189.0073905716634
acwqjthwt4pw47c3,9.434406354272719
lsqiyqmvarddrwjd,0.0
ef665i6owrqwae5b,150.81552167756345
e4mwvxiplb26c7kj,0.0
coytmxxirayspwqs,203.47668867299296
uiq7u2c7ppt3y5tm,0.0
l7dod2ni5x4nwiox,0.0
6pepdtr55ggx235u,0.21857272935233282
yldvzmyavh3ojhnp,0.0
astuuwel3nutdcab,0.0
op33sybazpnnnfkx,0.056867725185694815
pzqaaxk7lvplzruc,84.41388290660925
akolq47knx4ygtk2,0.0
nemwdyohr5nsbjri,171.54488126707022
5w7btr4fry5wmtos,0.0
7drq7bc6lgfdttaj,71.29453454152325
l3s7zcif74farmt4,19.56771851652631
jfrdd4gsolw4d6h4,131.75014185085138
umsq4vwgvz5pylfz,442.7437244556424
whyjrefm4gplhp76,7.856141144837283
uo5fgvwoxduug3nx,1.5306589489740618e-09
xu7clms3fysvlyep,0.0
de6b3xum7nwhbmeq,144.70933661235753
ojsm2pnsajwhbned,0.0
m4b3ycuixuvng7qs,73.32819631103499
eqq3ydtnoqy3wehl,0.0
dcw5wn37gdkotxpa,0.011157008442429799
6fqglapez4tlmx6a,0.00036969208575196567
p2r4dojoinkgexym,0.0
pw3we7ojvmye6ork,62.161335142004305
56pxommj2ndlrb3l,0.0
ouqloy6n6hf6635z,0.0
uyol24izi7qd4auv,0.0
ltaiwjxq3bloz6wv,0.0
3e6j5q35scarg6sj,0.0
r7rcxkqzh7g2uf4w,0.0
ccypc5iosouhxhw2,6.0025060041008713e-05
jeb2juc4weifwyni,0.0
ao4mbxpsaesk6zac,108.40127783433088
ry5vh7zen4r5na5o,91.39344476161357
fvcv4zyjqar5xxd6,176.72693332508433
f7yye3jxuobba4rn,0.0
47rvkg7rgac355wj,0.0
z3texno3lwyzecok,154.26314125780857
qpwjtdgmfvmmbtt5,0.0
o5cv2eevku5vpkgy,0.0
xfxofwsvfsswm4hu,0.008634674807522554
nnnp24vpyma4etdv,0.000492235400350516
ho3zydebxasv5iga,0.0
7p4astpnmjvsefnf,0.0
p52xpov3pemtpaw7,339.08727577717946
ixjqeun3pccp47hs,0.0
liusrlr6tvspbe2e,0.0
qw5xcuoa23nnopb4,0.055716196191605706
72dxtuocqowmgho3,1.5136778636233491e-18
luwfdd35whfz45to,60.54016215983104
zfzoqryexndy2s35,0.0
qubrqmeptmqyw7yg,21.34857033485463
crmrsdgv3ewkv5hy,259.5162092876453
i7gqtdjwl6imfh2x,0.0
uromdw44rille2de,106.1516379120624
ea6m6mcjgfsaqqqq,0.0
s7qtisoqwtz776ke,23.944604448619206
dm7zfnq375u7m3cf,50.98587085314802
tkqkzxg7etf3fckz,0.0
zgii5ukzd5jrzgbx,0.0
lid5soccjxqg3ajq,2.6236867180541177
czkpy7taj7n7pmkv,82.03229220997909
jw4gmjjrdcf2rp2z,0.0
44tgo5ddtqjxtqog,0.0
2hez7xuw4ct5yzfr,2.509559146302646
jp3yikr3o6dg5d4v,6.6229569291111705
5z2x24cvpn2h6kj5,1.5652343200529764
a2ljq56tkiuylnyv,0.0
os3svky65uflxopf,82.49556470116087
hn6ys3rfjgi7bapx,0.0
ejkajmkmqhbmc666,0.0
bppqfhvrbotwvhke,2.9775640463289483
63e4wlbbsi6s4x7a,1.0967037875142543e-06
n4do7aujase5groy,0.0017549631752201565
qeqjcqtntaxw6drm,0.0
xiekcnowr7dgwjoc,86.51953244994473
fdou3tkcfcbz5y6v,378.115112048582
fq7j7xhd2yzwind4,1.6311026203786804e-14
ynbxdg7j4ocucvf4,0.03611743988060579
wa3pl6ikdsvty4w4,0.0
7667i5k2irz4yivq,132.29134297685133
agootgmi5ylur4sl,0.0
rnl67jiediocrwvo,0.005577128078801634
e7zjgxtuhmyx2zwt,2.3540701675990525e-06
kdbth73zdaglp6o5,0.0
4krmrgreu7m2lmvc,0.016444434944287552
we2gkgdrbs6ayhhs,117.87648001311497
wsgup7ocytsfl34l,174.82100089097682
336a4vwm7aergbjw,13.869057059252002
3erii5bnyz5c7ija,0.0
sjfc4khv2xwrvjni,0.0
mhpvhzhv2vskiuu7,0.0
sq44hptdm2slana5,80.19964854376894
ocmcknzvh2z35d52,0.0
pcfeb32h5deudt2d,156.71621533311367
das6keqb5vnxjeua,0.0
zaskt6ctzpliyoaj,101.15360662583396
f2qzmrkvuccrvjt4,0.0
kogeutpunirkldf7,0.0
yy6dyevz5idel2y5,0.0
52acw43cuzxa5v6s,0.0
6e43m7v52ykp4hwv,0.0
kntqhahfvh37sp6y,186.08272209363207
quuuatbx2ya3k4y4,106.66549560684388
tpjsajpfwjqq7d4g,5.521898774948101
xnxl4ndsveamaq3x,0.0
cx4sc5eawwbtkpxe,0.0
4djuodnvoqsqrsoe,0.0
laesuxelvnm7sfq6,224.90333924103925
5hle4lmry2ny7gcr,0.0
wpd57o5i7rytidqk,13.428996832720722
3owkz4axmwgqf4ik,73.83710417812043
c3pe4ntpmclayltl,51.71692712839587
rtig6iycqnz23pay,0.0
q2jdv6357zuwfekr,0.35662578581211274
ri77p5bndkiee2sq,6.84617456216275
xxlk3jnns6qb6lu6,0.0031934236126468524
kdqyzdiqqliio537,0.0
4rfryo77eixbpizg,0.0
p6ernzuhpu3swl2m,0.0
zs3iozla52s7sxoa,0.0
2ph7o66y63jlzrma,131.8877180408125
fitdktepjb4miau4,65.34075518334815
tz7ki7k5yg253uol,81.9430968871934
ym5uvgzwep4vdlbe,0.0
wx57jqlgw7j6mc6j,0.0
s4jpofyjgczzs7fz,5.3457390015170505
qqihktdbkjbyauqf,0.08185037613610668
tfywbpbdc6zxxu44,0.0
wm3thhc3t4e6hut7,289.0891418194203
pwtcgckqboq563uc,0.0
hvfavz4voz66qon3,0.00012961885258320078
fuuthspdj3gsxdx7,0.0
whip2pxlgw623gt4,0.0
4x6udcma5pphdfqj,0.026222610432813886
mejjrmee5z7wbebx,0.0
h2doqb4mtl7fnxuh,0.0
z6dywrqfsfoglggz,2.2790915857127305
budeiubafg3w24fk,0.0
woqb6wx2lziymofm,5.522612046782204
n7go4325mbdnbzqp,0.0006009610166747561
acyvtwotkoe6uy4a,0.0
ih463aghq3mx2f2i,157.4640821516695
phvvrxexpns44n7o,0.0
7rgy7hykvia5s63z,0.00021031039048866667
gowqijljjzks5eez,0.0
lbvmehytj3cyx3fb,0.0
ymwlvzvmedhsyobw,1.3736553699548124
mfdhq6pqhwuvo5vi,0.0010269265299499063
rtkjil2wafnssauf,0.49552706622833415
xjcqfa5tmso3tnda,0.0
r5vfnk56r353b3ba,251.12117306253205
jnni573kvup5fmoe,2.55380316542212
yzkh743tbtfu72rn,16.96769920638095
xf6g3oo6rvhe6apk,0.0
zsvejq5pa7fglimp,43.22861071956051
gelui34qw4txndcd,0.0
h4bacatxcn7jur6n,101.73803406160215
y7f6k6dih4ahu2lj,0.0
gymseywjsihvn7kk,0.0
u7lzdz6mchowvbmy,0.0
mcv5urvyr4lkxosh,6.9488619317933376
xi5f4juqqyjilssj,106.34415915064488
gjdwlfchkafs3blo,68.40031597871848
d57szu4unsnz5as7,0.0
wosbo7qe5ujovalv,0.0
chl4ehyrkvtw6mbz,68.40363531698321
uymbuxde4ncuzxmf,237.9738014620798
h3rk7ko2d6otr5uq,53.58563769188859
vb3gyhlml5o5ys73,0.0
nhgidtv753cmjrpi,0.0
x6dcashhuced7dh7,0.0
4bc53kbv5x34wyk4,7.783442736611537e-06
zc5hgs6nqr4hthvn,0.0
x423ntyx7mz25bcm,0.0
56scjwf5otbqwppj,0.0
lkfjxvzsqqcm4r2n,3.8096030007982593
2xfcczyx7hjmtffo,0.0
uiapxxjn66evr2ry,0.0
tlgkogqucv2llmkt,1.1616017226978665
oybmwcs33jo2kq2i,67.7277464285141
qgftbcrpdmjwtly6,0.0034554464528559776
cza2dfhswf7ymcih,5.752434985196818
lbwhrwixju42xv7i,264.13759300184785
mg6bwzlpec7bbgo7,91.67186841106718
rimquazskkhx2bhd,0.0
3m2zskqtwcfp6oni,0.001779630589984861
iwqh66sqwcgntmdm,0.6596211477665662
qnpqodt5ympw25s6,82.9991617252491
zazxslk2yazgjjaj,53.3338501756521
7wb6lojpswenbqgg,58.07303860361144
gran433z24ivvfbl,0.0
gxuevpa7qtlfiwmm,0.0
ah3z3zuacidgzogc,0.0
ptxygyry4pasle6b,14.457460915837032
5l3fuhcdc4t6lwqz,0.0
kghj2qufnqx3vfqa,1.4625543599261148
xu5mijegyz66lys3,0.0
pnqf2wgvlyqljgsb,0.0
65myhctzdalvtbga,10.310547096275217
l5sgcymux3khs56z,0.0
bnk73lh5skhsvr7m,0.0
gyscergmhhbe4d2c,0.0
jscuuqspeyl5vbva,0.0
kmhbdnzolluhkzqv,19.897583020693542
vv7n7kbzwkor5qkn,0.00528796142700262
6zjll7aszncgb5ie,0.0
lihyetrrgyafemff,0.0
u56bhynpks5z5bdw,0.0
egf6fczpshjyuhfr,0.0
5a5hjofattu2z4mw,0.0
zqdjpgr5vozrnznq,25.168442834050655
enurnl4nvcatcbky,70.99812684541568
2z4zbvor4bjacanw,0.028023067287847727
s4tpvz7tjvspnmur,0.000537946349371211
2xibr2kz36x5ndqw,45.14454336572192
we2ighhp2iyxxfqx,0.0
axyseizwmbhomp3f,0.0
67f4k7a7em6jnzwi,339.4916989488702
g6hrnt5jiaxgk6ml,50.24789192511094
6pr5qvcrabh65gzr,0.0
anvlq47h3a74oh7m,0.0
idtqf5cjwp4nzqli,0.0
z3nftknbgw4kgd3q,0.0
hwbapxyxgdbmy2ts,77.5308034517403
udfi4cswqfwvedsn,38.24040027547569
jqab46mhmtfczw63,0.0
mgkwoj27gfaxnddk,210.0365924822816
7lobcx6xpygybap3,0.0
66zvn5jn7f4heze7,0.027067121329748145
3qompvko7bczautw,1.2840029373817676
cgikyetqwhmgejwq,161.15089125702724
wtwgdm3j4ujcd43c,112.94138501862982
rcclqn7oz67sl4aq,0.0
s3awtqzeqcv4e7dr,0.0
o3lmw4dbhczamk5y,0.0
66gxxb35tlcitskz,0.0
oxqufbm56aaury46,0.0
l7rqvtlzu7plsxyk,0.0
l32an7ha4jaspsev,0.0
l3y24ajazl7zhasq,0.0
5pr4nvzv2klldxpn,0.0
p723pi3gynrk35as,1.221773255228476
6xru6jlagsgwyevv,2.2483512171346325
qvzzp7pbdqfwgagf,0.0
hrle7wthpb6prnxq,0.0
u62odcbnzavlprho,77.82550622151248
6jbh5pu5fceuusdk,337.0324419132378
gbwtijxrzaqsymo2,62.507604459548716
m7a4uvutoi6zeaim,180.9853153267204
jgsa7ygs5bx25xhn,0.0
27ggbqje27td53kb,17.937325272261997
pq75ugph6fjl2vsy,43.3294069248678
qxry2y3afapmqiit,0.0
otl5gpckcsvbf4vp,0.0
gj7yoobc6vzoy7uq,0.0
kxkiqd5wkj4kzfym,0.0
3k44atmoudsdbgmp,0.34815630014513965
dhmjugvio2gkyf4v,0.0
rupozehfgmr2n73x,0.0005204192383712949
a2yuneslcvvfaipl,10.146608395983012
ss3xregced7bck3c,12.388463548799688
3juekuwokqsk2zcr,0.0
hw7ikn434ixinsap,0.0
xzdwd3zt4iyv5juj,0.0
dh7ow3wrwchmfvdl,0.0
5q37hyibuhzmi7pu,0.0
jzlvo4qm7ec76wdi,0.0
26pupbxyowhw6giy,139.42394899117022
3nfyms2qloabyctb,0.0
q6f2656lwhtq2dsh,0.0
ycbp2wa7koc4xfne,178.93025338033843
g4cfpyyeu2lzdczc,0.0
6xahcco3eccvezau,0.04383288333787752
a7mergbg6zyqyxlo,0.0
ui5yct7qsz67thau,53.2135969418889
aq3cbu7tryi32khm,0.0
43vznrw3t6hc5xd7,5.378456995201489
ai7wmzjkn6kbujca,0.0
ptccesmdr3qpygqh,0.0009177189746410722
opi2t2cxcx2cnqfk,0.6943891767725077
pbmcn5r5qxenhefl,0.0
r6ou3w34ipftnvqs,0.0
lw64gsfwdfwpimuv,98.28959348003096
7btf75nztgkiwvba,0.0
iai3q57koj7dh5kf,0.0
emoujx4fxzbp67aq,0.0
objws3q4bo37t5pv,0.0
2dfnq32ithzi3p2p,142.99635980922307
geoov6o4hv32m74y,84.4745711390174
exdwbuiwbburxcgn,112.3509748796998
ipc3b2aabz6kvczg,0.3305333445693857
wfildb73tfndomgh,0.03603153014448516
jztp6buauw2bvjb5,0.0
o2hodovduhggm6ki,0.0
cy42b2hq3m6kdvhp,0.0
bm3fra2i24rss3v4,0.0
73tu3wlpmzramjnp,0.0
kmnjrgzvbuv2ok6b,0.0
hnxpfb7oft7qayjv,0.0
oivi3qlwycxljfxx,6.421251445218643e-07
73rb5zbpmbk4inrl,0.0
c2feamp7l5g7xf26,0.0
dhzajyzm2uffbcfs,0.0
zemnciinug6d2irw,33.43505664934814
x6qy5fwwv5jvbwsk,0.0
7i5ydhptvtbxlhfv,0.0009044154465461666
jldbgee3ky44hntf,0.0
pqvmtagko4uibrev,44.72352135736201
usujezu2zrgqrqad,0.0
e66yvwcnfr444pns,0.00029019487542552305
6azr6jtpcueangjk,0.0
zxdpcnl743uvj4v5,0.0
ei3inyd37cdmdh52,0.0
nt64fpublz3hlvu6,16.090617957339134
36pkwmkagtz5x453,0.0
qvsa2qovsh5wosrd,5.160262826200226e-07
z3xcje25qtq5le2a,0.004608385778751147
wa3gcrtvvhgkgeur,0.0
3qcexfa2ttulv63z,0.0
4dfs65fbdp6677am,0.0
sxagkp6fo4eherpt,0.0
nkxji4l744tgsvy5,0.0
l3hmkgytpaub7536,0.0
ceuurkprskobjljj,20.97924112877675
bpjq2ingp3zzkay2,0.0
rgfwecikklayftbj,0.0
rxyupb657grdgj4j,49.91700040958012
6rpgfqmsk7igr2ye,0.0
iijrgkkhzrml4dzr,0.0
psjmpndq23bklzqv,0.04294396696913195
akwaqyyxbzivk4hj,0.0007544482404140623
rv25dhens2pollve,0.0
zbni7ww2i7fkin3u,2.2551041453437555
gscs3f2tipu7kjry,0.4121840630667652
n6fsp6icfbacgv4o,73.93295572619556
wewx6zb2wvox2ks7,0.0
ekhegblg2husb76a,113.12451850315577
yl6cnlpqvyzwqe25,0.0
5rwbbwwhacfrpuaa,0.0
fwjufk4jjp6n5yvz,150.67110728002706
qrm6j6hmqeijvvxx,0.08872881145369142
wy2w5nedowzjzxog,0.0
chu27mst232xz43o,0.0
h4mqkixpwqkdv2uy,0.0
alm34yiggigsnxbr,0.0
ngzyic6lhxkzr23z,0.0
yn65n24mncowaf32,0.0
qts3ubn4j5eabb7f,0.0
afgtm774wi7ijw3j,0.0
ub3oarikwyyykfmi,98.50612479400674
jh2ec3gujorghxiy,1.1898409737446152
hjyq3ej45hulrmba,198.29710940722703
ke5ogedehykygij4,0.0
albtgu4amu3dijuj,442.0172977403763
t7nkzf2zcxzj64lu,0.0
la4fohr4sgftakwf,157.12149422002818
fgu2q5flsl7hpqvh,0.0
m4rk2oy3gprte6sr,0.0
5art7jeg372vezy3,0.0
5ivlqi3qfusyqdwu,62.10660989926866
rl6nt4nhcsmc2cbm,0.0007396364657985603
3f5ujxe25hzkgxk4,0.0007975673747339104
5ohvd2panjh2ptsc,0.0
eqar2uxmtodaudvy,0.0
onrzbspfccrmvnwe,19.033877044388838
tt53n2wknyhcbf3n,0.0
jbrecjipn7sxspq5,0.0
63cyiqpy6yd3toka,129.83581644347308
pw6x622kga7k2qag,215.75564564632958
u5pecxaccqm4exqg,0.41178980820509636
hv5zl4zr2mcr7c23,0.0
bkn4yliyxe64m5mb,0.0
cltippxojh4ohvxj,337.1678081972864
ncuub2a4l5o2a25i,4.848223793026214
ou2kfu4qsg35s3yj,227.9453932871154
2yjvhv3mu2ixm5dl,111.85492552437614
ol57hyatjc2oruzf,0.0
553vgeoptne7zsnq,0.0
7v7hnjshc5v75bm4,0.0
ktwu4i2pip73i3yf,0.0
cdpgjdovqsselh3g,0.0
i2nlatkyyipxeaqw,106.67040073294937
m4p7ktuvbmsv4bed,100.13112414223414
miufspxdgc74lk37,115.51139868068303
6ms7onwhl5hg4l62,75.69344326655823
m5jcg2setemsnygg,0.0
4etpfffqoq6hvram,1.7147181071345081
2fxvskl2syakfneo,166.60429819359618
qjzeciswnmk3ii4h,0.007419109884666401
w72zcnhigwk4cx4r,0.0
2sq4lq5acjcas5me,0.0
wu6trmyevt6jxtwj,65.51403294701802
dd76hnwlwqnkd7hf,0.0
zmyil5kza4t6gupz,0.0
xhillchgmb5yw6bo,284.0925306379745
2bmmkxxo4tdu4hmj,2.2089255470385774
k6r6mq7it72pmewd,139.03917023185568
if3lgnjo6go42jl3,0.0005007297400854782
imrjovzppyhxgysr,2.4969549395315307e-05
g6jgxw7lnnabsv4b,0.023618783766945234
62frph2wknnbgwu3,0.002174842227859236
is46gw5eneldz6hl,1.111036096877113
tmrk7axzzithn5po,0.0
ltacheecoorntkxv,72.49591323624017
5nzbn5cwnd7kfcsw,0.0
dyptxhdbn6ja4ow2,0.0
oayszcy5cj5fiml5,0.0
tnet6vawpumegzmc,0.0
q5vcls3x2vrnkygy,0.0
gnicy4tut2wi3kp4,0.0004988458849719297
rg7wbp2skx4ffemw,0.01435630255593268
atgsamx7ofcp3wox,0.0
xhzcoqyvna42t7er,0.0
ov5dw3qjiu7e3l2s,0.0
6jznjtxf2fjvijf3,0.0
mg5pw52y3y2j6qmf,0.0
oayjaaowmrxpz3oa,1.485400069552846
j4nnsxdw2cc3jijo,3.173194441029138e-07
cf4dtf7xgrc2fmnf,0.07480320811750607
tpefsauf33pdnea3,0.0
4k7poeqxbyuy4yqv,0.0
wx4doofzfsvvwdef,0.0
gf3legqturmhu2te,0.0
ekzwjvsop5latn6w,0.001329534235840021
xux4qej4ky3uiicw,50.714951631877526
wh6gkxuqab2mtnva,0.0
vy577jj5yms4vcpa,0.0
ioxlc3sehse6fcy7,0.0
273hh466akmgef5p,0.0008230971514780286
naso2y3ia5mzydd2,272.9961205088615
jrahxchmunfvvmrj,0.0
yxwp666up63kjahq,100.91220447374386
2pdfvmecpcjsx45z,111.6242445389032
ijkxcbjat4hvqitm,0.0
xid2jtphlh3wnq4y,102.50189107258885
sqsyvfqyewiw6wlz,333.45069545293006
rs33zcnj754hhmwd,0.0
cdld4hc42gjunvw2,0.0
prj5vl3e2blzkcps,0.0
nv3waqcefficwvhc,6.454603058968553e-14
tapdeum532nyqnpn,5.873712375328828e-07
s5njmjc47mulx5vn,0.0
k5yjadmq4tl4giaw,6.064399045176395e-08
qdmt2gmgfb6wrvtz,0.0
fqdkiq5z43ef6kfo,72.66557632669023
sbyuk55dyvh5bll6,0.0
ljxtungrxxatbi35,0.0
x5rtlzb3w5uk766p,72.95556458138492
4ekmaoi6lhg42qie,107.14922463644491
4agoh3k7bhxq2vmd,0.0
noclcqiig7ilrwny,0.0
rvvmuawvjx6un7bx,0.0
hfhfsz6wbamppxjw,0.0
f7thwupmnl2gxmpl,0.0
qij77mhnnztnjnty,53.45620611124447
bxuj2vlkayzru5ah,0.0
s3cy4v53s44rsydk,0.0
gjtp6kovukbpbzs6,0.0
zru5uccy4aw6f642,53.49324794168769
jkaymemywfki5qcg,0.0
pifdnaaqsbxv7d4m,0.0
ggaukiketehpvxqn,0.0
u4h3iwr7wno5vq2b,128.3165593350987
k27p7sftds4p37e6,6.250089449804238
xyghfm4lmjts3546,58.13724680969071
ftkas3siyljadydt,0.014339908989796216
hyni4ne5kr4dkcq5,2.4279465454099487
6jxw76qcqmucmyho,146.89525518408396
rt3vwykjkhaoisss,0.0
xkcop5dr5fu63v25,0.0
rdjprwr4hgc27qvh,0.0
vpbgnj34ndfhb22w,0.01923003713613509
l2ini63c4iwsrlwh,68.47026797879084
o35du7ndibdjssr5,0.0
k5xsdtcyg267tok2,95.30764550979893
pd2pat34g4imfzi7,207.8451247149233
gwxjpo5bccs7duni,0.006693990821154349
e7kfn47jw3uvohyp,146.41220340066667
t3bb6idezn2xwrty,11.75943724618955
flfjgvkvrvihdayd,1.6126227050400193
yjglphdya7qgqxjs,0.0
klxd6chmrshkclgp,0.0
vehvtz2jzbkvwuij,202.57868307776388
n27qcs64atmaxgd2,0.16220362899663132
rv7dhlhegpfcrk2g,2.0515941047237805
nkzoiuvna2oofy7e,0.0
2uximv6zlsadjf2f,0.0
skrmpwdleoqyetyx,0.0
pn2slqfcyjjby2h2,22.34427041030187
dygkvhv3nkbdbb7s,170.02816286291733
ahcloomnveett3z7,0.0
7wpy7rqqgqwir4j2,0.0
3qq5jdfvhqjbhitn,0.0
oy22ufuilfs33dm4,0.0
vwz6vlml53et4qlm,0.0
2ax3xi4nsny7bxru,1.8377433072815825
qq3mresnzhi26dzy,80.41905660656263
6tecy6az3lkekb7s,6.269842504694594e-05
flkbe4reppnbvxvq,0.0027704277299573227
bdctcrvwbuthd57r,0.0
qjwaiyhq6a32vasg,0.0
3bzjgizofiy2l4jx,75.50054772766276
dabg7yi7u5sk6wex,0.0
cxanu2lzm3vi2tzb,0.0
npvvt2a7bo672s46,0.0
2xoizcl2rphel3zp,0.0
4r6ao34r7pct7scw,0.41162925530695144
j2vny5xzbdgdamlu,0.0
jxk7v2k4jcy33e4g,0.0
tv7q56b2g3r6r6oj,422.96086765697754
fdzfv4muuulxfcrn,104.66442312805606
brxudiphzdqophtt,78.28176363869115
anurixfz2lml7yo4,0.0
2wt5fxxxgfzwwqaq,0.0
kklbo5gzs45cid7y,0.0
pcmfc2mh5plm4ozj,0.0
dq7pf3kprsxudrby,0.0010785532121432373
zj5kh4en732utskv,0.0
ofhiakaxs7b3lmok,0.0
56cbox5biwjpd5lm,0.0
l6iclj6zvwzv4dxo,6.95305582560655e-05
japn2yzrqsqond2j,0.0
zje5n4hsfvvje7od,1.3108730345942372
xwytlq4yjgczis7m,3.9453523693016024
ncxlbiuz46k4dfyj,0.00023641273864686614
4kojowg3dm53fxfd,202.5175646580032
im7n2pdwu4ee75hd,0.0
aex7qukuc3phkche,0.0
qqeumc6euaofg6bl,0.0
6hz5bd37gw4pji5z,338.6773887641067
ycabzpwesolyqdso,0.0
rvoewulrhts6enkt,0.0
pjac6epkymejbcbo,0.0
4hlwqpjtcasmd3qs,198.35963373368733
wpc527yt5b4a4bp7,0.0
oek2e3nntzj7sze4,0.0
i7nodzrv7csk5bkj,6.221275374985178e-07
vqiwcfnhx7qw6bfg,0.00797111854204388
ohnyt4gdot5hzqcc,0.0
sglm23xiekg5ovmn,81.08606890893779
fjp2y4ruq5vt2zp4,0.0
uwk7td75t3xpuiac,58.094908160532114
2yipmk62ccvys6jp,0.0
thbhlyb27r2a75jo,0.0
5wftj5zfds5t6rpn,0.0
nrtk4jgobyouiwuw,0.01495713243976216
h7lbpsi2swsa4lx5,0.0
lmzwpnekaqfmoshs,0.0
x4gtjwv4fabl5i7f,0.5291645500019032
ytpcuydxcd23vq5i,0.001397315149552752
ftw7leknmgpmdfdr,0.0
kxbkv6tkaynovvyz,92.26371080191836
ktt5ztupsvqx2txe,2.85111495421733
crzk5z4j3b4kowgt,0.0
4fiswcwfpu44fdoy,8.224952649199453e-06
r4m4sxcojfrjmgbb,0.0
bz2gorj6eiytt7mo,46.34893399602602
qtio22qgwgabjgnc,91.63216346467041
aooa2mpeg5stlafx,0.0
cubl2etui6dpbkvd,0.0
pzul5mklj4vnhram,3.5619547618183844e-05
5hwkxpjqls3hiinq,0.0
uqjdqlema2jjbe7l,3.404927555797353
ng6fzvyq2yfrmyrr,0.0
5cqlt3tjy2x2g4yz,3.628880811699037e-05
a6kcp53f7s6wftpw,0.0
lhptwdklt5j2xepg,0.0
g74rw4vulnxqiqdm,0.0
ad7ey2thyrcr5qh2,0.00020305510413235896
4vwg25e7a3bzj4ee,0.2137700278548566
mq2bw7p6vermwgnf,0.0
prsok6vv4tqkcmzc,0.0
vapk6kz3c7hnxdp7,0.0
3qa4ztvnhzstolg6,0.0
2mfebtxjhdcvjcsb,89.46588679811846
2fr5hdt2kzclzfsr,112.06548334532582
kak2jdilaipriklm,0.0007868601215836312
v4o2xfrjg6l6pnyh,0.0
nn2qcceupp63vm73,0.0
upzxorodfwiljltd,0.0
5wngnpfgbdd6te3w,35.293464971932664
eto2tp54xjb7df6w,0.1153397626813503
zuvrur7nzdbdjidg,0.0
7kpxit5szao4wfxw,0.0
v34m7dfs3jcpkkv5,0.0
ckxtdyfzhphh2ics,0.0
4sm2ljsdkn5lsypp,0.0
6mexvmy4f3lkrfjp,12.42262678313865
ee4yya2k2i4kbzj5,99.5877850289072
u4s4k76rdkxt4rq5,163.5365609182537
cxwye2xthca6h2ao,0.0
2gxbjqgynhmcdm2l,0.0
g6jctv2cw52h3irg,0.0
7wqdro5mwxxfo5pg,0.0
4eilwf2rtkwndai5,0.0
uynn6nfrihgntfb3,0.0
47rtacxrdklow66k,0.0
j5hdx5nvau5r6osj,67.19833649480341
afqna5vtvn3z3rsz,79.03077785777185
vfmy446sjzwjtuir,0.0
k6ixwpb2v5v6o6rn,0.0
cp24g25c2jimebpy,61.693519923462866
hvoevptbrvghu7f2,0.0021492908826477967
prihq7bphwg4ayl6,0.0
ss4jmavqvguonan7,0.0
66vmtbjhbuslhpid,0.0
leka4zpgwpp5g46u,74.9200393290332
lmykbx6nj6biikvz,0.0
wnpiyx5byozd5hu6,110.84976928195178
updrb6rymtqxwkhv,0.0
fsmozn4ereovy6da,0.00014187916803067556
w4jyvlu3bjnbopga,0.0
gox2nboty32d7rft,0.04528289008204991
5cs5wz2j2yeswnrd,61.70036983194092
jmoar5qqgmlewjfb,0.0
caxdyixtn5mnov5z,0.12084459976426931
xx2ncv6gihe6gnk4,237.259613622647
xcx3oajmvlzeevw4,102.75414040611378
t2a3dzzur3egfxao,139.3402037480799
5wr4uhfzve3gb45v,80.37572559096752
wzwuj5kcu24y77da,5.3838903373456805e-05
dgy3g2x4bpuzlbrk,102.28306096071711
lhfi4qfuq6z7z5es,250.10786997546057
y7mh5w42kh2ow3je,0.0
yf2yzjo66mtfb2ez,171.4722097338465
e5fgroadlsskhenc,140.75990968965328
ic6s2srcfjjmhrwy,135.83016866752448
hmahgeagd7gdtf3j,0.0
k4cded34znrofr4y,86.80417815861095
5kdb6w7wrr7hoplf,292.6748510986206
73bsqhuwshhv4pd6,86.12137798796404
4ubf7l4hd3mt65wk,126.30458610847268
v2xgxdbm75kxm4r4,0.0
g3fcfu2ezxvcfp4g,0.0
gucvn2elhncuqoql,185.86702277961783
pdnnusqe6he2d3g2,0.0
zbew6hfauxuo7i5l,2.3101681320149432e-05
nhpicba5pvievtuc,0.0
fyhx3y5ef6tnf2r5,0.0
nieg4vuvain3aa7j,0.00014790145979321956
l6gklz2nciryrak5,0.0
euvzng4hzdnhzcoz,0.0
onrwcvyd72adyluz,0.0
4n4qwpwe7hecmcdi,46.89648156691173
3a7qiymwsqjoq2gw,2.8711559987992272
mu4x7tofsumjxhto,187.45283973052963
fprbmdyjayxuxu5u,0.0
3x5rvssz6znggcip,17.330678879275464
mj2xtwvvi64qzavn,77.73652705300564
v6w6cxykbt4ypoeq,0.0
aybt77vumtvqexrv,0.0
phduzlml3ofzuo5t,0.0
2n6msszlpwc7tfte,0.0
qop4bkaj3sptg3ci,0.0
7v5awlxhfjxbhegs,0.0
ybfqyoei26ebhnzd,0.0
dewhe6c2kffwekmi,0.0
3wjak24grlmjkhea,0.004988736914740762
3bm2nxzoc3sf4mnz,0.0
iuyjqvgbjk4yudgi,0.0
wwhjjtvpaaopgdin,0.0
jitppi5ofyra2ide,89.25106186811044
dphlirwvdbexf6v5,115.50761350601226
65pocjmqekczidh4,0.00012309205754416794
b7g62ht3uz2w5hca,0.0
ukvfr2odmuee7krn,0.0
ggsyiyhignlxzu6f,2.683570883483802
ytkdedkswbmwcyvi,106.15739747295977
2xp7lhpp5fjsra7n,0.0
w2vlk3yszzc4spip,66.80393591412741
dzyvbulpbcualmkr,0.0
hlsqiorxa7uji32r,0.0
tba3gxsketgyxyh2,0.0
cetowlcnsf3otkcp,0.0036039015796773713
6xwx7merzmn2xuf7,0.0
cx6gre5why4jeko4,0.0
brcadxctsoccr2jo,0.0
77xxnvc6dafcmnbh,0.0
cjrgkt4oe3i7qcj5,63.5346267495672
bhsxodgj4azqni5t,397.0972255128637
zrmdusmgipxjcazr,0.0
emk7oigrfixebrn4,0.0
li54efrdfu6qpiy3,0.0
gwbq6f2lwllmzcnt,122.53580646562153
nfhs6dt623cepb5k,54.02052986387648
2dzjpzncsphg3vzl,0.009142054629687323
y4kzewqxsrun5c7z,0.0
vycxeu6h63pl3ove,0.003458897594796721
3f2ekhqgzt43h5t2,0.0
ouykmnaulrnwi36s,0.0012391089916329553
r5d6ps34gwg7ca77,0.07747075211608209
wufzghludrp3byyq,0.0
s22rviemgwqqw7tm,0.0
x37e2uvrvhssd6az,0.0
qh62txsw2w3vi362,5.044179339277762
3si6jiz4gc5p27jg,0.0
ilrwiasqmt7urbup,0.000842842635497793
ib33owaulltp3eva,0.0
mskkwfpzfpxtmf7u,0.0
xohwdgmdasa7v5hr,0.0
5p6z2ooxytctbw5q,18.575738657755462
m6qc5pajxbqnlx2f,78.67551412222808
qfm5mmp6gxvrn2zk,1.4628079493428707
e2xja72ubinaoabm,0.0
j3pwhdtpt7tzmdeq,0.0
26xhaz4oasufvryt,7.75559675284411e-05
pm64unkt3mpgojq5,0.0
llhmzm4z3loeqkrg,80.12954886937709
lotydxwtgoswrrbn,0.0
h24zxnaqpmc3rn74,1.5226151482369776
ga6fp76rnidfiteh,7.983033725761615
ohbebtjxwibdnewd,0.2828061055298529
eefyvea5ejhmyurv,0.0
ayxdvi26zpgnxay3,4.74245278684152
oljjfbrtuzgzxim6,0.0
efeu3oxal5tl3wv2,0.0
xohqpy6dhczqbd6s,0.0
thtmcxa72ksnjlli,0.0
fwqwmwueaart2kwn,56.52616532066246
hewqddb2bguqzza2,42.13222730592423
px7oqypwkow5tlkr,4.725672137771071e-07
yj32a5le2yzcba34,0.0
fqoyj3mn6wtnot6u,0.0
qml7je4jv2aljdok,65.6979122727107
yk4uh2kggeru3io5,0.0
qxsel2rvhxe7k2p7,2.606515543033226
36k2vq6ezrjoouhx,101.00568625537818
dne2xv35rzv3x6mc,77.45274847270875
wmpvc5cirqa7y7cg,0.0
pzrqw7rp7ul3qde4,0.0010106371424806369
ocbgarkx52o54fgo,0.0
mgbwyane2r665zof,0.0
yll6uby3madobb2k,0.0
74j2g6vmts4iqyd2,0.0
2d7gnupaqyy4bzgr,0.005286218308083766
gdgvdi6bvl6fqfgt,0.0045762708642999375
el3qrdoneicg7isq,0.0
65wuunyulf6lwara,73.24500623850905
k64w4lxuitbz3iu7,56.49836667187219
oa4dclup5dtabcel,0.0
6ckxttrg2mgotl4r,258.0625019759743
nvx5y4yh7j7vhrlh,0.0
rphcf5pzovynngve,0.0
vffsih47y4lwhk62,0.0
2k4wo3rzjps32d3e,0.0
qh4tydazcsr3xaka,0.0
t6nn5tvbwnyamiyj,107.08763478868377
udjuwficr7pp6nbp,0.0
tz6a4a7ufhrsux63,116.74081700759615
zmhemj3p24ii5gvl,0.0
46o3j3ks3sstxudy,8.410756843616177
hau2oev5oftt3xhx,0.0
xxaccszo2rc34qy6,0.0
7k7wn3egeiojglk5,0.0
3ue7sldqbgx3zhru,0.0
a7lg5ijbdnv3hreh,0.0
dh3bq6jsmi2bzahy,83.17069991007126
e2xih7thpfsdkpu5,53.992561020724935
v7ibssahvqw7h6jj,174.06757456356314
wyk6ib2s7g7agz2n,0.008778119354189753
3uv34ryjkauwxgaf,0.0
ogt4ltpeeddcbslm,77.82639668782741
2conasn7rolh6lvr,0.0
rj7vafhp5iqqfin5,99.98124194511355
jxg3lt4eshsa7kdg,114.45970798746652
a7mqzxonxpsfabjh,40.97473464548103
azdftjaulqseilge,0.0
mfacu6765syqaxr6,131.65880842211777
tt2vlkczmtsfnw6k,0.046349172024996846
3nmg2t6h32gghord,0.0
bvnw5fobiaiggsrq,0.0
s7iajulqehvscdvp,0.08980338217573458
7ffpxq47uklo2yat,99.63691374312315
z25o5dd7opvtsj3b,154.02056818046447
dxkiprfr4o5e3bbm,4.883617183733127
irdjpnrb3yxeec3v,0.19101805466206334
q6kg6tgpplxk4svs,0.0
le22gjjjnozetqdu,0.0
dvfz2bwlqjjh2mov,0.0
cip324skuet5cxdx,0.0
non7vzwzx27eb3yv,0.0
3p6jtv7qf4wns2m4,0.0
7y2bohpzputropsc,0.0
w3dlubbivrbfydtd,111.10852147115125
3fy4tgpp444zh2hm,0.0008872293973493993
gmvhc3cqwtryddxe,0.0
mrwnmj2rsi3eaufv,0.0
mucjcgxo5rqxslyr,0.0
gxfe2h55lmjuzt6l,0.0
tqqugkikhuadudj6,366.1042032475558
bezwsd32nzhgha45,92.39841503510061
qyaatseqzbg5hmja,123.48495292454629
ladauklks6qavz6p,0.0006073066872134296
ru3byz3m7a4bkib2,92.88707962915797
tpyctixtnulun353,77.1399052475212
plnhp2dtyf2rpq7s,0.0
3ohn2bf53xh54oyl,0.0
uu3kbeptlt26n3hf,0.0
vppobkm32qzuclzk,0.0
k6uoiu7jvmfvr7vj,1.5136778636233491e-18
ooaz5vxcfa7myhdk,126.88973915512817
qyiqs2hfxw626abv,45.32418315143211
bz7z4p2dysr2fv73,0.0
wibqbtez75auo7cr,0.0
3wnm4g2lic53gnks,176.87070825882554
iwod2ozaadhzq7do,51.9519655983057
neroa2khs6jihizg,3.2483751205490705
3zicyhgwjl45rd52,0.0
uuxbetiyvoad7ori,0.0
vl7bkkxucmhpvuvp,0.0
furtoxyzg3iusqq5,64.58276265691417
m2ccsdimakfxehwf,0.0
s357znco45bkfdks,0.008360973581870245
ptuwdxhx77hz3bju,0.0
klfxpzckeg5vi2yv,2.8493682653442742
o7yo5pdqtfodhlwn,0.0
hjdocsfk7c333yfh,75.82310832969654
fmwnfobsyctcvgle,17.367397564191148
yrlr5dxgwfgcg23i,0.0
ratwg5xnqde6hvdz,0.0
mcr3jdjbn4qy3wjk,87.22325002136333
llozo3vrtidsdeny,0.7704529913793375
7fhbebrqvndoezwn,127.1868678001548
wctgoyqbp3vaekv2,0.0
3n7szhbpt6y7obd5,0.0
k64do6i7zpmhjsik,77.09645571270998
3dpt2dorbr7b3tsf,0.0
ups5qy3zclpivw2a,0.0
ryk6xfsjxtgffozm,0.0
fd465juh7lyutprh,0.0
5i6juutph3beipa2,0.022279855745919834
sxxrsjlxpbkb2jj7,0.0
twdsdvefdbkcd6ln,0.14618001987453272
qcyiwqeapanrpuda,0.0
mzlx4ex4zgibxihg,0.0
rt4t6qcwuzqegy4l,0.0
p4qdo4bonrcd5zyb,0.002574039689355193
6sl4tj46ampz4kgm,0.0
vwyucuc67tgi5apn,0.0
fnosy4efaentlrmk,0.0
54lvymcfdnqzi3co,45.84150623468291
3phd5r7xb5b4dc72,0.0
z5cwxgqp6oyyqecy,0.0
hafmu5opsbz7ckvp,0.0
we5v4u36ias4lpvd,0.0
ydla66yd7axhmh6z,0.0
guemqdokledil67p,0.0
kljlygmc55fg7fxj,8.82158387295357e-05
n7d7pd4kgupl7z4z,0.0
3bbdgtnp75uh2aha,76.10145465736849
6dwz4kufhwgi3ybz,0.0
svi5vqmlvgt2otdc,0.0
k7bbgenriykg7onw,0.0
mo2we67ch6abuxyh,0.0
nyn3j4yu5c2bhrd5,0.0
uy7onj64y5zx2nv6,0.0
jts3fwdioeyhxeqr,0.0
cylwyxyxmj3cyggc,0.0
el6qpxs4dw4wgbpc,0.0
ij7wszthokdnbnix,74.42043925971475
pgleye6eapazojan,0.0
xur3fygzy2rysgf4,0.0
s6s24q2hlgembigo,0.35386728437810233
5dok474ivk7my4sp,101.6982073520226
sspdmevgjtz62bgk,0.48055745261860605
jplamkozdezaaxyv,0.0
zghdrze346ndcw5z,3.335908107070905
ga4xwxqcrmipe6fw,0.0
gpxwi7xhrkq2hu3q,1.5627546675963742
yt456kyusqxjfzcc,0.07381945079611928
7izbbxbgbkd25cui,196.55744598744883
kk74yolkz27vep34,0.0
engygye26fvxp3qz,0.0
c7eb5vosw72sg7wg,0.0
nle7h7hkcom2espk,0.0
klucxyco2v66lbbc,209.9223936481947
nsi2blgeftg5u4qv,0.0
splg5kcsu7opxabi,74.87416128000717
ncbvzdxy6itup2wl,0.0
klm6f65ry6m2pij6,22.69016321604837
ni3wolgvjweeqzvl,0.7630198795682048
f7abtdpkjzzecnuw,0.0
dyrlsrcpwftqhm6c,84.66202485179119
f7eagi5izyedon75,16.616019074004566
hbnzxjshz6k3baw5,0.0
uuj7yrkfqqqeaauh,295.83891920445774
rq5zfnzrmbds56wx,0.0
efedv3gyeyrnp3lh,0.01848504094103499
226bg5oxm6ylraec,1.2290500325257134
7a2ubjoo7nz2tpfl,0.0
ckxz2uukcqr57ouh,0.02039159090306663
onnhe6rlngpupwjg,0.00010190436493187976
aqsx65owjm2blswy,0.011573199544193126
ld6ko22bdmb3nbxl,0.0
horknfr6qrzvrr5t,0.7181322856170425
yrcfbull6zgmmqtn,0.0
px5lufy2m5rzla2u,0.0
s5xtg7g6yyumv55f,0.0
skhy6c6uxep3i3z2,8.388166024946006
y63mfddzimw3uk6o,0.02387532556262814
krdv6nlmlemyenmd,171.7467789065308
xi7odxfrwe6xffgy,4.06617070954303
35ue3jk5qslincac,71.62503932808285
jvxxhcgzg6sxfjaz,0.0018872656669104016
sz6smpacuvanxwp4,0.0
sq54n6cwrjoi72oe,0.0
sn2qwx3wfpjoqciy,1.4201941978113064
uds4g3xfmwqw5qwg,0.0
vd3loh3fjf2kuvsf,0.0
z5e3pp4hznfkhit3,0.0
sdib7h7bjik7uk5s,104.13647073894515
jdla5tojb3dg7gk5,449.73645145236003
4oaib7uo45x44ln6,93.50288135308006
jsl6xhtw2fctshfk,2.401722847894625
7z6ts2naiys5dw6u,2.0667697694071085
psdzm223cbdecipl,0.0
wl54qs226vj6dmq4,0.0
35smoej5vfd42sqb,0.0
3hi6x24thpmydhev,0.0
uz7czdei7uucmh5e,0.0
lmkngqrkg2xq4ols,0.0
6aesteunpgstd3ca,0.0
z4hykcrmcr2ptzl3,8.874376028590746
paxtniwocuyd6tig,0.0
keibwzs3hvusfeex,1.0301651713426767
4y33ntj2laqbyr6h,70.72951392368556
hlfmm2fahnc4hg4l,0.0
cnlafuyicae2ekn6,0.0
v3qrefzh3f3jf7ym,0.0
urhkznyb7u3iwiwo,0.0
absswsz7xfnmdces,0.0
6c2leag3f4yix7bw,0.0
z467nclap77dgxtw,0.0
yygzttut3ljd7l3j,0.0
3ck623mx6mhrat5g,0.0
23jwfsq4lmb3euga,82.85549090653328
t7cyjmzydenk3kjk,0.0
q45jvd2lwoayavww,0.0017791068551128773
3k6ilsoucu6iea3m,0.0
54wrl45t4s6pgv6j,337.03955921141846
2qwr7rxdm5w22szc,293.4345449257926
n5iov6u25qbgq3ie,152.42180801173842
zd3cheevg3gdjr5d,0.0
m7cmzp3xqxpyowgk,0.0
huq2r3j6iamnauri,0.0
b7ifs7ushfmy2sfw,0.0
qd5a6zm2sl52y5iv,1.1222384124783022e-06
kanri3i3b5sr37k7,427.8771457158013
v4ynuav5ywvkek7z,0.0
7ydujrnvlhq47xrg,0.0
s7huaqzrn6cprszp,9.861082999086955
yzz2bfne3qfruhpi,2.2584380074344413e-06
kn4m6un2mhrnuzmi,0.0
mpwmm2grnsx4m5kp,0.0
cywzo2akdo3xky6p,144.81035007616617
ey25v5doxh3jxh74,0.0
hixd7fhl2alrszsv,83.26493788420882
cp7fqkzrzmjdyksn,170.46635565972582
r6skwheelo7igs6u,12.304154725402753
rrgpxk7z65335eik,0.0
kjfta4s3236nxpfe,105.3824984076897
oraayscjf3o4rg2a,0.6935286428547339
7mufukrouyy3bg5n,0.07933331707990818
vygn732joodm5th5,0.005258173268871752
agw6zdeikavajnqu,0.0
hwjdzx46sxw2uk5w,0.0
lcbycphxrkbsvqzu,0.0
hhhrujhxqtcvuxqz,0.0
ly2k6hneaiwntjgl,0.0
5pbglxfov7on4fjx,0.0
y3xlbsinngrrtszi,0.0
my3pffd4ze645gjp,0.0
24wy3zp2t36cos6w,0.0
a6yervqoezk64t4n,0.0
yab26kkpefm4sjex,0.0
pfsu3ynywyygjcxz,0.0
shgnelffdkk3wbc3,0.0
egmboshqxhdwm23m,0.0
vhexosqf2om7mz3c,0.0
trglycejsdrsxxn3,0.0
5jugfbd3fzxjzegz,0.0
gfbsr7is5iyteckr,0.0
u5jffmeyxdeg4j6c,0.00036207801200940893
fe4hf5alreg66ljq,175.11210294203653
ap7jfpfx6utg7dv4,0.0
qjvb6cgh2abfqpsn,0.00035071829761786403
qco4dgzgzet37zao,0.0
kkdwjrexlki4j6ky,140.0465625550143
lh3ceras2urean4f,77.88119085121618
zhrhhtqwnlenggbt,1.6311026203786804e-14
rvww3q2mmbi2rrol,57.63024575356823
3kyujaptv3av4gmj,0.0
6mf3usp6rfkj7c5v,0.0
nbdcefu7mhzvdppq,0.0
2we6yly7rb2uf4cg,0.0
jwvcf5j4uazlbib2,0.003150390454865934
lu7gztvskgppalsj,0.0
w2zbq6yahh4w4h43,0.0
njxstfrfhvutqil7,0.0
jfdnrn5twafn5mef,84.36912186528262
vpidqb4lx7j62qwj,0.28851546877440826
lsusrag2w7uhraqk,0.0
tcbbvzvyy4xmb6h7,260.5935090119583
cm3mpcycttd3rupo,0.0
t5pjlwbbrb6nqj3y,273.27016177931796
bktmiamxks5mmchp,0.0
635fbl2d5qooxzxs,0.0
6a3m2alaswbzczih,0.0
sbmg7n6pmpbqp4tc,0.0
qv5daohzp35ims66,0.3322325431141089
yxzaq42ljveh4xab,1.9633293000841008
wetjouer6qcvg3ze,0.0
ehlibfoxbv4xe65j,0.0
yoqxwurjuzngzk7r,0.0
hvlr4trcgvyi37v3,0.0
h3htet4ownp6aej2,0.0
s4zvbzhasnm4xjwm,3.625266021213707
77hsf6d7pryiciqz,416.0630473537449
grosodmdu3ni76uh,302.6712130576199
b73vdihajzfnxngh,122.4835181757574
6jjy7mnar6pb72oz,0.0
ki2hvkydrblsusmh,0.0
jqyg5h7sp37ak3is,162.69508525201127
v7yqmavooqlkhcui,142.42081274369403
sljpor3jdvcmxza6,0.0
spgxqugvm22hkewu,0.0
gzeedm7rpguybe35,0.0006622565973688784
dyeztz326hdvvbnn,4.162389174298622
eav7eo3one6nhba6,170.09593213771933
3mqp64j36x4hfgyj,1.3632252199304595e-05
7nvdgeebmrqq5h3o,0.0
n2uhvn7otlw4z3pr,0.0
whgyu4igbntuhujp,36.8731584133842
4n3ng3dfdkcv7wez,0.0
4ah55m3w2itsxiag,0.8516583145999858
34hgpo6pnt62swew,90.5133374136148
fvzqjybostrdyydx,0.48249433524105445
pxjh74wklsozsrtr,0.0
wnqeeqagkcagthw5,0.0
t2uijvnomheeudgh,7.534752889143575
ctqg2o2mk4cmfuuj,117.8341632223561
fk745jd57xyievow,0.0
yys3mn4z6pzlvirk,0.0
ibnvb54fp6zbzj6w,0.00019929302895161085
vblvpramu743w3tr,0.0
wqadkksyb7ef4l4l,0.16756412882281357
rd3x6zao6htcutzs,0.0
ic4a2qp2b6ad4ehr,0.0
4f7hqohassj4leti,0.0
3llpcbkorwy5tcte,0.0
7cv5k7q2wn2ugw5i,0.8872093060715812
l62bn4d3rl2lot2i,10.375648164465835
2tj5rou3ahbikwdw,6.092735205718105e-05
qdml3e7ccbm5wtys,57.93261902620016
fp7i7ckkgwkmv2mx,2.081728275445351e-06
34iyoeex67vtkeic,53.06157211636349
5rezojsclh3bhogp,15.875885073392078
ojanypormttovr3d,176.1388197106146
nqn2krduilov57zo,0.0
g4mopwyqqor44jik,78.22908881348556
l3y4newhuos5nc64,0.0
5ddmhmit54omfodo,1.2488127692855555
ograi344dz24yucw,4.4932085499779365e-05
gvxjl74d257pird5,0.0
xvm7kn7eawl7247d,0.0
ukqvt2y4t6m2wa6j,39.80786087664753
2yxnm4mt6ty46kxv,92.55477325226806
h47zvraraf3njwa5,0.0
lzptkda7e2sikmkx,0.0
np22w5k57yzykg2l,1.5136778636233491e-18
clrw6azh6tbrtgbq,0.8762510984157662
tsiliejefeeddbn3,0.0
ht6tscnartfc5ktl,0.0
n5mcoydggznqpm3z,0.0
y4d4wbgj36yeljzh,6.0377134469060225
5gnqilpr6ljbrggl,4.237934348966261
ggolrwv4uwri5swo,0.0
4g7c775r7w66t5o2,6.746411963998137e-05
p6hvk6w3edvzklzs,0.0
ffmqtlbfponsoe5n,5.0418989058451755
fizu34fp2bxomhim,0.0
yqziydai3l5wfm4v,0.0
5viopkhuacvm2vt3,0.0
gw5ghdkoswqhqypq,89.20708318886582
5o4nqffpo7lbwtwu,0.0
d6o7ro66pvlyuhs3,0.0
uifxn3aedfat2he4,0.0
nzofyufomt3bgk7s,0.0
bnjbztxhkc2f6xep,0.0
5ftkqatgbioobikl,0.0
maptzviiyj37aurp,4.963944999532806
vw5cwk36jjo7wxch,0.0
o3vqwkvycaelhibs,7.273784853903782
tn6zo7jzulhy77lp,0.0
x5icth3tyk574hav,0.0
5tveiqbheaof4wmb,0.0
itjdonpy5enu35jq,3.120813896787281
fpwxclk7oqs3px5k,2.413501577593084
5ziwtr2ggn3rgo7p,4.799447443192507e-08
jqpwc2tl52ai5wt6,0.0
ay5nn375f7m3uaqd,0.0
e2ztstgjsfes6f7l,0.0
qek443qs6przkxz3,0.0
vz4oa2ksm3wrmucn,1.6146800232184115
cc6ovwbjkd2c42zr,0.0
72kgz6gr66w5lemm,7.422564892569761
vv5lpgpe2cfw2uyn,0.0
3jc5j2lhwjduofup,0.0
rdz23bbsus7fqtu5,0.0
vfpd3pdlan6k5epv,0.0
qgyajm6rz66stvxd,0.0
xtiejqifbkqcd3ss,0.0
fyekfjx4mu63sviv,0.0
eakrkct5xqkylfqt,105.0183114070077
e6loen4ntu62d3kg,0.0
nigl6nketjx63pfr,5.1334751416891954e-08
qy4mcf7izk7w44tk,0.0
22utmpem4nu6sm4v,0.0
fnpwuw6krxz2tvqx,0.0
v3mrvfsfoqxaxzhu,0.0
spedvnst6c5c32dn,0.000753802753107889
cbormbna7trqktpm,0.0
4ce3sxqi4xpjszm6,0.0
ubz2jxt2g6oyu4au,0.0
dbrlaerf2mebpfsq,56.24315653913911
2rgapoe6bxa3h6qj,75.81859869198021
ommpnkoqax4ycds6,0.0
enjwl4hrbwmelvgj,104.3982419083161
p6qyjyf6x3kw6yep,0.00011749923557251723
v6pei6km6lriwle4,0.13701396744122105
2l2gogaffd3owdko,125.56022276003515
egarjiu2e27sdhua,0.0
watejnkb2mvipl7z,0.0
52csp6rg4w3p7ib6,56.23307324289656
ibtd2k6htxihamll,0.0
vjl5mbab2fsogvwn,407.0267937039872
zv3luu5srfkp5qbk,71.26082354186279
ejk6aecny7xm63no,0.0
f4naffatzqwcjgyl,0.00045295322110754023
jn7kaxloksevpip4,125.25662331501312
ymshwfin74pcm4dy,0.0
pdv42237o6xmvwpv,0.6067005614199734
amro2geqijrms6vj,140.36735697621768
teit4ummv3wy2ynv,159.99485819472653
4p6auth6e6b5erqo,0.0
6igo7djbozaerrqz,0.0
kycyif3ek77ya4i7,8.34309064634652
qfsxps7f4xkrd4z2,0.0
exymgbqugsh5yuhz,1.1399169051885145
sjixzddy6zrt7qld,0.0
lyz4utx35ofs66zx,51.19628187393867
vrqqijpsbh646mpf,98.63054459931365
j3lki4aw3ofk3bga,0.0
qtgu32fd7m43zp3p,0.0
lyjtaufgz3zdjurx,0.0
oltmkgdfb5yurpbn,105.15365526248668
4nezaeolgg3wybkz,0.0
dl2kvwx277rc2d4n,0.0
p2zeqpnn2raup4kw,0.0
qsbdtwtci5d7cxfc,56.40719658374189
lv3ytrnptwbr42k6,114.95079935197647
swylaikzfzeic2f2,426.88796280662154
xhfxvjex3bhn7hcr,102.12568622390543
v5khvdd4wptkg6dh,0.0
fzjk73yczwshi3tu,0.0001840643898789046
wzzs6dooyc6ohx2m,0.0
h6puknt5ey4ndqwc,75.17881241539006
xpxztdy62yxljjo4,75.42450907829527
6yx5qimnjz5xboj6,0.08557534826797737
3xw25flw63y54sl5,0.0
r3alhjc7g6pfaznd,0.0
ofv2wql4h7m3rduw,0.0
blqegjsv32sfufxs,0.0
vkchhvjwpvpxowo5,0.0
bydytimwxiryislp,0.0
xijkainq27qbkscj,106.84246756059252
7ehgcvwl2pxls6aj,0.0
3xs4ai5bmfofxrc6,0.0
h7omc4e7qgh4bcj4,0.0
ayovik7s5dosmwax,0.0
zev5phoo3ru2lgbe,0.0
cds55zhm564ppsw6,200.7080702101177
emezn4zvi7d3keqa,0.0
6ypufupsfiaccufx,1.3820790348930507e-05
d5zxc7aqpj44xj3n,0.0
epekepey2hgsvxyg,0.0
75gyobomn5hspq36,0.0
rhif6udk5jz6asxz,5.157847225474813
573gingjeo7ycqqs,183.77323807277315
m2q5i6rzcmoyzpkc,0.0
vyuesqvug77z77ts,0.0
zojgbrqg4lqkt75d,109.27591903717911
32vmqbjv4zir42ry,80.27041639929567
z7y4wzy6evs5zwbe,47.63607523183761
jjc2pwukvkp7tcjl,387.2372893634687
lhijjkq6ijtg67hq,0.08167039462032584
2nvu5jso5tqiktw7,104.72814086538487
7gbhxjznzobbdlfx,0.12259865134005572
lzjgz7dx7cva6fi6,0.0
rsbh7eldcmpbb32n,0.0
nro72xa6thewgqig,0.0
kplrdcnx6hqthhwi,444.16450994235265
4uv2y6zjjtblal3e,170.16897655611723
t3iglgiht7bghlvg,0.0
x2h4yqaucpnkt4j4,0.0
scov6el6fx55dmj7,227.77209058650615
eum7v3nyg3dlo25r,3.902512979391807
sjgyyozr3a5y7hno,0.0005861820987812378
wa76xnzslin5lfhj,0.0
2f67daq37dfezd3m,0.0
gdgxe6keox37vj2z,0.0
slnrocn566as2ijd,0.006663922122548138
6nvbbuqq2mg2x7pv,0.0
xj2hr6m5yo4ye5e2,0.0
drfpbatktwzej4pg,0.0
makpkn75nmurg6ox,0.0
e5vo32knph4ltppx,170.84521532340955
ztttf4ym3ow3aepu,0.0
iy3gifqpurl7l3w3,0.00223670528213913
4vddhbyjq2rprhex,0.0
uqjrxltwjfrg6f26,63.92640797042485
tbjskjgxovdfeomn,204.04158731079207
jztlilbezn6hslc6,0.0
6sqdj5h234hvonch,0.0
oprfoksnh2iegnxg,74.0414542602216
7mgjd5tc2ay56iky,72.78620289454929
qf575uhiy23pixlv,0.0
57bvrahad4uhp6ul,1.5069835899394639e-05
3jbf6wcbouokktzh,0.0
scwbg6yjy3f6qdwg,0.0
652zp4yj6hku4dpm,0.0
h224l5ldxe5oicnc,0.0
7ezsrepdsigvw7el,0.0
4shhmpw4iuliweyw,0.0
nmv3bw7fpmcqittm,0.0
dvprgl5et6ct4rqv,0.0
4easrngm5q4lwzuq,0.0
h4lo2meaw7hdt4eu,3.205993599177848e-08
bk7xm5x3h3pviybo,0.0
e7kh33owrrhlragv,74.61472450977448
f7lyh7ulp64ahpn5,0.0
fcanxicibncgaano,0.0
jw2kocbw57t62gek,0.0
uas7xi7l6msfasdg,190.76993865802172
xessjqhzcuuerulm,0.03603148217915063
nois642cs3qedgks,0.4104930754401617
kjxkmiwgzetd3bgz,275.64084618669995
mintrnwgmk3nyjnk,5.6907009935799895
jqnco2x3ypobmx4k,0.0
hxemgxspbjk6biwt,0.0
mxkawclsjunpwmj2,424.8247611389544
r5rawqzzzpcgdp3j,15.36707645124328
siiftom5zvbognid,81.59468617210467
oqch6lje4kf3ib4i,68.90380082597878
2xwxzi6nepvyzm5w,126.46702440252861
uuk737nmzy256aqr,0.1501237189709313
tspit7eoc7ro542b,0.2868194620013459
zn2ixnysxerrwpwq,5.9979019370523305
wi55pxycy2i4rm54,0.0
sxqaaihbr7hnuugy,0.0
pgz4zepcb4op6o2v,0.0
yfifpt2qr5azqmas,0.0
xfy2sejgjgc7gesd,0.0
ot5dreav2pmqgvi2,227.62994908028548
2nc5u77edtrv3vsd,0.0
q3a5l5a2yjmauttj,4.168025839581533
4razyqgsnp2dv2m7,127.47616002101199
vkt6ta2jjiwkx7km,0.0
nemgq4uvy5eipa4s,0.0
fomkrvo2xge5sx6k,0.0
dfroiyw4376b57yl,0.0
7plha26yl5bqjpgi,66.7807420314708
y2lbn5l7uody66yo,0.0
7vhfductu755mikw,0.0
2lfmntpgtf74svui,0.0
o4gjwjr5qp3djwb4,0.0
j66e5jytp5juzdfe,1.9057522147668042
a4pskawar5yoeuch,0.0
pirtoggphq6snaqw,0.0
exbhxlo6o65qaihs,0.0
eo2gmaitrrwipkk3,0.0
4yigaqn75aaidojb,103.40009891803362
thirciakcssiykct,59.727039217272235
hm2fcchn6ftlnzvd,0.0
qzcab52v644qvxnr,4.315280638277201
b7vfwq535gnoatcc,0.0
hjjocbhtbwjefpsr,1.68881433793476
hfh6y6bpon37okgt,0.0
u5nqdrpbtl4zedzo,0.0
bu2qoj6yerfuvjuj,0.0
lbaew5pppr7fyy2m,0.0
cyhmczzfw7pgphvt,0.0
5ftkyx3tvu2qxifi,0.0
o3prxge5bjtedduy,0.0
c5d27raw7xookyec,0.0
uraoin25i2l6buju,396.1886987158498
giz6hsuin4qz4la7,0.0
ryiwdukmxm2cvtaw,0.0
sfeff5gglxxpragn,0.0
t7pnbcfgsepiw5ma,0.0
3cftinqojjf5ibdb,1.5642106111905104e-05
zpbrfcourbc532kh,0.0
enwl2gvkpgjh4bzm,0.0
7zxovvvj2wafaa3i,0.0
qcjeswqsv5a7gxes,0.0
oll2g7hmmbqo7sh4,0.0
fl7r262e6kli5n3f,0.0
fs7ame6hq4nam2d5,0.0
xbedxmuhwwjr5poq,0.0
7cx6j74gyhuagta6,0.0
nitq6ffc2bssmp7t,0.0
3wdkgf3iuswx3lns,0.0
lirld3ggtevkr3xr,56.302913045984894
rjfxkfybcvkkmjkm,0.0
n6dqukp2to4rbqd6,0.0
qzozgzh6owx3l4ei,96.31573626120087
o7ksvmprgvfpakhw,94.7844001548626
kojtlqmc33eqpfn5,129.08734643441537
ueoec7qh6xh7iiho,0.0
ri73vphearq74kf3,156.73790003252168
6vgayjcl57rfgp6n,0.0
senbak6qv4odgt57,40.128935926502784
oddb6hq3hoter7lo,0.0
2ukd4qwakat6534p,0.0
2eiuxpvjtbqxctby,70.97260352913881
ocytsqpzenxt3rel,0.0
6423dyde6zhyynsw,24.805310495259857
qec2aevjitqtelgx,0.0
566itd3iyj7pg3wi,0.0
uj6vfqqhkn3z36cs,0.0
q6r7x4udkyy2r56y,0.015278208849417371
h62utr52i6nrpy4t,0.0
vsewzpn6263sc7jm,0.0
gaim57ur5cspncxs,46.7982205939226
shdjosinvmgilq4i,162.4132485318231
sqvpsjt3gmg4rcb3,0.0
gnfngguavsu5vohg,63.77937050212408
fvkclpt7va5xllhm,3.236309978201972e-06
bwynzjbgnvwzbfne,0.03603148217915063
k4xa26klfbk4w52p,0.0
spda34x4232iqwbg,67.65820540621864
bnnepyuc56g62tex,0.0
hqli6y2mqybwmrhb,0.0
um2odjw3nqh35zza,0.0
fbwjw4wlrquof4eg,55.3207641278979
2f4sqgv66hbjs7rl,0.0
pqz3onjxfviaj4se,0.0
kpnbtxrqwj7mnq6y,0.0
dwnjvji7b64op7g4,1.3884984915280512e-08
mzvct4olnzpp46vc,0.0
jqjleu6xramp6yd4,0.0
jqnmztocbvfjwa4p,4.635174145375564
ohbovttkaupdlohp,19.89062110382444
bakbu7t6ckduq2sy,0.0
zegkiwy47i6gnytg,0.0
4bushstos5mo7jfq,0.0
jnvkxr6rtdvwie2v,0.0
lrjzbsyjz5pgkefh,2.00266397650556
kg4ly6khzrkwydce,0.0
vflhl6636vmpy43m,129.0511963612101
irswax2a37ai4cwy,0.0
ho7dubgymz4jbg7z,0.0
zjbxyeglqwn4exfk,76.31403966302949
62p6k42gfgv7xlue,129.43149325829165
rz6womnfrmu4ene5,131.93432042343613
op2ua6w55y46xeaf,0.0
plgbty6wbinnjikz,73.79999785070918
pneigp26xhmna3fi,0.48570450744442256
47uufmf3lbnmuu5i,1.2564811597757706
cq7gl3z2r3luhc56,0.0
vb624zveif4t6t6f,0.0
vy5yyrvenzsiseda,1.6273025677024746
olafc76t22wnkl34,0.0
5j3md4spisnvzjvb,5.6084932320626145e-05
4rxelsconfyskdki,0.0
oxlulqkkqkionn3o,0.0
ib34ue4wnrrh25sw,0.006760689765913504
l2jwbwjy6ex3aelm,0.00799339883869596
rs4aoftfazcwnezt,0.0
atubkyg65zcwkobg,221.29341961558308
q5icci733yi22u5u,0.0
t23goczyl4uueoof,86.04505935355438
lcclldkyca3alcfw,3.2804563757758693e-07
3jeboylkncxhcjtc,0.0
33i46hhuynwqddok,10.392149450284354
ykgt64uev6nwhuzg,0.0
t6pf73hyymb46hzl,16.354469101819255
yow36kovwcqv7xzz,0.0
wdfy6z52qof3l5dd,0.0
nnwvgzxfkdmragvw,173.56353443189846
htu7khnd5kc3pnbt,0.0
qan5cit647w3ho4e,0.0
pqrjek4ekxyaz3s3,0.0
5z75chauw3oc4bx3,0.2205932226659257
gnortol4tokuzwac,0.0
vdhtanrdnr6mitja,0.0
5ed7y5xz32rnkh66,0.0
rggtagx2tceygzue,0.018097438832536113
zbo7fecb4cjeiovl,0.0
xan4eyb2c2lddmrv,0.0
pwrrkpowm3oan5b4,1.6311026203786804e-14
kj2c5zymnyekrm2x,0.0
7xf2tvkq7gzcfowd,0.02707847050202421
wvmopfr3rvd7ym6g,128.07394907105564
zzz2al2g7f4pbsgv,0.0
otcgmhno2z3agxta,0.0
vfgs3nqibzxopgx6,0.4694916280018511
tzipkzgi4cljp2fa,211.74195542876157
2rnb67iz4ctnezmp,0.0
ypqxrp24kccefvxd,87.52082631937809
cwtcpxwua5b6kv5k,0.0035872164575096025
yhexal2setk5ov7o,0.0
vbhxqo44f5agoq5k,64.11097059365602
mqcodyejw4hbay2n,146.84058322959982
hsse6gq3knhdbqaz,64.88146576550884
a2xzmuxnzuuecwoq,0.0
l7jrb5wsgsb4p3kq,0.0
3wr33snj2s2c5bhs,0.0
m5jys47gal5mn5vu,0.0
nx347tqiu2nwrvhl,1.9103764778642005e-11
lxjl6wmy5lxa4zjc,0.0
piuqkxzzj5dy7mof,0.0
u74lqrnyjwk64wo7,0.0
vafnfsxrrh2k7tei,0.0
7khgoxab6n4jgfx3,0.0
eeklvil742l4zybw,0.0
cwukbxpehkmihvmo,0.0009698218044767425
ffa4cjkumiksgho7,66.846763240597
kbpcfoo56jzvpjas,0.0
36nxel7nbem7uju6,0.0
gvdrwkqd7pduhj3l,0.0
6yw24wlt52dcmxpf,0.0
pfbjpknzagogud3l,65.87147214374902
gvunlgkzqvfxdcb2,1.4003284887652592
subjczc67bia5vai,0.0
jer5oh2qlwgtvqbl,0.0
o6lfpgpu37llh25t,0.0
ij2m6spkhiizox4g,0.2882415340313779
qo4zeo7rvktai3ul,0.0
qlbpfod37hnqr2pi,0.0019667186804404597
obrwzxp3dvooirmo,1.740975143608544e-06
ggpyxi5tovztiami,0.0
e7ao7ztmi2catmky,0.0
ye2kunr6jq42by64,0.0
w2yhqtg5sdps3yqu,0.00011925472636762313
jqikbmctlmquvw47,0.0
xe7ht5cdgwcqwbsr,0.0
d26c7kdiig5ezla5,0.0
jtvjcrknljcvnuxn,0.0
it3hlxoqkhoa472a,0.0
zysnc2dugzliccg7,0.0
evleghctinbrf3wy,50.36975550605551
y4ds5fmioycm7siz,0.0
oh5dd6krrzh5mgtm,0.0
ixfarlom2twzwtyd,64.36151859108134
5hw3yecc4shklb46,0.0682425597848724
3vck2fgu73svpqch,0.5531424942412844
iswkhggemmtsddpt,0.0
5c6pffxbdeoh3j56,0.0
hbrp7tfzufvrczmk,0.0
wsqem5tt7mloo5p7,2.5984653572889727
wokpwcuhq3yhwusj,101.88799260432431
3hybjmsszoqtiagj,0.0
quv66gxkwpyoolbq,0.00023294941606466195
h3sbguj7llfjqwql,0.0
siz7bq74fmwcqdbt,0.32493277404602106
2baloegfmhfyvoma,0.0
lkcf5jtslrvwr5op,130.99778672833568
2lbnvkjmyeqdil34,0.0
iqf3lobmurmfmsq3,147.39981977975287
uhr75p3ru4vje2x4,0.0
tuoz3v26odbeg72i,0.0
skc5k5mt3cc6tr2p,0.5071722943143444
4cuqp7pn2ygukxdu,109.6401112745223
bjz3dftjxp24udh4,50.75864595090785
efrwp5dbqwnsnsi2,83.14835964378273
rifwaxg7vomoraop,297.1230313096119
s7gtl24mofydxesy,0.0
nfafdebq46warcxj,0.0
rwmq7wxiqcxi4wrq,76.12898575530204
3xs45ajusoqg7ky7,0.0
zoujd4vrt5q7wo4i,0.0
awwcsx6kzfw6shqx,0.0
46gpy5so33hhg2ea,0.0
4yrqwwygt625femr,1.1578946481673085
gezuuedfb5wjhfgj,0.0
x2cjbpjelvssdsgx,0.0
q7g4hv7m66rznl5d,0.0
escofu4xllbsvljz,0.0
kfwdfr5freetkh3d,67.01538752105947
drk47fo6hlstdnas,0.0
ygs3n4jvthawcsna,71.09284560276228
qx4gi5kjlbowuzky,0.0
zfi7axcftetq6zjz,108.19097351315119
bbn5v6eu26cm6y4a,0.0
oatwl77kwyx2fvky,100.10760572311062
glppmugn2i4mgjjv,88.24229078204469
4h4h7l7fz7uylqtb,0.0
z7ssja5ieghzdyc5,0.0
f5tlog4wye7cdgtr,0.0
7bwymvoudwplzv7l,0.0
baykyf3vell2c3dp,0.0
qlivt3ntjkocavy2,47.79944694134353
oqw4236mezsil4rm,66.13406761072955
vpuryvwwhku46ozw,68.32603586555325
3rnptq4x4th4bw2x,0.0
ef4a2dg3egj3yb4k,0.0
ebmxwtp7rqho6eb4,0.0
e2endjvoqil3qnyg,0.0
npg62nfq4dxjrjmy,0.0
2sxdl33u4gfiquad,0.0
7lcigxrvfgd2enmp,0.0
wosmurqruddwn3ak,0.0
xixcvquuhavs2eee,0.0
f2dtzwakzm3t45fq,0.8721738999944071
antps4bmodj2jjhl,48.9514682080782
jyu3prtufjouwzt2,0.0
77xlajnwfc5xcofu,8.612261839783125
qeca3e7iviq2iusk,0.0
exsxdd4pdrjlgt3b,0.0
c72ow3ggjwyuksn2,3.92228905511027e-05
pglvttyqgqbwvrpx,0.0
i62r2h3wuziozkno,4.509252748989261e-06
s3nsstxmqcgiwuaq,0.0
arx6ky62sims3i3j,0.0
fowuiuirfss737vt,0.0
xreeuoa6l646hcmt,0.0
pzss6r6iibcckpfk,70.38426993001235
jfohicgo2otyc4nk,0.0
vz5nb4ht3jmllnz4,0.0
yeia3l66yqgvkvr3,0.0005679913821172052
nt2sht3tqgppwoox,209.97593151055628
o4nymx2x37kufwfn,0.0
gw3mvgk7lsezlbnc,0.0
zssbe5nvyddlglaq,153.00676596296236
bicac5hymf32wzcz,0.0
jvxnljewboxgz3ef,7.327935226040435e-05
jifvniyex5s2rue3,55.64928868385936
acfmxn2dq5gjwbhv,4.004562347564177
ijjol2d4bepyekue,0.0
oszyjh7u67esf6qk,0.0
iewsvz3v5nr5znt7,0.0
6dyps4gdqykrfs5x,0.022386634177885823
u35433bijyophioz,0.0
ixc5ccvlbuts4pxy,0.0
pen2j3imgo3ytw56,0.0
zfl225lgnjmghliw,0.0
tgj4d6q4vbrqdxoe,0.0
yhenlvcd3wkfu7u4,0.0
ottzok6qmi5k3wp6,0.00014978374332613265
fdx4tv6rusofz54v,0.0
2to3ab6yjbwoaiz4,1.0802446016273795e-06
7fokuzai7hgofatx,68.25208020992386
453assrbydvbcx47,0.24508723826071177
6zca6ynaeh3w3yod,0.0
dmi42zk2ls6mdxfm,0.0
ajn4xodg6vywjjsr,0.0
zwl6a4ulalm7hww6,0.4813381152665306
4evfbd3pblwko2l7,82.18252994520552
c6gdstdmd2hjvtc5,37.66183571912219
pygoz4s4s6h42glb,0.0
uuq2m3dsli3aacv3,89.55337805326218
xbpoa2ubzgckqkjc,2.1966110833366557
idypexdb3ghonq3k,0.0
p2l3gqsl762jdujd,46.34308404484305
bskucszkgxstl5zd,80.10589520452433
ecxfxesr2xxwanpf,14.561706179762957
njkfzrjydy4c4hai,0.0
dh2jl2chtfrjo5dn,0.0
et52hnztbbdlprfx,0.0
55ncl67pi7ttsn7z,48.15000115231901
oeqcxuqej2hd7pqy,83.3356315373544
admabt5t4ke7pp2u,0.0
nm5jtjbkmeb6ljtj,1.1523961054743581
axiyw2mtqnvinhqb,0.0
t3raodad6fecj3ms,0.0
6mc674dj7v6yreb4,215.6200693042519
jo365w5ahdjmtuxk,60.126836403736164
ls7vy27zeqvfz5hx,0.0
brjb2dee6ru3vqv3,0.0
cx76hzgtb7q6lurw,157.48369579303858
md64yaoz3bhjcdzg,0.0
u4u3qkqhh2ritju4,0.25385551674887186
hjbebde74tyulnew,0.005302953425819243
mkjxluevmypatan4,0.0005368288638302757
tzg7ou3dnoyotmle,0.0
fqkdfg2mub5342fh,108.67780881553037
y226rnulhrvbc6oy,144.92206592882184
kpnvbtevbcondphk,1.7181736711430662
vqfgrmdu5buikkq4,0.0
mb2m3pk4tatpmh6v,0.0037305199958943655
zpbuqup3pnepkfpq,114.9052698364243
2xk23hoi2vjgstjk,0.0
iwa466j3bg6tbdzj,1.17655183022307e-10
6aag76oo6vni3fna,0.0
fddkx2h5kqsgbfjm,217.8613950196082
rahjhoej7lw2pwfh,0.0
kwuodxcij3fnvfgu,0.0
azoqzrjpolwty3f2,0.0
szydrkmyv4znfk52,0.00032344965320314084
xqtpna7vchmqnhob,0.0
ipgxkrayfgto7syl,0.0
24ptelzyk2jyj3kv,225.86076970861626
6wth4c4rr72hmt46,8.35154824950351
wgq37k3tskbvks25,0.0
7af6enwvb3moeuth,0.0
brhhtf2hf6t247uy,0.0
rhcy4fz4enegx5wf,0.0
bkw5xy3sslvozab6,5.577827001266514
7vy2q2qnvel2soj6,0.0
wuvpg55x2cdxwtkb,4.8272068106212505
732s3ut67pv2rw6o,0.0
qulikstfogntweg3,0.0
jv6pi25twn6nja7g,135.67068734110913
ak43yagi4porhwbe,0.0
rycq3llefybcftrv,0.0
wwtwvgpadnzqbq3n,0.0
bianls5vf22ls7ej,18.21382742891378
uvzp6oienzejzssm,0.0
e36omy26gkhrdhlx,0.0
ryhz5mgdw65xdygj,0.0
jqczbnwc5giqcucl,0.0
skjgb2ewxd6fxbxe,0.0
t3vjqmitbv7aylu4,0.0
xmzqigovd5el5whd,123.3556032705902
qmruq2vjq2pa7gs4,61.09910289568074
2rqrjiwrvozdt5zc,2.078387011209507
wzklld2hmdtabmmo,0.0
oeicspagpnseupa5,0.0
tgvlfshusiv2puek,0.0
hbv2tgvubx4m4qwt,76.58027596028228
wcdn6wt5yn7gmqmu,0.0
dw2wdjzi3qomwmsh,0.0
h24pcnvhrmcitomn,0.0
tmin3m6wxv2fpblz,0.0
bkix7fvtstjymhpf,0.0
lwdogafjplx2rs43,149.8372843197403
k6yhwj4belje7zgn,0.03603148217915063
crpzayfmxwl3e4pg,0.0
ohviptdbjo574nxj,0.0
wyilck3cx5iybycp,0.0
4ph22353uxygihhn,140.95166264846807
5qal4hsbesaa77zh,0.0
aixewl2t4xexnowu,72.25008767025388
fwmedflsyju765wk,408.21352224820424
hqmfupt2y76nquzc,54.535839138208466
xptdpbjq25jvpt3b,0.0
ibbtj3pfirg62s4y,0.0
bhvksmazyl6ghxkq,80.04358705511747
dhcdyst5gjqfv6zw,293.1255763776513
5nvkrebb2b3n5isx,0.0
fm7meztnrwgu625m,0.0
kh3aw5awz3odetuc,0.0
lkovi5xda72jnxbf,140.3092898195644
pp5e6jzftg2ym5kg,0.0
3jvyp64ncnxzch35,92.66597476529117
v4b63ipudqyqzqnl,249.71720311954186
fw2lzvvb3ohbwae2,19.931828782820375
epev3hj2eckpzlhu,84.2932082297653
dgzkn6ekncckx3ky,49.96782126340488
d4choxd6cn37fa6g,0.002885703969501333
j7vxiuhkm3x764ob,105.7592581505383
bzynatpqkmlh4q5m,0.0
evk6abdflz6n3qx3,0.012368196825217932
y7cug7kl7zjnzzco,128.42158178541473
kub72tlztpyonr2u,51.623628961173196
jhpujgjinym7ji2f,62.42567242927849
5agd4fzvyuocqg3t,0.0
6frnnfotiztwxplx,0.00011131196335200494
rdfufvwiozhwbvmn,0.0
l3ecu2k4qvmvhndg,8.490705669836999e-07
3ccd7hi7e47qg5wh,120.40116242849142
aterleqjed4e3v7o,4.296622842985633
yx7e2owhjb4ma46m,0.0
r2yvdqw7yw5zj3mx,0.0
ahlhucvw5wnwgqak,0.0
5huwmmrdqwztaml5,0.0
wukgthicay5hesgi,10.524585203183063
jx6dhqlotm3stuwp,184.25838136997027
mriitnopmkae3jtk,97.18710970687405
gduujkn67pt27elh,0.0005348520723996897
uraguet5t5hh2nsy,0.0
rqaq5cdf4oljvff2,103.33769657014363
x63ympggpofswwxy,2.3216305160997295
nova6yrl7i3wep6c,0.0
b3nlcgo2e3o5vnbv,0.0
ncsuvxsly3ioftzs,0.0
wamss7ouqwi5gst4,2.688970609010195
monzue6vocadazgh,5.0505692626921256e-05
jmthbuqhs7nhvm2l,0.0
hxjcnbuuyhsc4xvl,0.0
xn3avzzw5jgf5v3x,0.0
ktnh4zmjjxpokq7f,0.0
iwucl66ypr564akk,0.0
ugin4f7yi3ywxout,0.0
rgcd55zvoigk6imf,0.0
3suoclr3kxdly4xy,0.0
bj4l4ungojeqgnnc,0.0
dnib4qsojx36dg4r,0.0007048765892515767
25opynfztdgwotdx,0.00021087340072918487
asjb6f4o657wxh6y,130.64266340778667
typwkkyjbgedb63j,92.58090239509151
uecravrpwg3fmtpn,0.0
uelvexgrpz4465np,0.0
geeqdmx4z2dbb3pb,0.0
szb7t4flf2uaxnkl,0.0
6govvf2kzgda2oc4,0.0
tu3c67w7x4h4lfxu,0.0
t774hsyaxlqy24x5,0.0
azucn4gqtfjy5hqy,0.0
7lf42piqiho3uv6s,0.0
zmow4ko2nlixe6hu,0.0
j5sksudralfut5sq,1.348131682046523e-07
cnih3x6hki4x3tuc,0.0
cqjdvyq7cqnysfgn,0.0
2iua6acc6o7voybi,52.72449953343259
rfehbig3jeuhsuhk,0.0
aro3psnmyial4nfy,187.0071008936926
vvjutx2yk7vcbfv6,144.75112899927245
5epqgaq7ur6filza,2.393062135443253
26qhwmwuwaofzhgf,0.0
u6gtimlfobtv2g55,0.0
tbo2ssur4u3gwxrz,0.0
glvh3qrwyff7dy6m,0.03632313559454437
h4xrzxfyxnca72sk,0.0
7f6cnh457ltujdnp,0.0
gcbptrzxhgavkolf,0.0
onihssh5w3ddynx6,214.65773809287015
mmhht3q5vir4ypuk,10.042201020406317
qojx3s447qjgdsfr,0.0
4vd73kdascwe35et,0.016739932849354686
g55efcdrw5ookrm4,0.15412722883955127
ddmkgsbk65oesllv,0.029376690549039665
a3nb4dnsaoreth4e,0.0
dm5c2fblpnywu3r6,0.0
zw52haqchsb2p4zh,52.934351785005575
xapho6d2w2stjklm,0.0
lzvzauy7odi4dkke,78.75652314322478
ixwg4vxglvavybfb,176.2982777646888
pfc3jwgplio4nkoo,0.0
jjll6uzu2l3uuvac,0.0
7nurtdbb7aeowws3,117.21163582424013
5plqlmvdqpstgw5g,0.0
vj24gsikeha4jnse,0.0
bic43zty5q54aqe7,0.0
vywgr7n2e6xgczcy,5.2904146306400035
sslm42ffwqg3lshi,0.2139355111811703
qpcz7kaylg2i7kci,0.0
e6we2ojlph75agz7,0.0
x4qg7lgpwwzvpyjj,77.99971840302241
74onxe7ejuhzo7ry,0.0
nd546fogpyvavvag,80.89600362636575
465tzcudg2q254ps,0.0
gnahkudkctkzxthm,0.0
wj3w4egosybsvmoc,68.33469907254074
hghvh3axygegj3aq,0.0
r5ssn3rjt7n5dnp7,0.0
lqvome63y4ksp6ti,0.0
yl62zw47wqy25ggi,8.414891475902737e-07
nilwzaond6pkrjk4,180.53304696428657
vrzhwzc4ql2ryktt,0.0
jjagofsq7k5nif4w,0.0
lgllnrlf64guvvwa,0.0
vvcoqyvnt2mgziqb,0.0
jm65zx4u5lnuayxc,0.0
sallvnexlxuxzkvb,0.0
k54txb2lnhmjjfno,50.99834940307506
7f62m3ylchjf5f2d,5.975717340946729e-07
uerlya6foinbi67d,0.10974288240628105
6fpp52anmr5xkg26,8.076837380277126e-05
tmipyfsm2umosp5p,0.0037207851257355443
ajsplaavumwk6i3p,2.835124295773716e-06
l2qwjr3n6mpu3qgs,0.0
kozimpcnguwkwdey,0.0
2d2g5pevtfoijx6m,0.0
uuadq7ogae2tfpo5,0.0
46arjbzsyhifnbcn,98.11558004869471
vuu5me232wh7ipgd,0.0
nyculfi2r626g2oi,0.0
lq4gz2mue6ibrfnv,0.0
uoyij24k4iayevjy,0.0
73vx73lr3l4fpe5m,0.0
qz53enx3mxhg2lij,0.0
nqzo2ipeqx3usgoo,0.0
agvopi2n32o63uso,0.0
mklobor3mhhj5at7,0.0
kfoqp4xpdup5v2km,0.0
cuohb7dqtir76pi2,131.7170200990135
txt2bq3keonnh3or,0.0
prjvdco4nei3xcss,0.0
r2vcsds3cvdzglkd,0.0
mwdsgukbmhgc2e5r,0.0
7navskkfpcb3uld5,130.7596383653775
qrqj3qrihtipj7z4,102.29194701659515
ashj6jiwpdgfmurh,375.12811502847137
ca654qrj2x4uep54,102.09392624542313
yxtpmysuwy266dao,0.0
awooa7e3aa4qdz5n,0.0
p3uub5hne6ef2hic,0.0
67ecpkd56zyw27vn,0.0
nmredu22jpbg4x5i,0.0
hhievo4ak6rcvtfg,0.0
ornvvd55pe2h2pob,8.131682147418156
3idmtt5zfgkfz2cs,0.0
nl6n64yw7at6b757,0.0
ha6llfoka3hucmmg,0.0
mwsttju3juuss33w,3.1524014915529864e-07
gklitdvjvyxw3xym,0.0
sprlc2bthadbbzi4,0.0
psyyyojzhzuj7seh,0.0
5fve553kag47b44p,1.4145144837706554
o3hhbi4xncskngdf,0.0
jygcac6pcdj7pwjx,0.0
7p5vgmy5jnlngw46,0.0
43v2l62yiskjrc3a,0.01034544325924169
gyhgp6kp6ow3qp6n,0.042748589210609575
224qcoczcvqlu56j,54.76648041206542
73uebucvgt5qtjju,121.36196401120863
5xep2pw65zqrmaz2,0.0
dyf6lnfieyjocyhm,56.72579213440847
sbb4lpzjrhr5dnvq,0.0
w7t5kwpypjpeskom,143.36608968791623
5mbxg7wl7mhxmdw3,0.0
t4w75x6sdi2jy4ls,3.7166992884849563e-06
pikt67fyxurps5cr,72.2273497567519
b2cnexpgui5xmoec,0.0
3kkvrnolziotibcg,0.0
jqgspgrll4nkj532,84.31076638730207
rfmv57o5jg3kwtmm,0.0
upsx4ghkmzdxqwp3,0.0
rqr5ht4gsqn35ake,0.00013199776307246951
5dmzycdwpnlzy6xb,0.0
wsq62ofzt3a3dv5p,245.48267198641946
luyj7jnpxcu5f4t4,0.0
cndsd7ddzlt2s7r3,0.0
jxxtk7nco3gsi534,0.0
m5rtlvwaqbkxjysy,1.5852795667411745
3jzzl5hownkld2s4,0.0
3ihiiw3xdbnegxzt,0.0
x7tkq57f5unxml65,259.9216215655826
fmsxbeyodsxcpbjr,0.0
xjofhyhjm6pxvgdj,0.0
otfc7dtneotwx3my,0.0
n2ruxghu7qgotfca,47.66576515790606
xlf7ji2km7qgbtnv,0.0
e7zhhrkntdrdazqj,0.0
ucdokqi7zjeiqjld,0.0006209161184872431
zdwvlacml7owg77j,0.0
wzgzohvjoe5y6c2j,0.0
bndpro24bemzir3t,0.0
ffiny2hdnvh3kkox,0.0
pkh76y7ezcq6yoin,0.0
tdcepbmd7e2shqjw,0.0
hmnpliuheslobtbs,0.0
ocibdk6hdztpywot,0.0
uiivaueoewirmfth,0.0
nlm53iqops3rdq6b,0.019340617356428932
e4rlydixvnmwl7hj,0.0
c5inxzwd5dhwffja,0.0
c56xakclenku27fi,1.26603873756221e-08
yqk2dnv25jzytjh6,0.0
cxwz6hia3dglux6z,81.27843795069111
zsb7s7ckzuvffrnz,0.0
2yarniz5x5b5exn4,91.80572460952803
aqy4poh26idxciqt,2.051387135162239
ewioouu7jypdntzr,0.0
5msf5lcm2vyeofuq,51.350005180775
rkx2qoj6ysmxzq5e,53.873440825002284
ecd5kzrrlftllqlu,0.0
52ggpyu3ptjdd6ax,0.0
3bgyymieje6zuzac,0.0
p6uz4egc3536kuhg,0.0
sdmk6ly2hrf6zkg7,0.0
bykuyzadaqbtqbkn,3.414174198009034
3prsw34ktzynno4f,78.1657003584395
db6uem3ohdgnednd,0.0
kervbgp5f32nhttj,96.16423210782084
unmoczxkrgdlbons,1.949392525263236e-07
rfgofvxcgssr2ps4,0.0
xczop7f6tij2bddu,70.12790325389042
rzknlfaufioxxdfz,0.0
7woxjpx63mk52h5s,133.77748741121593
3p3dx7ohdgzqwzbc,86.02396326187878
7shu55577me5bffg,0.0
xt35ktxkfoqbo5dy,78.27600124284069
4xrjqfl53eernb22,0.01634631710406986
ortngyo6m2rsymu5,76.08869616166727
a5qvfy5flmanfwph,0.0
kjmtv663pgsrhfxm,0.0
fhpo2vhr6em5mzyz,101.43064300579329
xsxzcflnj6qsp22r,0.0
4orugvpykrokik2r,173.5797347094309
pa7lnuucan2pnkff,9.312109514504979e-05
ep6ytdoebacln36r,0.0
f3qj3kod3pes72ym,0.0
f4w6m4nngzay44he,246.17781521291943
5w2qcf2am77xqd2s,0.0
64pwwfka6d4xwqvs,211.35046891752702
robk347dx3prs5yq,0.0
p7ecscvcyewytlmz,0.02053058523715369
3odis5kks5f4sxoe,0.0
57ucqozirsguc27g,0.0
zaky32etp2unezlg,181.27964941515634
gcbmy5lra7k72amx,0.0
76okczubv5krukjl,0.0
d2g7c4fhcvgyli76,1.1756492201369073e-06
7x6ro67l3svll3dy,0.0
4lolle3sczkoh4db,0.0
c72lfitniwdd6ilx,0.0
nbap7zwgne7jjh4p,0.0
eyiaww7zzb6dzy6l,0.0
z4wl5lytkneaymc4,0.0
gubn47b6bzzekt7z,0.0
jalni64yybbwrcnm,0.0
yvmad3ynxrrt7nva,0.0
vllu66ugladbs62b,0.02598616152264088
tb4mzdv67nxjckp3,0.0
exdg76sfi3u2exwl,117.80127351239199
hhaes6o4e5fk6obg,58.8927134738323
yhj5gjbcohzhomyy,0.0
wwtkbajxzbsydgka,0.0
m7df6736uig3nibm,0.0
ruzb4asmzfbzbms6,0.0
qhw7iuddu2olb32q,0.0
kkabdwskmmv5ccmz,0.0
6dct7p6slbkd2xdw,0.0
ech5lkvvgsoq4pr6,0.007310180454592928
lb2ts7fxrvaogxyk,0.0
ovkjzdl2wxhgwgyr,96.72422546993761
mkhgtlcsfjyv6yeu,0.005611772520941947
7kmbkudmjtsjihmr,170.95031912290625
5dfixhtzbwhncft3,0.0
yb64hhwminro2cmn,61.93538252107449
4x3u3kie2422iqtg,0.03606074762833356
wetqfev3q2azajqj,0.0
evgn4xjbxcdztipi,0.0
q46xgrqahxhqdeab,11.792042446212013
sjjgcfkldac7nkec,0.0018252720248984984
3xtzoz6onja77lyq,0.0
kx6b326t6zyqqwn2,0.0
cy4sp7yiltzvikn7,0.0
bldyep767bs4nyak,0.002139298630690809
skmr3ditafaqgumj,0.0
lsmva6un2lep6tar,0.0
zjyxnibi5gsubkk4,0.0
lx67yi55juzp2njf,73.66164359183333
xy3hyzacnjoek45p,149.42662712813618
de77ssaqcfcoake2,0.0
2aooojnkxoe3y3gh,0.0
23sj6pwqsic6fhbi,0.0
ahcqsolrka6pfstx,0.0
nk43keokdur5bvgn,0.0
53gp7vimyyj65eeq,0.0
wbgp2vwhdqa7z56y,0.0
cbalth7a4u6h5mie,3.919821788931161e-06
bdexvtvx7wobvppx,0.0009616543091525518
ymurb77jntezxjhu,0.0
c4ypjp2tvwn65gne,401.02281469493056
tiq7tkjqj35bxqte,0.0
q5n66b3iereh7ae7,0.0
5vgeykqiyv7xvwb4,387.1575884262935
vh2vq5oscgnrh3km,0.0008732709087310777
jklgz42ectgytj2s,0.0
4vn6hcwivhpwcd2z,139.28262060325613
x7hm3fi6n7gaobh5,116.54689055691483
buvajwcvm7wwxapc,57.554856149466545
ilp5pxya2swheqoo,0.0
ajuo34xwoobpgcsz,0.0
4tcvfakknckqhxjt,0.0016093141896345784
hhlqm5mjwdkbfxph,0.0
no27rvjuln5jxcez,0.0
gycmhcgbizwaj4ag,135.40517316843105
fs3pdfgbfbhwqpat,110.7932125132578
cb4vm6yuju6diwed,0.005934828861902765
ptdabacitns54j73,88.71171608762663
beekrgoko2luck3o,113.24494742007025
cyblmh3lc5sjzebu,218.3721069151747
mrheqhhvxuarwveq,0.0
2qphc4rsbda6bdld,0.0
rddgys6xdtyqdiys,0.0
3zmf2fxnayla4bqe,0.0004064927523696669
rcnrcbt2ljtvrilm,124.91651897047637
uz6hstoru5jovtfd,3.097889148811365
i24zpvvd777ela3v,0.0
cvyoglfoxavu7hrj,127.74753105033423
nuqiuy2rotn47jji,453.94594043598465
k4wrhfglxjvag2vh,0.0061558364961925805
4ne3f7dsoti6gg76,0.0
xtuajrza4u5qhacc,0.0
i2nsebeiyzi2mzaf,59.092714551724725
rkbanz56nc6uflua,0.0
ophsurevdc3ul6jh,89.69628884708122
xz2eh6oei3ghm7wd,0.0
bkilwqozoytnugyi,0.0
geieko6u5o6kxkyc,2.0698480616735253
67nztbchda3u66et,1.51757013722719
2cqbyjsdtumk3tkn,0.0
fiuvextjqhzadqiq,0.0
7bjo52y42ahfqnbo,0.0
ulno4czyw6lj7fir,0.0
k6poqi5vb3nwd4kg,0.0
p44xwf2u4s4faqmz,1.0512379903919689
cu2tubclgepoc7w2,218.89623971523847
frmdgdqheirsadmq,77.32685328000464
tokhe45bdwu66qs2,0.0
qvx6gvszastkdr4o,0.0
tfl63hbq3vs7ff2j,0.0
q6sobyacdep6av2p,0.0
erzwihdvoy6pp4ju,0.0
fe7iyfscyzbddl3l,0.0
zzsswnulopgfm2o5,0.0
bpw3gnthvi4texoy,1.9593876245237223
5nsrhdf37y5f56ee,0.0
urne57f5vpba33u6,110.00183635818944
im4acvce56tpxtbt,0.03288230365454098
3i2rjvxdsfsyfdxv,0.0
lb3krxw6c6bngo3k,0.0
5uxisgwadxqzypav,0.0
cf6yyaaynnkck4zd,0.0
4f5lupyittk3lhvd,0.0013809360329271215
w4uzf5vou4oyqh3o,0.0
zdidb7zanvl2vt6h,0.0
prdgaxb3j56m3bh3,0.0
aur6tnalwms2z7xy,0.0
aa6alrwwxd5rb6zd,0.0
o364elqe7d7iltbh,3.1240517997001005
6gvsfxo4smyvgiac,0.0
cfsiov5bgwo6dslb,172.50522101790676
55lyrdvscpuyw645,0.0
xg3q5qwtcfly2dja,0.0
k5mu2tlsyl3ttohn,0.0
chf4dfbguf4omipx,68.08409565264044
le7cq3o6bu25xdhg,0.0
eb24vttsdagixfnp,0.0
dxmih3g4ekhoejjy,0.0
ttqnsxrxcm7pguau,0.0
q5dowqkurglezemm,0.0
4msuuwhxzcwp4nt4,0.000155276063729559
ksxsieing7xkz7d5,157.4753674515443
ikp6eswwifz6mn55,69.30791333856597
vjzbi35k6bmhz3le,0.0
45kc4ahl25scxexq,0.0
mtta3tzzoajmpgax,50.41621446949253
irfacqtvbj35css3,0.0
eoholqhqouwpbrlg,0.0
a27mmjnqutm4pz3q,0.7167528059997802
5nx3tnyjqbic75zo,0.0
uvmhsalwnpmuaz37,0.0
teykl6lotgn7qzhy,0.04276833265956243
oht4j6ltcary7hbq,65.63497920327413
ppr45icpg3zjzapf,0.0
7w632dzexgthvdrp,0.0
6hrhx3i2lh7iz4tx,0.0
fizqfq6quw43cajq,0.006465466345386202
nolb7ylicwqjwa6k,0.0
tmbafcd2xbt7recn,278.8698719446521
6evk2e6oe7y6tvsd,21.572543835023133
6s2wrhzz5v7ql7zi,0.5624857271728115
tkzg6j3rcojiswcd,60.6934888316067
izqeqyuimva5frbz,0.35591027468093506
24vdfo2smlkcvimc,0.0
w77poxgx6praltbs,101.23641450831923
khifzrjrmhkrozyk,0.0
loacmeds3llaisd4,0.0
jxwf7rekw7u4p7zf,0.0
ziyehpij47e24own,179.6525831950816
szqv6sba7fcsdutd,0.0
ew5vqu5tkyr7iuki,114.3642527732655
33sw2ynirj6miivc,234.2061250584453
vn6hjmi2ssjn3ahx,0.0
wbtxjy3l5lgwqrs5,0.0
nqmbrjq52toaszkh,0.0
cbr5nxqp7h3hwpwa,0.0
fluqxgfvaaig4ore,0.0
oejqok2mhedjqe55,0.0
j2oy5k3i2kyjdvyj,0.0
7idyh2sbkyofuwij,0.0
xldwqvjxddprfu33,0.0
gynqkdodborr4dn6,0.0
qaq4acwe7pr3wmts,88.81633955789414
xu77w3bc7bmqupiw,0.0
3ilsvxrt273cw6bn,0.0
xbgqpaahz4mwoe3v,0.0
xpbp6nipscnrzmqs,0.0
yos3jt4fewcnaujp,0.0
skbfhollhdebkh6y,0.0
h4fnyxpfrgw65glu,0.0
hdqhdfd2arpmnsso,0.0
wmxzkqetjkmawwfb,0.0
xekfnubzlymgryb5,0.0
utghnmd7fqyszek4,0.0
7oe7wjb4sdrcrjd5,0.0
kqrfmej4et3yepqn,67.27626068704696
aekomu2kh2uppobd,0.0
3xnhtmouewpfo75m,0.0
apmps6vk5kpw4kyw,0.0
yatg6nmyigvhqmgl,0.0
46dzn2m4enmpmg5c,0.233550322448613
6xyklubelaoir32a,5.6216950192807635
y2lr2cx572svgzw3,1.5653554107938325e-14
2bzcnnhbo32uqa64,0.0
u5tdac5rd6devgre,0.0
2zpt7gqivrmudofx,0.0018760437898457166
hspnq6qx7v3vmnqh,57.608153325721126
nzmf6hvlqed7yw7p,0.0
2y7y3jqrzaetwktw,0.0073958335078502385
yaywsfwnkqvhdxct,0.0
2v5bsl6flk63qjzp,470.5492872608472
6zxlipmqr7isupqp,0.0
7cumt5gyiufsittf,1.3491012241912044
dnaetkosebskk5t3,0.006141804235941663
5ne2t23phsltgso7,0.0
vyirj7llx44ylbhe,0.06218184714695034
c7zmfpsm3lij6f45,101.28001292400991
ragcnck2iicuf63h,0.0
tr77un4k6dogy4f6,0.5956109570741214
d4aff45o6vlktfmx,0.0003029865068656225
gym74k3wlnyropzq,0.0
pqxjenwrn7qqdoxc,0.0008010919503567514
pu2grqfc2aef55sx,108.75617188537561
uhsqk3xffj6gwnze,0.09593920549913323
xca3mcruhwaei5ku,0.0
l4qu3xy5dnn6trnm,55.71282385080516
ghtzc7rvnkf7rcth,0.0062236751881067495
cfdjh5lsz4kv5luc,84.48985034266832
xvs3gs7g4kjtddro,0.0
6iryipivtbtjedwg,0.0
sn4bpk7mefl3sdxd,1.4964528379706486e-06
qulnqxrtbzelcxmo,0.0
jv7c7wna3ki2nqus,0.0
3sp6ewtcam7n467i,0.0
qu7lftd2qgjm4plg,0.0
ecrn6i5w44a24m7k,0.0
liu7vahhloifoxe3,0.0
bd4uprxwc3pfaldu,103.63913702387597
juhrdeyx23mcojti,6.454603058968553e-14
yiqrux7ciwt6g7p6,36.99670037934254
3ptcjsouw3tfkenf,0.0069962464174230694
hev4djnnh3luqdvm,0.00019513772739204277
c3bbja53om3paemu,4.6035506481241
emgl4q3dagag6x7c,0.0
4w35ytliigev4z2i,88.77860486997011
45cbdaz6z3ihc5pi,0.0
l5wmyfutg2j7hamd,0.0
aubcysmswejyaz4p,126.43907545325958
nv2v5gjmwqjh2xsj,0.0
aj42azek5chrh422,0.0
5rdtarv7r7omd5mu,0.0
74f2tcrhgyihumcp,0.0
he3pk6gvajvipv23,0.0
wbozujw5dgahcwj2,0.0
76ienqm22gfqini7,4.585857801476535
bjpd2o6uxlonajfo,0.02417997571838072
ekcvqak3zgc3dy2x,0.0
bfjpcalsdcvdzz5c,0.0
udlx7dpnrs2otyq5,83.94693082194081
nbc43d3pvwrq46l7,0.0
d4njr66sxjy6ejj2,0.0014545940116577054
rpxczxsmtvu4nobv,0.0
jd3qkokrrvgoov4p,0.0
7owpsn67jb4ptntu,0.0
3f5vdkyxb6lio6yy,0.0
c2seekzp5lyylss6,0.0
sfpvvcmgj3bzgz4d,0.0
7zfs57w74m2lztn4,0.0
pdaqgsuz6hkl47tl,51.911872464819616
uhobvfiwen4tfjzy,0.048932480110257394
fitjg53noto3v7ee,63.8103928245468
7lsjkchkkmwlwuql,476.6875864461067
sawn6ojnaoska7w6,0.0
snqubu2aqo6t2yjc,0.0
thdpyeb5brnxdzlc,0.0052433564760956085
ybg6abfq7cczqunz,0.0
2xd4xq7xlr3cmidp,0.0
wuwroqkmesqu5hip,0.0
unblqhlqdmt6dyfe,0.0
onl52wsuosxqa23i,0.0
7yywimc4lvy2rp7s,0.0
amnivjmgdituxnxd,0.0
tb5e2pjmzq6si6vj,0.0
4fa3lt7uq4nm6q42,0.0
znjersibx4ll4cki,0.0
u53oiosc5gpnuymv,0.0
7kus2xsnlsyfmbbx,0.0
3uegpngykleqs6d3,9.178980616195322
xkqgw43db4loo3cx,14.092297697375699
sdo4mkvnucqk4y7b,0.0
iepig3wxzzvv2uhn,0.0
xikqr7gmimggzc4s,0.0
d4s5jgw2o6wew3dv,55.36881781419334
uu32wwqzpdyb5xzc,0.0
xqnr5w3yvmlnfsds,0.0
wnz6nrrwabiqtc7g,0.0
3qdaqjwndjbfiy3w,0.0
syyxdz7xlq2wd6x3,0.16140107560778286
5xovtntx6hdrlsrp,0.0
zzvfykcq4sq6bida,0.0
hnnew5lxavy7fiqm,193.5663968508245
vcxglnitgyrxdk3n,0.0
nr2wr4elasnk3t2o,0.0
w5uegnzfnnilxr2l,6.307231607604874
gndkof5f7brlgynk,324.1575031435258
7ntefgmsl4wvwc3w,0.0
iuhldgpoo56rxjwx,62.05199844668431
gd5hsdjq42i7u52l,0.0
etf662l4wptf3umt,64.96819908094447
yozffe5j32wbr22k,0.0
pchyh2ieni6jm2cj,3.171797228516124e-06
5oin3wcr5qffodrw,0.0
7etiht4e4tqnhbbv,0.06595847135589422
amjatbjdlqb2vuse,0.0
ey3zrsxkswczalmt,0.0
dgsllec6h4q5tchn,0.0
uyf3ag6kfrujljtl,136.83552173669636
t3afeeop2jw5hys3,0.0
bce3kkpjaskz6e7q,0.6835676227038151
xrdbqvficlpqc5lm,57.73821524791654
zreer6esriztn3fn,114.65956193272312
orpytbsllq47znrq,101.19155026285233
stutis3l7gjq42zz,0.012759895377516211
nsy7n4xtxh77wguq,0.19775601732484702
skuw5r2xv7h5gj5n,0.0017791068551128773
bafpyip5i6pb4ket,0.7834914722983508
xznlu7cigbrgvuzf,107.21728596948545
clnjm6jpsaoachxl,2.1712441602667605
trufxjiceeh22thx,0.0
4vzbxjdwbgscvgt2,0.18017850923390405
j5qtscswhhto5ktz,0.0
otvgambui5yvd3mc,12.892558769272245
h2ic6unasad3r4m3,0.0
q7c6jcjeo6tixqra,0.0
2ujbpoa5urqaieyv,0.0
jsjjzg6dxa2zxdve,0.0
xtv3snlwirbn66y7,0.0
74gfb4frpkxuzxxf,0.0
njwwlc62xqubs22x,0.0
rkvnyfig737ibbbv,0.0
kx3qshudqlubyly3,0.0
hvm5je6g7m227inw,0.0
uflbyu26dnav5nxt,1.6834167180342786e-10
feeosfncz7sdy3qu,0.0
rffae4omzhjit76z,0.0
jufpcbjqwxp7ixzw,0.0
lccgsdfo55it7r7x,0.0
cxwevjxywybyxgqz,0.0
hxdtfycyd4wc6osu,117.32837692731542
5bu5gcqh7ojhkm4z,0.0
bynlwmhnebshomyj,0.020222125433098207
7kgkrqbcxpgv4zlb,0.0
xxacehz2ccpvifgt,3.2782227990560685e-06
g6zhs6tjl2seog6w,0.0
6kdj4rbvhyv6xw23,0.0
xd3jret7rplzheje,0.0
n4ht5tjnalp7didy,0.0
msy23m2thok5f27u,2.2345545539769955
szrqyelrj6ji4w6f,3.5562013781001607
bv5d7iquhmcdwpzq,0.31679195088931555
zsfh6ohobwua5ylm,0.0039023063618945676
gcaezz7e73udsw54,54.10297467996124
a4yg2ig3ys4vcyga,0.19529952379837412
35as2qcikoeq3x7h,0.0
7lo2qkahwhzsai5g,134.5631921341815
trbl27o2r3jwwh7q,0.0
sc7d3udqy32x33yv,0.0
xsb7wo6tuvjgtp4g,86.64255701501968
s6zlfkvu46esnklr,131.29049376955862
kcbb6hldcazxxrvh,0.0
yzo7ipf7vqnwbizz,0.0
3qygqfyzlgum7dtk,3.163620274981065
ks3qg2d4ybo55aak,5.550038102577515e-08
z2jokw6excu2bpxr,0.0
xzjte5zsj2q7y4mp,0.0
fvegtvz4uglwujyk,0.0
cefqqsldqqhwncqd,0.0
5yjpv3vt65en67kq,6.454603058968553e-14
m3ukmi5v6prqjrq4,0.8635408446837036
qe3fsfahnheascoz,0.0
v36gmtkyskxjfrgb,170.56370564391784
aatbdnzlamsc3bpt,0.06184066597072859
4acja6w63qkqywep,124.1334980299151
ni223vlv3pz5qefd,0.0
evcrri6ssco32ehu,147.47339580379355
g7646yxk2ibqecjk,11.63880841535412
iiuacer3uwleaokr,0.0
soqmz65fcjlvmcsd,0.0
bgjyvftqwzcwczg3,0.21754544535956422
ysimhukisyjpojpg,0.0
b5cevbeyyqtzuas5,1.0025183899830877e-07
resokzqzq4kbkwui,0.0
t6td5rc36l243x2n,0.0
xxnldalvv4izonlf,0.0
ifq4d2prktuppady,0.0
gyvjr3hr264l7hcs,130.8533774032341
dvnlyfa5grm4mjvg,6.883494387501098e-15
aqa42mwhixdhsgbk,0.0021678338553478256
qgehznoxowmkk35e,0.0
hnkjbqxh324w5gir,0.0
7slljzt2figzku3r,0.0
4d7gws3x4jbekgm5,0.0
crbtzu2dcib4ggn3,57.81333683609536
izldgu3ir2rztbxc,1.6934742341357722
bbyquhakbn3cd7ib,17.459467583432694
l2b6ksvrfm7x4rdm,118.7778065367979
e6g7kqoezxm6hfck,5.758434751099938
neh5vunnuoh5wld4,0.0
l6y7ybttmpgkh4m4,0.0
h5j2blnouwrcgp24,48.65452415375033
zw4t2hsq7fsdcqeq,0.0
bkl4d2nrv6zn7qio,0.0
ooqlcgbvef45zcos,0.23740324507610738
eoxejlkoa6yb34xd,0.04404520851677998
l2uggryw52guogdn,0.0
s5slpxw2a4ev5qoy,0.0
npaedrkpbuqepndr,41.673543317541835
seojhopanxpcwrzj,279.14141973049425
ssyhsrqlfoywrvwj,0.004879433798217458
k4cmg5hycjrbbh3m,0.0
rg6khfyhfw5h45rs,0.01345692567405457
pgke7dm2tkqrp3xh,45.20260034844095
3m4nvkcffoemm5mf,60.63357086455003
u23ejrgt3mawfo6r,0.039297951396599064
pvztv5kajmkwc64k,0.0
ytweeiy24a5aujbl,85.17637566743244
zrrtgkobuelbpbcc,0.0
etph6s5afpudwdiy,0.0
2lzl7h7nclrncuxa,0.0
mlbzrzn7u4cto2iz,0.0
pm5zqtgtzije3ze5,111.36120667184035
akhvn5qni4awagrk,0.0
tridubnswluoxdcq,0.0
z64uuujd2k7mc3w3,102.67230544198803
46u33x5ypwm4i5km,0.0
azd5o7n4bvb4rifm,0.0
jrbyqgc32gu2zf6z,0.0
va73tk4k2xzlpl72,1.6370128480589247e-07
cwaddmwocq27q6rj,0.0
3t3svxrfepxap7lx,73.83948253544462
gd4cbebjum62w7df,0.8425240611837362
s33qgjvminzpdpad,0.0
fvzlz32peb3wh2vk,0.0
sh7ptbdyjjhjvxdb,0.0
2gqk55gx4rqc654m,327.80998998301664
lyyhj3d6hy7wp55b,0.0
4sqq6lkf3omanhab,0.0
dg5w5llkpjq2adnf,62.797212595372784
dcnbyav5vodw2rmd,0.0
upwahgsbrc62rswm,0.0
ywciobiucarb3i7y,45.5183952579629
bywuwydatq337ege,0.0
kkdm2k5yklrmrdzy,0.0
fi2g6myh5wjklg5v,0.0
nezi6hor2kaesu6e,0.0
sydazyncgmmjlc2k,0.0
xwort5qmowo3qx6v,0.0
bv2sv2txzn2mws7l,0.0
cflse2ltp7upipho,0.0
zkxuceszreucrrld,0.0014617307549720138
pnvn725khumuva5w,1.3663413317283318e-05
ufwstwfusgdczfa3,2.596077367842199e-05
4z7c7hpy7t3m26ok,0.0
coqqdl6laq3xt5hp,0.0
7xndzp6hbozfcuv3,0.0
ynmhuu75zq2hmipd,0.0
53534hz2l57xkp2g,151.19577834822974
buyrodwdiidf2yva,0.0
bj3i4g4efi6s4d4p,300.4773768806573
gccbgspceay3j5gn,71.34518778419488
pn7rcrcutt5qmw4z,0.6109693214305595
xqom52ivnnvkv2f6,1.2986004772527524e-06
yicrt6kwvmctlqo3,0.0
adv3dof6k6rqy7mv,107.11829721351063
d7hzlslmcic6ojr4,0.0
fqrvjr5ythlhnl6x,0.0
nht3jqd23zcmuocc,0.0
en7omtzxwqpjvoiu,0.0
nxtsexispqbrasqu,0.0
o42rwabe7kjvh6yv,0.0
dhxxgnw6qe2czf55,0.001774520616335419
27mpxtttkg6alox3,0.0
55r2sr6qpqwpp64n,0.0
boa4vxlvhmaw5per,87.04889804173565
cv7sz3eo2ejdv7ha,138.44538986700869
z7fsz56rhykvp7o6,5.645161487293301
yjn6jwsto6zvngku,83.96429115905121
ymjncvrylcsc2xgv,0.00044987419813201693
4zrlwmnix5iqemeh,0.0
6nexzvfi4ejrddrf,0.0
nhfac7ulbcrjzarb,0.0
pavs7t76jzvkagkp,85.67566776539422
doseampx6jt7o2og,2.496570961144044
i7gbobktlk3olq3w,0.0
3pvxqlvga5ukruil,0.0
tbtz54euepreuahl,0.0
sgukpdnc3lxt6nkl,0.0
6ztqys3eqyqyvhlu,0.0
wap66pgpf4wehpv4,0.0
dqhkae6xteodwree,0.0
fp6vbcadpu6yc3kt,0.04734890191450022
3grhr6vj76k3maad,0.0
ag6wbbsxxhccnyww,0.0
5kyqsqnu34ogufmk,123.87921992780107
7lr2inhz6ncvz7vr,0.0
pps7frn3bydqhypf,122.90455981204883
x27fuykwzi4fci2a,0.0
uqqxqvpu5z65mgzr,242.97657100943533
eckh6vhjrphd5pqh,0.0
7npnbjgybluwkk4l,0.0
ehvfafp7rzvxfcq2,0.0
dblccv2lxxsufljt,0.0
5qupl6lwjzksvhfq,0.0
btx6msiupxmy4xi7,0.4219110705514286
jhheouugwdisv7ul,0.0
lmlf4jlnx5ewasw6,0.0
enncyz5zieqics4g,0.0
o7kafqfqwjtf77hq,0.0
usxervfoxhptx6ee,66.25148690757823
gzwrdbdegbozzoz6,72.27420835258916
rc6f7uosrad32bm2,0.0
acglfqn4dijofl32,0.0
xnoxmzghklt5gv67,86.8675475312262
gu7s3hjvmaeozu5u,9.909862106029761
pymutg7jsjqgfymj,0.0
uc22zwx3eu6d7edz,0.03368004789084654
vrdrjdcsv6ob6ibo,150.24052685644233
5ijomijhqqvrjrbj,0.0
rj5psaoipfmeya3c,0.0
pcgemox4wpbjuay6,163.27475633358586
ykrjhe2t2yodcd4v,98.36176512606414
l65csqjxk5epgez2,14.450378119407736
shur2h52gh23cj72,0.03954540680545646
lb47gqzmdvv2fqxi,322.10289942243037
jac22zsewkxiszsh,0.0
4cmyufyuuy5gj5z7,0.0
4xk4ujbb3glh2e4b,134.4726360063895
pumolxdmtf65f3q2,1.7952342716031209
pq5fds5ms6zserit,0.00529910954326327
4ryx7cxv255smwcs,135.69337125373323
a3cui3u4coqpe3z3,0.0
hbcm4m4u4uzsv5bx,0.049684753611797985
ut5hf6u7r5karm3u,0.0
tlum5tc4ftksex2x,0.0
houlon7claf2o757,0.0
wdeu4vvhibu3x6a2,0.06147021733503794
qfms5oyipb5xltct,0.05222361516431193
irlelaqivpl7lm75,66.56334760595409
ij5thhlphkcqdafc,88.62001926215898
6iuteeqaicsr4za3,0.0
tyevjlkmofbhdmp2,166.1390081866877
wfers2fjxv7vkyjw,162.59804751597653
uy344p6hr7t74kip,0.0
pun53dv6xyvbeooe,9.193621708656336
dvac6rzvxuu5gtxk,12.245653146297693
pwacyonebzfd5uee,75.39333874185064
aae6gvoajdvbbf7i,0.0
lx7grpklnx6wlhv7,0.0
wde25qp453jlyxxp,0.0
vsdxcvgkcr2fwnoo,0.0
6k34pebmh5ua2p74,386.0611013053781
cscdzwp3w5m5lld3,0.0
x4f6uoze5yzxmlgz,179.60053189468766
sulhgl2wnbexcadh,0.0
uii4cygjjlqobux7,0.0
l7csx54vfetxprkk,69.87610184783343
zrdyn7vpjz4o5eyn,0.0
vdhad675degakaty,0.0
smhqt722brgzftiq,65.20303536098915
otn47acgcwwzukx7,0.0
2dvhhr2gqcaygo5j,0.0
433krg4jmemtsofq,0.0
5hura6gpz2bxzzzd,0.0
um7scsl7g743q6g3,0.0
iybqesalc4gan5al,0.0
ykiit67vtnmz3dxw,0.0010311856330685507
lxzwsv5rz3eqcp5k,0.0016007160435971967
hifqf5tdnpm6mlwv,0.02417550536725181
rmsm2hj6rs7yi5c7,203.80276645300776
omdxeje7egatucyb,0.02976281158412904
k7ddgdkcocapha3v,0.10872733457809755
mo3kqlz5psrsndw5,0.0
wjkyjjklr5r4t53e,0.0
hvmbyun3nkk3eyqd,83.7279017858356
uqlvo6gvi7xngp5w,0.0
pbqowmxvoalgbsxw,0.00011054243380626524
jta6csev5fta6fqm,0.0
fwsqsil5l6iyr2hq,0.0
f43wlspsfyognled,64.58270992605543
izlteu2xoxu256be,0.0
zytzkjmwy5iuamt2,0.0
y4pgf6zbc2qeoory,0.0
anhlldwzzc5tusqs,0.0
ve4ioxfuozfbtqf2,0.0
6ju5ewrzoxqsxrbo,0.0
vhwdydjkffoxpqty,0.0
s74tgkkuhvowt5ng,8.805774397348406
h7qym72ostrrt5av,0.0
vxaj4tdz5mvdgu4u,4.974178705882262e-05
rgvxq76zflozcisd,0.0
nfeeo3vufdu5kmpb,0.0
kfktqznxi7io4nte,0.0
tmcflqlsh3ytjgp3,0.0
e7mtywek4t2gsdy6,0.0
vdbz546amdwqtiyh,0.0
x3r33426kntjdlpd,98.44160990351597
l5laobh266zvbzjw,1.2503191456722575
fy4yborlvjgpgeqh,0.226537880254022
scd5fjseqyupvfkj,1.2527717567351862e-06
k2jjoq5ruk7jymlb,0.0
sbbbffy6jzne2zpb,0.0
jwba22ax47wdmhm6,172.32186157457176
xoi5snkto4ae3ink,73.64741310826804
alfqg4tspyxc2vu4,0.0
jqtjtt5niby6zi2x,0.0
dykdhd2p7jvra2mp,0.00013624701124116264
l62gp5koxdn76ru2,0.0
rmvsvku6izzx2g75,117.45089818340962
ofrrnmd7nhxpxatd,0.0
texjwvwfcy55pqyx,0.0
u6tskfezx3gfpjrc,64.24380301989095
ovnhrc7k53djdzow,0.0
k3jjcpxcim3ghe2q,0.0
bwulc7ht2leoounh,0.17995142523188223
nxrwpp4skdln64bn,0.0
y5ctyodbgobxzopd,0.014791961671197985
l4ptu4z6bji4xduv,37.20037267424455
avq5p3mppmvgkckp,362.9109176570472
gf76tzqpf2giqwb5,0.0
fydmnv36bnma7anu,0.0
edmffnt5s6gqh5ra,0.0
cg5bkoen6mqu3grt,0.0
7gwx2fk74opfbrw2,8.567460469403606
i4r3wrwoigmiw7fd,0.0
cyegdrqvmzrow764,55.120935330080094
bsv6l7ez3heiosup,0.0
aodj6qziozxeoiqn,0.0
lzw6uo7muhwe6uik,0.0
fyypj7yd3hnunlre,2.5968505876180603
zdpqiruohakc4ikb,0.0
oywpynedtmsuwkwe,105.05225713803904
mcavvwjwgbuquqty,0.0
esltgmnr5x5vblqc,44.27965608430671
tma2wtfdyt2ks7ga,0.0
7axvouebz4jderka,0.0
ue7blzthzb5ywotp,0.0
jy5epr7dqmqvw5iw,0.0
fmy7f7gwgck6pgkx,0.0
v5so4owo7of3ysdc,100.08630591275993
ds5vibbzd2ufznrj,0.0
rvu5ac2xpmfhknew,0.0
g2kjgc4evwsihzhl,0.0
ttnzkbbyzwe4nmdu,1.5136778636233491e-18
lqh3adh7g2gdngr2,0.0
zpvicynrvpcqomrg,0.0
pquq3uikdiwobkw5,63.47421308988902
smnyzcq664hagwip,0.0
dqwsevdk24edk45h,92.25878873557912
qvtfytxddibgley6,0.0
3kmggum4q2l4bluo,0.0
dru6blss2yeikgpz,0.008503743035350236
p7ertfxxibyv5kxr,0.0
rxnqipacmcapotz2,63.899489744486125
hge3wu4fyswodwqb,0.0
xpltwfqvytzw5h7j,11.891246913138467
kw6hlli3i56eze2t,0.0002694680634790764
73jbjuwe7u4x3nlg,0.0
cn7pfclu3sxqdojx,0.0
34ey52ewpiks6k3q,0.0
ubgvy3guf7tggqv6,0.0018329515600728225
o6nbqbga63mflimw,0.0
ubwgtxe45vtokpsa,0.005441635344073725
pee3zkkxfeqrp5es,1.6467395576579051
l4bnigreou5nhgct,0.0
xz26dowzroeo3ary,0.0
cw5fru23isprxw5e,0.0
pvrwdscgmmgvzlqw,0.0
cj7td4ptztdzwgxv,99.57184571335922
sc24ttdwh77ps7ak,0.0
vvmwga4n5zahweji,143.9717959285762
co67dudukqqgtvqp,0.0
xdthd5fsj2cqsnto,3.788217637819064
zbk667woj3neswg3,0.0005377216100202411
j6rj6oquuzwwzfwg,96.5226443897958
5nib46vxjllrst3x,136.09378367523834
mcl2xsd73itx2vly,0.0
5tude5k2kx4slzrp,0.0
6i62yip43yjjilff,0.0
6q7b2j3is7zdbkuk,0.008503719733466223
pu3h6u76oehmiyzy,0.0
aihydvjvllsa5dlp,81.88544816846958
m4374m5tr4bbia5n,0.09834738842505474
cylvuvoy5lrmhiv3,0.0
wdhn26wpufa4sjrp,0.0032015746918406056
45cdjmjswltmtpvt,0.0
vuzbuu2tktscadty,0.0
wxgalpvewsbijzxp,0.0
d4twvwheyltvo24r,97.11296305306158
yq3vxrlyitcjce54,0.0
fvj5uysl5kiycvm5,95.25914231909658
n7wxdgnw3ro35nkg,0.0
qpyth4nhr7c26tnm,0.0
ljqqreskuakjn6yx,0.0
oddpl4ssb6xjxzca,0.0
cettjdlrzqr44f2c,0.0
cvk3uv65bgio4fxy,0.0
52h5mwadj65brlrs,155.88261894863086
4ihqmwip3jqsrtwg,0.00138952386423776
3snkahobzltum7dg,0.0
4wg4sfsypaisjaum,0.0
rikvmly4puskphif,1.2336192800709491
jl2wj3floxxztco7,1.1953583751812725e-09
rstxw54dlww53qv3,0.0
36xbr6utlikb5r7w,0.0
75r2vp24v6dz4wnf,0.0
sw4amywrn2odmhpx,0.0
vzi5jh3q4ncrgtx3,0.0
2o3tukubl255qho3,0.06620570728732389
oode52bgdsyftwv7,9.276471573846857
4orek6wg2ronwr5p,0.0
ppigmfy4o563ptj4,74.67818605981363
pr4xrriqfincgsm3,1.782418435312046
jiphoazwg5n77da3,0.0
ddvqnqotr7lu72ap,5.74605886437171e-06
yq3saqyacgw4svds,0.0
adnwolyefeprdbg2,0.007561584482255318
mfgjm6gkvumcc3kb,133.69242888926647
wjjvol2onemdmnqy,0.0
bak3es2jrjmjttfe,0.0
nhvyejqj6toefkx3,79.3048676670304
mcouszr5h6v4ozsj,16.51403804794301
iefnncbrcbqdkeki,0.0
a7qcr474dtg4gann,1.8461623490242902
loepucip5mxsnwvy,0.0
kqln3uq5hfti6rqh,0.0
6j7kldaecegrf7lk,54.94398410452092
3xlut3rj2jj5sr2x,0.0
cn4bam6gnrmtuzwj,88.15362466031857
mxi42jpsdjy4e3oo,0.0
oerxootzp2gsx6uv,0.0
iq64e6t4jibzer77,0.04323644104965912
qy7qxjmhdxxmnfdk,0.0
daco6k3dyzzwlo4f,167.90782530664973
k646qtxwqgv3m744,121.51532896698774
owxryt5xf25fzsnn,0.0
vvp6yyqyotnjh6dk,0.007769863320248948
flo75agkv4rfvujq,0.0
izeqqsu4pcsvp7ul,0.0
glynmumbt33dcopw,0.0
gfjxedpvo6nooj3k,2.2811783830747867
ij6m5wavqvygt7k6,1.6885989680561526
ccu7unvzdnohs4pc,0.0
htuje7rfubba2qq4,0.0
n3rd7ggr3o4kldtm,0.0
gwlas7efbj4arrpr,114.0061883227494
7rge63e5qq5undq5,108.54451868622343
zz5dbi5dnfzucope,170.31461248847955
4o3m7n2tzyey54p5,0.0
ncffkhepujtkabnt,0.0
h5e5htzsna24ofuo,0.0
g66g5f4uf7gobiiu,0.0
fqtsnsphb4l67dts,0.0
qpx26cjfubrnrifx,0.0
m7ooxqqxsbdcsvnv,101.00503420313368
3qfmsqnxltvpsqnm,111.36720912889012
rvqw3tlewwfqnqpr,1.0674806092328235
jxcdlzptl6yiczld,26.808532648280295
wnk6e5z7m6l2q3t5,0.0
55xgeidq3av7akvn,0.0
ivuenajvmj2efvfz,0.0
ci4laurdt3xifpym,0.0
iieolepjccf2zbi4,10.605689928973138
onybtgenl3rc6fv7,1.1775608788892846e-07
gm4lxookclqljqs5,0.0
vjudxhi7tzwuwsai,0.0
7n6bmqh6twzfvhcy,63.85698256076956
4h2goi6pxmhd7yd2,0.0
2jlimaerm6ntbsw7,0.0024313233194653916
upjrodwwb5ynfsut,0.0
hfsgpzuqb2a7eqgx,3.821545379205044
cbb3olvz6pn7lzjl,0.0011840490260980204
y4fxnjl7qovrckmg,0.0
4aukrknd5c74ltlo,224.40994255714082
o6rlcdbm5ceji6ww,187.00460658679384
hh5gm2kqae3pwebi,8.589104819497178
jtzzb5datotedvzf,64.36397113688716
gpa7r4qsm4i3annf,37.936475507378994
fflx2vindadswn3z,90.64866060262304
6qkzohkwo6gl4g3q,0.0
c452e4763ugxuuz6,1.6311026203786804e-14
mgv3kxp26z7rdfxo,105.20402038479318
3f7d7sesrbd6eouy,0.0
iotoqqvirwxogmom,0.0
p3iss42cp7tmb45f,0.0
g2e4zf7vfnpntwye,1.6311026203786804e-14
whxjoifth2i64fhe,0.0
3cvrhwd67fgrye72,94.96503752587432
5jekyd45ifddbu4d,91.92200642701187
glwj2itq6tesekrb,0.0
uypxgealg5acwn3h,0.0
ebhbixoebqllakzi,102.18164462227783
moxwdp4czolz5awq,0.0
gboyyvkbfs7x7377,2.2002178737898377
vdfcpk5pk4dxnwl2,0.0015451797287237363
khzcstgfdetumqag,0.0
p7hrkjrbluytqsnr,0.0
bpornkxlvaqq3evm,0.0
nlq5ppvsjljfcmiz,0.0
6wvz2ipsll5rkjnz,0.0
ppmqj7tpjytf4ht6,118.04620866479864
fxy3sks4bfpbf7ak,0.0
rsxhxpemcqpcfpms,0.0
av6ewsvlh264xpzh,105.60174203325002
4vfo4r6nw5pd6xbg,2.138294067945026
b7z46bn62ouuismg,0.0
ogalrliicvuhpndl,0.19395671988683116
ckwnm67maovabv2x,0.0
eobjaxrtuuen275v,0.0
4tkcwjiurtuht5zi,0.0
ahbzfusrkdq5gj7s,442.31463789875136
p2x7aihpvhgmsbwv,1.446932450550039e-08
4av3rb4cqvikckfn,0.0
cyujhzoi5zva25yj,0.033217993602375394
wvf7gp2hoggfvlcv,1.4502898637961747
tqm5y5gw5xvphoj2,2.7830971867588756
whmx3qxmspq2gnt7,0.0
cxuwrdeazxiztcbr,138.9492181022428
y2fhpjziikjfsvu4,74.31678496092348
w7bsn2d43zjdgdnh,120.61562204922409
swxpluie6zvoqk5o,0.0
t556jh3xnqjecioi,0.0
5h5gwahsoryp2vwj,0.0
hgdqurykcpophrqt,0.0
b4rkcnnzvulu3cbg,0.0
wvkwvvbto54bo4wz,0.0
fv5h5tjni5gzptwh,0.0
vf2pn2qhpjlhe2r6,0.0
naicbkfduuinsfg3,0.0
n765vm5u37hcsrno,104.05003085861563
fdmuyoy22y64leqq,0.0
7e6kyfgxbu3bwrb6,0.0
iqecwanhh5j6n3wg,0.0
bstn6iebr4gumtny,0.0
lh6iwnhi7nixd3q6,0.0
lfrljqo4o5ducocb,0.0
dt23kftqfz7ot53v,38.141508349412476
ipwfphmzs47kfdpe,82.31587863761808
c2m35f7qjtwe2moe,18.712859741305746
p452bcjhcjck73ah,0.0
wu43euzukqojohmo,137.85267989873094
brtg2x4s3t7xg75g,247.94627908787544
wrtv3codewqphh3g,1.8301100158327255
etnjqx4xie2hqbww,52.65495835273139
iq4j6jnkwtoh3zd3,0.0
ayuwpsojfcqj6xvq,0.0
bubanggyfknl7nzz,0.2640661488573422
timhlbzixrnvivnv,11.693696634591165
w4knxfvbsue73ois,0.0
2oqlusx4cw2ay5h2,0.0
gxfuytdh6i6pj73p,62.19781918395866
56aip47jg4hfwt2r,0.0
jt5ymrtz2vo5uiha,2.3133171483519135
7xt5yaeprqgh6w6s,0.3541714831847848
sn5mef4agznxqy6p,0.0
qpbcr2kfziuxb456,0.0
jqpcb4tsmtvpnkxd,132.47212893939627
tjim45osozmonce4,0.0
74ekfv2djquzotii,94.38453365266093
ob44r6p4nopitato,0.0007347013728339365
infdxe2k7ssjhpto,77.14030971144973
3y6nxixtdbwvmbon,69.5809757941842
ukvnvd4grjue4xl5,118.66264023110277
4eshlcojywxayomr,0.0
2u4n2opbp3i6pndm,0.0
zblldbpylnedbb3z,0.0
7nfvodz2he65l3eo,123.55499032083502
ubmvrdvxc4uk5d55,183.81257623115062
ihpugbryvosuwx7u,0.0
rgirmfosusobsyxh,0.0
jd3r47644fyqapd3,2.818614523250113e-05
4zuok2y4g6qzmhfd,0.0
llliwxma5ibgsrnu,3.7087289216362405
5al2y3qj5g3zbk5j,0.0
rgokielgmopnrcpz,83.42380120395472
a4g5iezbtsqciklx,0.0
h3wp3s3hql6vhcrw,0.0
7vcpzt4h24yysbwp,0.0
t4l6tuopbo3prlqx,0.0
brfkcidfl3g3xkvd,0.0
i25yfiurdtw6ajes,0.0
wnfugpfkjm5j2suo,0.0
e5pu2frqqhohz6oj,0.0
d2bavxhzsyuc2uui,0.017041921903810944
vsptioilehnen3il,0.0
ej3dhfmyguprcy6q,102.5259926254015
a6rzxyqk5upwcwrf,116.06103611332384
f7kegnfuxdbxjzmi,0.002042974309635903
v4jqn2ww6ricp333,0.0
rviigmkz6zfqzrlc,0.014755254413368077
vu2exzer5sv45j33,0.0
gtxhbnl5qcluw2nz,0.0
stype6nd6dontqx7,150.36655822641802
hex6entebjor5kqh,186.32882650439458
547mbcg27ijfslw2,9.193985364644231e-08
2c2x4cdcduickd76,1.0025183899830877e-07
joim4znvocrhujcg,0.0
42kw2vzp2yvkn6ku,0.0
onr23fzlukfp5vem,0.0
ox5digmxf4nl4hda,0.0
hrjsclpwu7hur3u6,48.81837177243018
5w6sg62rmftc2lbc,87.68565352744224
emf4fwkwcnt777ah,0.0
xpq3xyjnxv54dl7t,0.0
cam3xi4dbi4gvmbp,1.7041870075278807
bxzg6nrxz7scg7hl,0.0
2br6j65ev7eldj3v,3.048654218345368
exgoiyighhlu4pum,76.40592943472475
q42isus4srtk6aqn,0.00021700011359955507
qe3ywhnbfuxjnfrt,0.0
wib2lzmozl2olcmf,0.0
tgcqkm76cnovlxpr,0.0
3rvdu5awzwysatem,0.0
ooz77pp7dou2rlsz,0.0
pxh4zkl347cunw2k,0.0
goobd6qn767d2qhd,0.0
ziflmmdmugg5mbq7,72.62665829749432
xwcftmneu4gfubwp,1.637674303690633
nxi4vyamyqc3istg,230.87279817767444
phfyk5xnmdab5ash,0.0
poozxcy673ert4qv,0.0
3cvyftwfuxwzfqhk,0.0
o45o3uqd7ua2uv2e,0.0
uwzgm6k3i4te7qva,0.0
53og44ls3th25ma7,142.29954785159873
qkq4k5ageftkwukd,132.31804432380247
r6no7z4bzrff56un,0.0
rqseejuwpmts3dw2,0.0
jf7cwoe3votzghqv,0.01908673654944098
c5sjhevvkc4v3uuh,0.0
xot7pefxcskyth42,0.0
a2toncsttrqeaez5,5.457815451115092e-05
w6hozarcumz4htsr,79.9759521487499
el256gihskl77pce,0.0
cpe3ypfyk4nqgdf7,0.0
2g6t74baynueh5bd,2.6108181999365416
nurkrfbwtpk76b2d,0.0
2dybre2bv7bajriu,192.54562804611305
5ilvyw2cqneuue4w,0.0
7vfpst6mgxolgn66,0.0
t4ht5zwplqpehihi,0.0
ekgttvtxh23kzzrg,214.71925170330843
qiosjyq4vbcbkfop,137.05623686855475
wvgfo5k3xpbz22dw,0.0
gkrtxqbpuoljujte,7.676844500218868
zdcvhibd77dqvu4z,0.0
v7kenvh3aw462xby,0.0
ydm6bbcckiwxxulm,66.42983798492084
jhlz72h7wh6yw46l,318.2435614483278
tvnixvtiv4kogafx,0.0
bd2vb57qfzd5c4sh,0.0
gpk6h3xohz6li56w,0.0
gisijkp6z5tbnivb,92.35673606169811
xx2biokkbgzqwhgp,0.0
mnas5vmmlfk46y5y,0.0
vhgncs6ksotz5em5,126.05477660110893
kvdenba6drsaqfdj,0.0
xsciubsxmih2utxn,0.0
ggizislh7ipwj666,0.0
2sba3uavoz7ab6mx,89.04550127606859
jpxosxuo6lxysvr7,130.07444422554445
qsmibo627wafrt77,54.7366597395594
pn6cowftxqumch6g,8.439219027614618e-06
mfh4mftzjb4ulpw6,0.0
q5qnb5j23c2ivj4u,0.0
56bcbfmqnqz5v4p2,3.5607003990733723
dldoe3qsticmb66d,0.0
lm54lcyuy3tscarx,0.0
43mi75c7gdh3d52n,0.0
pffb6u77u6igr4eq,0.0
46i6lrmhkb373dzl,0.0
jqa3ugodbcxy6jse,0.0
77p64ryh3e2xt6yt,51.29840011995714
2hzibsvioofjek6r,189.75613295417804
fxdm6shja3x5c47x,103.45081106842704
eortyqrh2spnqzur,0.0
noxp34b6sqbq5p3y,3.301876785461436e-05
na7y6aeiwnrcgbny,0.001782977019691298
lgqhj5wo66wvb7gk,0.0
i6eky3wv3fzh747z,131.05925369755596
swqebl7c44hkvef4,10.655363947843924
cyknrimtf2kctlor,0.0
epnisxy53mryd6fu,0.0
4c4ezahzd4vibwre,119.0827966042394
6japqtrzrl73mtjc,0.0
xlxy6otadhuq6wv4,0.0
6igcph5ofvzmtstv,0.0
qe3jwsfyitnsj5se,81.68396727158911
raqbm45o7nizh2yi,400.42169887428156
r7nih3ahc7omy57k,0.0
c3mvp3jrlj55mxth,0.0
gchyqhqthi4djzg7,0.0
fmojz5rdnn42tmtf,0.0
b4xpyxaayajgbenj,10.948494004214368
hzqblwvxxnfwx7dh,120.27041939691478
f4rntnicpsumuzzb,149.0286485678961
v7jx6eb3gknqtgsy,0.0
4wufonyi5fm5fkx3,0.7871602237572014
ib6voclte6sgqqdq,81.76554601114111
gyzmryfyv6xyor7t,0.0
djwwrv7fa3ijrg3l,0.0
jic52dkoqgk5eqgb,0.00018460993335802205
r466qre75liwqijf,120.05359023387403
ggg5p55phi7l5sy4,0.0
zhin7fevcizracu3,0.0
gsil7owyw5tzjpja,113.4373566501621
aqe4mescvmmmsxm5,0.0
ej6bal7giys2z5ey,0.0
3qmbuf7eykgzi6eh,0.0
gibvbm4bvty6l7zq,0.0
3p6jcq32grqjaabg,0.48591057840373647
64wqcp3j5imcnekt,0.0
343iciuffrlqqxhy,0.0
jjjahzvokcqmktgt,0.0
er6afi3do326eklp,0.0
byowvpaccestbpcw,0.0
yhl4z7u4citj4xkx,0.0
ua2acgtks7x36hej,0.0
arkftpcgcx3vq24d,0.0
lano3kurscgohugf,0.0
s5kjuqouzru5sdz6,0.0
wyczb5oyx67sfxot,72.0879061613851
j45q4zo4q2jnryd7,0.0
3vthgyemromlq3dv,259.0480899874557
uj6fvhpm77bcdp3u,0.0
y7oah5euxhxmxoqn,1.2752640734826817
h4po5aplsrx4oul3,208.23148748471849
4p7ha6lplx5fxika,69.22926536375758
ikawufxkncvbf3fq,0.0
ejifo5txjabivjcg,0.0
bnv3fv2dbc5u3kzg,0.025156272092338734
dlps55wjg54amvza,0.0
h5wyi64b5q6k37n7,0.05549422713699662
4fqjdbduqseeyz35,175.86633851846796
efdhadpad5fx35tf,0.0
vonbusr4rz5rxmgh,134.10592872538518
3eab5blz33hkcw4a,0.0
yuq6nma5gyv3xrrq,0.0
wbqr4nnnwownx2si,177.43188647594673
f3dzkjmkunb3okm3,76.26670211545961
c274xe4zd2lzpcca,0.0
q423cz73z7jn4bjw,1.5653554107938325e-14
2bmuk5yf6fcqsx3y,0.0
quysjcwvbx2fcqp7,0.0
drhzabwf7c7kld2o,0.06025821355620318
qhmsou7yewkwdouo,0.0
fqb4rocshcjh4omf,0.0
3lwiew7elxi2wblp,0.0
xkuqlyalcljpll5l,59.490192622827024
vcsdi6zyxcjqb7qc,0.016434365631158965
76v7vplremox6zeo,0.0
ndc7pjsiqahmzwi6,0.0
qilbcmpjz5xwnnod,1.2456157135936556
tgngmsqwxocjxgju,0.0
gq4ily5o6nsamxiz,0.0
yqkcynqx4fyvn6wr,0.0
ayvnnlnxzqhogklg,0.0
onaxnebrolu2dnm6,0.0
5rd2eckut37adoiw,0.0
cqcg6mjxdikhmvzm,0.00656738708280457
l2yydaujkh57qemd,100.20099732787705
ln3cf4ez7nuoy3yd,0.0
7h4b22qhtqecjzif,0.0
srgfglv6hwwusbsj,75.04617784579338
6x6xcztsmhycs2os,0.0
23v5czzoswy4h66a,0.0
2ohz6uiqpqhmdsxw,0.0
2fuuoqhf5barhraz,314.39169112703024
5ogywemwymz4gwun,0.0
zuntpvlbdhhbczn3,0.0
kutyauwefaa7yiem,0.0
tnhc5otuiayuphnz,0.0
zd7dtpdaankruona,0.0
n23ijzn4k6o35otm,1.7941229919530357
ppxkntvzuxd2s7q3,0.0
pagqdvbhrj3uov4v,76.90066697853116
r4kyouzzznqq7cna,5.968511845775109e-06
j5yhdofghevifsiz,0.0
jxhfaqf4mghb2ps4,0.0
l2ym2smzpejcjd5q,130.56731489420207
l2ocap7ori54idc7,103.29083357192093
5olwnwt34xcyzwi3,125.71203593299128
b7wyenovh6lz6vpr,0.0
lw3p3tvsw42tacd2,0.0
d3uesyycdytwqz3u,0.04219803073093283
a46dypxmoc7xougt,0.0
4foaxhbo72c6phk6,0.0
roxlyc633ycascec,0.0
nqe5elolpqzxyrqu,0.0
hlx2qbw7ypdmhq7k,0.0
ejbl32kt2jlglptd,0.0
tif5ou3vlpnl3mrb,0.0
bbtooec3yziepvar,98.29694171707408
s32kjqgsjk7sem2r,290.41296179331124
s3nlf6rw5a6ty65m,0.0
ng6lukalgkdkk24m,51.65451975365729
xttcn7spxvafanv4,0.0
stj625m26xv447lr,0.0
ab2icyjefbegtoqn,0.0
5wjjxryjx2dvzcgm,0.5246320860419651
rkbzwrgggbegolyv,110.44220781846683
l4ztbuuo4gsakh2a,0.0
zjeiombey4u3rled,0.0
2uyxykdsd7ehndfd,0.0
pyu36ccjakl5ewfb,0.007121852737012497
twxaeznr6n3dj44q,0.0
32ljmds7a36uyodh,0.07705806743231061
n35hv6cy57mnxxfv,0.02302978420523596
555tot7azzmibwi2,0.9339064095290113
ok6ctfknnnykgowx,0.017491546119978288
vjd5cclzgb5wg2si,97.27340955783957
4kofwvavwho5ut4b,0.0
t32fylb6mizs4ztr,0.0
lxd76foivf5tpasm,0.0
piag4zv7sfwn2vh2,1.3713505404969333
obko7ok6jpsp3mgk,120.85914337744214
2wfz4fvonni7rlvy,282.21388019220853
6wy7rpmtpdximrhs,158.13045019711757
uffpqypjef3blqso,297.2392356136405
77twlceth4eafzcn,93.44918044887211
s7awludzqszaooxf,0.0
37jnd6xzyqhyf5c3,0.0
qnt4u3g6x3vf4y2x,0.0
xep5eyugh6qklnmv,0.7641057651037156
v3mxmv4kryl36xiz,0.0
crx5cbhwt6gmdwtg,0.0
bfpeyk4rci66q36w,0.0
oykdwlo5b4gegbug,1.9712817216460246e-06
j2bqbdn7zoirad4j,0.0
5bi4dgozxzfythja,0.0
ojypo332unbnjcgg,0.0
yiceefxqinuw7x2h,0.0
j2thvrtasxzmaewf,0.0
sw3tw5xsv56pij5e,113.8116485919034
wbffd33bnzbypb2i,435.91654518153774
4pqverdj7xcmhkqf,0.0
2znb7e3weyyvxbjs,0.0
5fpy6qxyihhnbfho,0.0
7sxzu4rj4fky4nzk,0.0
pagicyujy67c3ucz,0.0
tjxe7bcnrtwxcpx7,0.0
yvt6smkvegtfbqr7,0.0
rtenvlcdnmrqd3ue,0.0
c3ynnm5nwoydu5kj,146.8004082259545
mznvnismr4c6nago,0.0
ww6tyz6u4t7aflq3,428.71885936314254
km7xvrsmymzc5n25,0.0
qrh63dw3fbwavlb7,0.0
wilng6x73fuspxzp,53.59946766712076
texangwigqxpvzk6,0.0
ks7whv5c2ujphphr,0.0
pselaj3oabks65ci,0.0
6lc5mgvd7rb7llu6,0.0
l22r23algmqaurqv,0.0
uqfxqi7ulzn3umog,47.29764264148287
tcimio3wijclqco4,3.830466593573812
b6nsle5ix5p5jdul,110.27981584149708
ohbp6xofeabpjx5s,0.0
4f2tdptmuzz3svl4,148.75181138847864
cu4uudr5zx27jvyx,0.02613089261767222
7pg45qokg2dcjc7u,0.0
67lpnnqz7jgeoj5m,0.0
3537a4tww3o4owuw,2.5592793774907383
uxyaeg5sbk63xjn3,0.0
7g44pq7ebesy2dgc,90.6052374961991
kl4j7gtnmr24ctyt,0.0
xt2peidxaoxwme3z,0.0
iy4diuqq6iuhmcyk,0.0
hk6myv4636zjrhnn,0.00033063814958593377
eao7esvz4e45gkal,21.57995768632843
32mmt7ci6t3p6zss,0.0
lyh4zxhv5zxzxq3o,0.0
pbw4fwszpjikpo4g,0.0
6hjykyeui4dxrtoi,0.0
kvxwnvpna7gw2hfd,0.0
lqnr5zbwamhcmahc,0.0
vbtqieyzae7jh5gy,0.0
i25lganmp67z4w4x,18.95915256193693
qjvqemfizd7u2efm,42.84802713559719
tvlkgg4awml5viaz,0.0
cxhpehaqjnsmcz57,0.0
enmhasthmfjfznqm,0.0
7mpatyqamkzmuf5o,0.002393516083377894
jqa7ce7p26c623vg,0.0
lnykjrreu2t4fbuq,0.0
gyf54eqdh7ptyulq,0.0
tuoq6t37ypqjtqxz,0.0
4ccsclquityrnio3,72.95776532025519
ibxgjm4yfl3j3qhd,0.0
qh45gzfpw4co3yxf,0.0
jwjrb45qy6n6bl6e,10.467441762899002
5m334bzobumzcm5g,0.0
gbgwg46ft3zqyq5s,1.4379443204959408
t3h3iin6stmbuz6u,75.15892388520916
ajeibqa6bqdroa2t,1.1721138628483392
xssbmrmalpdy4bop,72.87658252486833
wf6yxteses5w2z52,196.19921300891906
esiqnuw4lctw4khy,0.0
onnmidxfuwq62j4i,0.0
cg3pfha7n57c3i2i,2.3992737158243345
uevxx67h7wyl3ymx,186.05743933272896
nrsvy42ig536tyxi,0.0
rdozhnatnb6vgpvt,135.69369425088144
hjnyvryzncdpfl47,74.48169206519611
3kl4l6tzhaitkiru,142.85257648968593
23og3zadn7iprftt,0.0
7kunb6u3mriy3wau,1.5136778636233491e-18
xedjtendxuugfkf3,173.6522600243619
ozxsqjg5qgfc6xvo,105.92034400960742
rucdampmh7rdtnbk,0.0
umjiyycjetf5qapy,18.515827476413087
5cqk7qmnnfjvhu7f,103.6274977847974
65ulvezh7kennray,189.3886960397663
na6ykwpkbh6cxy7p,110.40008368202439
k3oqerot3kwe2khy,0.0
2lxsemajtv3ufyhh,1.6834167180342786e-10
uklbjs5xfpddouus,0.0
zd7srovkypdwgrzx,0.0
thfkzs7x6m2g5hwc,0.0
x3bvs4p5yiojrehw,61.012070875011105
234phzf7xioaxu33,0.0
jko2y5gscm2qb7cd,48.28272847236151
ynbax6lydmmd2h2c,0.0
slxvfwdxfb6yp323,0.005822179278973654
wdu4ik733xqr3npb,0.0
hp4tu7vpetcj2ylc,0.0
tij3p642qi2n24d4,0.0
q3ylkg7ppjxxj7nf,192.03509287133917
us5lctvfmrw4fv5m,0.0
3yqkeb4q6ki6unvw,85.67709022582036
cwmzxlarkxfj72nv,0.9781090067297206
p2swtfsdzj5dimrb,3.982240607834867
znaivptkxctbldzk,0.0011202882521185358
vgg2l627eu3gacum,0.0
kivtkxnaxqsub7cr,0.0
sz4aticblmfcapee,0.0
dwoyjt7pwxldvwnw,0.0
bbwutieukxfwdbvs,0.0
2wdopuzdqasl6vhn,125.68959352671656
pdo6dwehm5broa5e,0.008337103642212384
vxmpsdoqgrhujitn,60.64167392511562
uk3pf6io7pzcgsgx,133.67117782258794
djwjw6yoppgbgmhe,0.0
vdvxa4cpaztmlnzx,0.0
m3y5mdmum3njkq5y,1.9165326681477313
n2oqk2k5zkoc67qv,99.19180230114647
3dsqvyukdsjfahay,0.0
dh4klgjusrdnvikq,51.96883987338748
r5i33m2tcevrq72t,0.00535588535371374
hedal7obdal65lto,0.0
35vbvtugesf22zjg,0.0
mr3k433mazghvd66,0.08262287539274306
4w26dv2aepwojy6k,96.48476335168004
dsz4lqhun55qfkhc,0.0
73dpunwq552flnuv,262.84793663691596
6ub2jei6veixnt2k,0.0
sr4ir7l2orio53s5,0.0
ljbdgtnfux72uaaj,3.1879728412059367
lhqqzuzquya4qa6o,0.0
3t6ygw6n6jhaaald,0.0
zi2xnkhlyxtk3d2n,0.0
g76widykd77twprz,2.0407104026565404
2roitegxfypjali3,0.0
h6ggnnygl6ahkavs,0.0
tqkmsmip34m3zlka,0.024751139382724427
jklzchny4uoki7hu,63.9029053917606
volxbrfkjafvkuzc,0.0
7jqyozjc5ev3jvgo,5.771990657968678
qry6ajxwfhu2jym6,0.0
mnvyt5rwa2cx4fyu,330.7429498503038
v5qwju5c44dvdvle,230.9716713210624
qjwdqwy6pogg7hsj,0.0
vjwux4wzxwflizq4,0.026033176911755752
b3x7fbqx6fr27czs,0.0
aytpyy4hx4lg4gkg,0.0
tqdbsjkajfmrxcrz,0.0
xyj5a7pmdqqreshk,84.14220950721318
eewv6konreeculy3,0.0
zifyrftnnf2bh6q7,89.11046717794201
nbqgblkscytuea7l,0.0
w3nemnmzw52he7jj,0.0
nbe7twtdvvuour5v,0.007867384195819668
xk5o2mylzhev4ska,0.0
hzjvchz5ozskysvs,0.0
qig3a76cwttyzim6,20.650760501899395
pd7oyufskzst2kt2,0.0872687693813651
lafn2nnpfuadjz47,0.0
r3roiydto4iaqnvm,0.0029761245350963103
wh64cba7rrgpgfev,0.0
ls2naa7sir5mgrbf,0.0
iyxdgxlaelppwwbb,0.0
ieho6mlfcobvj6he,296.11002369021963
yliee4nwtmal4gi4,0.0
5bfzunf44qlurbll,0.0
4hhes5tfensgckkr,0.0
pv4tq5revojc7wq7,0.0
frmonnje6euu7utv,21.248637393903927
kmbxprsh2xxflkrk,0.10193524179176697
ou6zuxjyz6ixacw6,1.0969794061123959
r2xrtb4ixumtsvxb,0.0
v3n5lyv3j64pflmp,0.0
gsu3naspvb63rbbr,0.7111481268217845
yfrxvdsvbc4efwut,0.0
5azy3l6kaytu2foh,0.0
u6zzh5tep5luhio3,0.0
eslimtpnuqhlwqmo,44.035049144612834
osvii4gytyecqaev,0.000299400112057914
2lg6masihdcdmr3m,0.5318084954758322
eet4ib2c7ate5bwl,0.0
ytjq7op72njdkynq,0.0
yvoccyq7sfalbrme,0.0
gylp6swxif5iw25c,0.0
xxov2qq2wmli5al6,75.69747431014461
i3xsf7yo7vnbg2bw,0.0
xp7ti2ce74sssn3k,0.0
7ydbdrbhumhu4kav,97.07429133153956
zp4sblr2kctqubx3,63.57917382295789
eizkpn5tq4vqiqbx,0.0
gi43srsiyot5v6tt,0.0
vm36djp77qwdpaak,232.74549660564713
oef2vjtbw3j4jhtf,0.6208333775093159
4qyrvrsenm34jndk,1.577512505921696e-05
oj62eeiuwc7gdauc,0.0
bye6h6cflyjdt4ko,2.6618924244764064
4w6u2faqoap7pn5n,224.94296612075328
i6g44ehe4z2r3m7h,0.0
4c3abfdus757x65p,75.91394864074036
bnl2rkqxzyedpvlp,90.95138854810327
clk3xovoa6ldhtiv,0.0
mbmclxl4skgyake6,0.004125442283968434
kbaiwcaj77czl74c,0.0
e24pbayp5mptfse3,70.08700624467502
ii7jkd5jhl5hmlcy,0.038260480898036894
zh5kdx4un4wnbmjt,0.0
okbbyrne6fhsr52n,1.696367608744698e-08
d7nmobls5h3vwehf,77.97017179550343
xioage5a35jx5qfy,0.0
nzvukbsu4umiaiak,0.0
yxcjinbhx3qooinl,0.0032935274900436373
igwdpcueitegswqm,0.0
ztea3mlpu36bxinl,0.0
zlwpp3q3dby7whvw,0.0021346786965996444
tj5dolv7ap6xh4cp,236.70687227457384
eb3bwzwixgrurzse,103.21341517911355
4dmlochqmdbvv77h,0.0
2e3zpt7gtjyhr4ao,15.736489253767235
4otwgbkxkpv7plil,174.47709907251198
vxj5gcmdjlsnwyxa,0.0
fhaorcptlgdzdhiq,0.0
5g3m2dv744shgpes,0.0
qrzixhz26ecksxle,0.0
i3qxsu5p3vro5asp,3.3441861650946483
bbxnc35dbgvgmjhh,0.0
tgvdewmn5lh4daic,0.0
3khwmx6nu2leyot3,0.0
b36a3gd6mbxnjkqs,0.0
tawe6ymp6szv3pnm,0.0
hn7n3yox2yyqa4iz,60.311322379209486
5js7bngidzl5r573,0.08474602906877142
yl5iz4ssmmpczrv4,0.0
ox6wnafkk7io7wye,0.0
eiakxnfzdxr6hips,0.0
h336gq2d2wkdh2vn,0.0
wyw4zq4hj7x4qy2d,0.0
zu6vrm2yf2dquxdr,0.0
mjttanxzkkx7v2wk,1.2111007224549406
fkpohnn25zhrona6,4.819907976342557
7lfzbdca4f2krv2a,0.0
mosutrhxbyjm5wvb,0.0
hczvqdyirgwpeqph,0.0040679443623646465
gerv2hgu3sdrkd3q,0.0
qpztkj2ridwph6px,3.410516609715079
p5zkmqrekeo5ghes,0.0
qozn4mtpu742r62w,0.1635486742764926
6rc5g4h3p5wjy6cu,0.0
7t2vfbyu6ikt4xby,0.0
cr2uhy3t3x3kbp44,89.94980908631734
ymtkgo54g4mbggeb,6.442866805988454e-05
ivkbe4nj5xodgej2,408.1634582545382
d5q2vhvtqtieo74n,0.0
ekwf2by3ln5tqfp4,126.91235027875985
ha4sdwtl5ck3pgdj,0.0
byy2czw75qggyu45,0.0
nrotnhaq6bokls4x,0.02735260717384993
bxnorxik4oohz3xk,0.0
k2sydbgjq7fc6yfd,0.0
hgg5b4wd6jsrsher,0.0
hyax6s6m3yc2h4d5,323.278289897967
brj4ed3fo6g7f7a5,0.0
mjkadciuhneknmdk,0.0
b73eulnmj75hhif5,0.0
kggv446zl7xdk6jf,0.0
f2j422jysueyybpu,0.0
nics2ekbhsvmfu53,37.92244084053988
svz3pl74kimczv2c,0.0
htwk5sjqks4qxrju,0.0
zicblifwznu5hnmm,110.06925543448227
s6werxxpx4pvnjn6,0.00012936604574376583
gu57tcaxfqgoip5e,0.0
glk5gnsnwxptwkj7,2.788073697588442
kt6cn4ghu7hh5may,8.891636534711564
nzrqr7l3v7mzizya,0.0
hamy7cez72sfee36,0.0
5o36q2bedlsiutx5,0.0
aiespq5nocge5t56,11.869301685508418
lgpw7c3mnlrhjeah,0.0
a3esdvnal6vz3c3s,0.0
rvuniv7lna3uonyl,0.0012200728216611497
5266q3jx2mf7bhmz,5.571825686450351
ni3lsdqu2rlsdosg,0.0
bclvurwurl2faogf,311.58319054805565
5torwonn4zt2hjwe,120.91227423726681
mfduufwbufovo6er,0.015130305198222628
3ueip5mnoubcg2vp,0.0
rfbjmuysnxcppdue,259.67487247395906
qh54erauazv26tps,75.02531429362962
2kuh2ps4hkase5wt,0.0
gps2yx2ivdngkssk,41.38909376942051
gn3l6ua24ugjmg6r,0.0
u6wcexa2dabgxwvu,0.0
euggwe53ut73zgvi,0.0
6fdb5hil4cuy2qvi,0.0
5h52yskfzbhop362,0.0
lhtkgbs4hxrwrnuv,0.0
5u44ckmnu4w3kkzz,0.0
r5f5o3fonjlu7zt3,70.02662129144359
ejw3brordyg42z4b,9.55040915021915
pmjni576p5iryrab,0.0
52vikyz3dzjohsh5,0.0
dvuwbsa5a43sjjt2,76.21187819244405
i3g7n65kj2hczzyf,0.0
tlkbvy76aajof7gv,93.73012461197683
meg4tuntokrw3375,0.0
ov23bt46sslrtif6,0.0
2yfkdgiibfuy75zc,0.0
t7jazpiouromompu,0.0
omuwnmbnqabzvob3,105.7156632260207
zuupwh4pzar5cu67,85.42491311516287
vtyjr4ebhpq5jjms,0.0
rhffnsziap2pi7tu,9.692886358001859
o7323y2uxbvdewnb,0.0
ka6zp5mftscbuqcc,20.1389909972805
erayt5nghoc3nko4,305.0833154104704
7tkhyxqs5rvjl5it,0.06911462118934816
kglkowvritgeqjrp,20.31063785793713
j6ucz7njireneewb,5.244722337712879e-08
otku2vldn62y36ft,0.0
f3dvlupizdbq2cbk,0.0
zy5jmzvisegilcxq,119.23275824187607
ysnvs6vsxkk6zegz,68.80023416418433
c7unn6a674p6c46r,100.29613585716373
m6ryhy2canyqiij3,0.0
o2lorlu2t3b4dbi2,0.0
hzzhfatwbw7wry62,0.0
2mg37o6u3xcllzxw,0.0
za7qnb74rz7mbvav,0.0
6244yqyq7pfz6s7y,0.0
fohg7rbrtm43m6zj,0.0
vrdided6hdjc2puu,0.0
wzxw5ix4seabhqo5,0.0
u23rksdjvm2p22d4,0.0
73p2pks2zlofxhiy,64.39853583052786
35egnr6kpin4it3l,58.823368926628085
ft47gqi4ivwdselc,0.0
nxvpceiigbhdocaq,0.0
gc77mdvri2gwp4ww,0.0
g3ds6u66b2ffaow6,0.0
x7suo55cmfxmbu65,0.4316393894864921
uzpfrmwfl5yvzxhd,18.95567915582223
dwnyvouwdazmd4fy,0.0
odxhq5imewdgtuor,337.1920404361824
jkeutxkoo4nz23dm,0.0
gbfz6ru46mzxyj6p,6.2804924787322856
x4pr4kiewthemwwh,0.0
d3z7qovgwcbrqexl,175.6369103091455
4n7nymhiu3c2dock,166.29900571139893
gprwwdc5gojjugrd,0.0
3iu7gr66vpizpstt,330.89987259699234
hs7fbpagh5oz5c6f,0.0
z3oo74jfrznmibte,8.461423699667407e-06
bxe6qsjcnllqyvvw,95.75587604297405
qcyscvtv5sw6jace,4.020833097737215e-06
tqfiiwh635svpkqp,0.0
no6qtggte7rdhf4g,0.0
6rox6edr4pmhue63,355.3725954432003
23grt6veyfxwtw2w,0.0
khat6exxx4557n6g,0.0
issmmk37w373mvxd,0.0
nvvojgumr2beam4y,0.0
d2iqa6d2oemtozjw,0.0
wthruffi27qejt6e,0.0
wjbjlmkoio6cm3aw,96.61553335072826
jl7urcul273xfkvm,0.0
ze576kepusdjd2xo,0.0
bmnwe3ulusauccot,1.954116852776816e-06
2tstft5lvhc6mojr,0.0
tdgqgwqcupiuzjng,0.0
4crrqqna4fkqjdqf,0.0
wbxjzhmzzo42g4wk,0.0
5rdvpsxd37mailsk,0.0
fxzwx5vqpkpgtvak,0.0
5urjh4vbbwfmxzox,0.0
wtr2funmqvdqgfus,0.0
qqxkjfowgrkxaepq,0.0
luf6donwtoa375jh,128.70425973957893
i6rywk27eoohujjo,0.0
oagjmhju6wpvvep2,0.0
prozlenm5rmuevhc,0.0
4ctdtiexrsfwcfwx,0.0
fkq3rk27vfm2ht2w,0.0
rbsrnla7mapbq7or,0.8951249938148935
wehdjhzbv2oz25g2,0.0
yrduromoijetd2m7,78.51916669724238
omeuuvajd2r4a3ze,0.0
eknntizzvdljvx5t,1.2983724132676298e-05
egagn3bkfugvynuj,92.54774700532674
gm33jmlqume5bacc,0.0
s7gmex5nay36enif,4.5968623519829555
cvfg2kgo3jiphrpg,0.2772525863379289
p5yeh4yqne6k4fud,0.0
56jmhpq52rgmrdze,158.51736469315915
nek66bd2q4tvdrzy,110.48915501758279
dpo7gdwthvga6lfr,0.0
r75fz6n57csxk64j,0.004307997020120002
t3speedzn74qxa4y,0.0
57gouvwophgk6t6x,2.474541672951416
6g5obgsgtoe5xdvc,0.0
7abfgnx3omjslrhw,2.733159820353522
feyshdakhihskks7,0.0016250931098319495
kowgazh2vcehpjdr,0.0
wawrrntw7gxzpo2m,0.0
gu2o7jsvt2nle4y7,0.0
s6hmxkxckclkxlhc,0.0
dle7c3poiyxvamz5,0.0
4vanw43oz35wzba5,0.0
2zxrraxzmtg5m5z3,171.60393784002122
e7gatq6unetmuqtz,2.2024183814588496
ulimnhvpcacb7dqb,5.999870226570371
vorsdmnfzrsqvx2w,55.419940946082264
mb3fi6lgi7zn2hga,0.0
pgdsg73he6mizzu7,0.0
u56jjzr7fa5pbhce,0.0
p3sfk2uu5wzpw6kc,0.0
hkkrrc5s23zke34a,0.0
mo6zzqq2nb67mdkm,0.0
vyoi2aq2ybpxjevb,0.01203184967149605
7sk7dootdi2i665d,0.0
zqvbnrnjddz2biw4,0.0
6nzugzupmy2tvruj,1.330142206061322e-06
seht626x2wkqt3te,95.71502037909897
tqgigyhaz2pccwnx,0.0
m3pi7osy6ouwqq6p,355.5714828717752
ps5upfdlwgfg45jm,0.0
bhkgwrvzzzryrjxj,0.12493011881417407
rpnfbsr76qi4u4ju,0.0007077768199269692
d4qlp6l65b23a2ip,61.441654324079174
agriuqgf4y6ywgbe,22.88650200290677
h6ios2uhngesx446,89.41383973740047
wnydcaq3egc7cf3s,0.0
rnrjbfmd4h4zh6lh,0.0
pntkpu45rtbdqiry,145.79833555186343
zgwthp5xps4j5rt5,71.07229281316481
yrnrxjqh7twbpjzb,0.004899250632791994
remr6esvjhovkrdl,0.0
vpgeamchlnmlvcwm,0.0
txhrj6ht5jdbd3pv,278.60839561512415
meql2jblwnowa332,0.0
qbvqh24ub2x5have,0.0
wd2cb7kpvyd3tl57,0.0
sw5tvgxxhwhu2q5u,3.5927063602926896
7ifup5uaf3q33qts,109.21826306038587
7ygrvpuowacphjl7,0.0
jzgpcjnf7aptslpm,53.73997653910668
m57lg2npoq3lwyxt,0.0
iu7v2c27ep2brdqy,19.085582574823437
qc6h6n7wufgqja4l,50.01540106151842
kekl2k7xktdoeltl,0.0
kkgi3n4sfr2yer5n,209.876890530614
tpdvviuqdfqxmg6w,0.0
vhrykyemlzvjvho5,0.0
k7dkncvuxqmo35xs,0.0
vs6ixfeg3ctmoqb2,0.0
fumpcljnjqw7e2xq,0.0
dbefncbx2yxkviob,0.0
boincq7yyh55xkj4,0.0
b3v6f4dklymotaa7,0.0
k4m6s5b5nu7krlg2,2.9183504349017277
qvj6wxy2u3a2r4n3,0.0
d4xdojgyaehsg75w,0.0
fgsd3yc4exa5mod2,0.0
hninic7jewmhbvie,118.21393751664243
ywuxoyau55ymdj7l,0.0
7ox32bkn5egiwp7h,0.06546543528018287
xv3xtzvbcue7jsj2,0.0
zxli3lqblxxm423l,0.0
fhqseeddzzliegqo,89.32573050022413
iaq5unckmmpdit2p,81.00904468522924
jh564mg4evhckr5u,0.0
pa4atcq5dadkwlde,0.0
4udl765oume3mpor,0.0
rfljo4zxsls5d6ig,189.42362670453792
aatjbhmwe5gakr3k,44.484396716655034
g7ehq3orm2uqoizw,0.042776984087079195
cnbwaxq4gmjrn4ru,285.0118803574979
tue6mlscvopn5sb7,0.0
7spmtj5xqqisruqz,0.0
j4ibiy7uiwoo6gsi,0.0
d6lx5kqfoozmakt5,0.00014789061058153387
sxsfdqwmlxzdacto,18.107542770662036
lw5l6ilvxpajxek6,72.23242496175322
o4eaaib7y7snygzv,0.0
yanbjpik27mcrgqx,0.0
rp3loiehndopzkga,0.0
sifveqfvwi77u3ls,5.591256908160958e-07
ncotdzy4jjvzj64c,0.0
daccjrdpyjl5uur2,0.015767351911601044
4trnfhn2g3ut4z2c,0.12222071456667075
ugbvwa3dvcohry6q,0.0
axp6lquhzwyaaugp,0.0
cnkilqhcq5j7hhtt,0.0
gd2ai3cmnjnyzs7h,0.0
tp5oecylehlwvz5y,0.0
a5fvylh57bgkt7ju,0.12197421426732552
5iihlxeatbs4apbl,0.0
etprme33xexvondu,0.6303800781247845
3psh4sgwzbv32pzh,123.35504343829999
lmpdkdvtf4w2hgcu,0.0
2tdzbh74bnjrsxax,0.0
a77kyrce6goxrgo2,0.0
xfspo7b6lkn5brky,4.730144673247304e-05
gqhysmbizpoedzwh,0.0
jllfreqlmaeplkvl,0.0
vboj3htafzmtguba,0.0
gq4hkrov3auvatka,76.90020907098534
wcnbalhier7tizlk,0.0
uzfexvxsdw4yq7sk,0.0
l6fnmnc4cww3y2yt,71.54472048275784
i3wf5qqife7au2hr,128.53384742240775
f7qpyfwclxhplxxt,0.0
2w2pwqth4f5oht5m,0.0
7qfd7542qkcmcqb3,118.3603461635335
usprfjxzrxw3t6le,92.32435844208455
hsc5usi5eenlsxiu,0.0
xw5bsiu5jnt5dliv,168.86655218379343
eiqlxl6vekwtjmql,190.4050952378782
xmb7jfbmw72u4gxi,0.0
denxndfjkuy6zp5q,68.09732469223889
secch2x2tpxthojc,0.0
orq2w3stuy3voinj,0.0
npway4w4jsbdd3ua,102.97531905166488
dadwhw6ea6s7rbdw,1.6720834457243086
2na22lyw4lydxwz5,0.0
xvtdikbxuqnstpbv,0.6313338675072111
sdlj6dnv2x67stjr,0.0
3rzyr5ldci7wvphj,0.0
zfrqrj6tiqpvr4gj,1.438695370891821e-06
iq33qv4q2ymojjfj,0.0
4vla4btdnf6pynuu,0.30695800966561293
gltrtjjwphjfhnso,0.0
g323hew72qkmuwrc,290.62172861266464
gjrazh235wmmigye,76.13648438648724
rnroj64gbjkd7hif,0.0
75vs47alpoau6q7u,0.0
zeauu5nx46yunfix,0.0
zulrqmhsuktnxm62,0.0
uio7pgiefb7a2er4,0.0
yi77qajmnsbu6fif,1.0444033828919905e-05
5oj7pzc6i64kq674,227.06736091493428
mgkxgnpebx4xxsew,0.0
xeqsnxwg4usg4vtm,20.380888427874947
kpjvyx2heevyjcdk,0.0
6pr2zgofhlhddti7,0.0
3jjmgj6pvsc3egm3,0.0
wpy2n3ftcflq4v5q,77.04553221170238
wqtyn3wyc3yx3jiy,0.0
zvuldjqpjjhexffh,0.0
iphfmlnhg6hohwvx,65.48385022440115
vgknvfuealtni2yv,155.0330092571916
wco4b7poluot4qkb,0.0
fghjmmaafn3wh4bb,0.0
q7253ucu5uop2ggv,0.0
o4cq3ys4xs3hj2hh,0.0
tlth62wcxcew3cfl,108.19488468179725
mndkdmazy7wmhn45,173.66560665414443
bnywtgpa6mw6avog,68.63156240314527
z6zgpakcbsmko7dd,158.74433239930892
xbqampw5pan4lpyr,0.0
y3hpvnczec3i5245,0.0
jjlof2on2letdojv,0.0
fcwcrgr35ye3rxra,0.0
nqacvw4fvmjd3mdo,0.0
dku6st6eid6qxjng,0.0
2flkrhmq6d3eitwd,0.08226548724441418
gib5ybdz5hn6cal4,0.0
qd3n4d5k3k2x2uw5,1.299887988718944
3igofgeoeuhogxcc,0.1030254200127948
2mpov3kbibr52rcc,0.0020929657423598967
7mm4nbpdbknyol5l,0.0
tpsmolzfnbauyk6u,0.0
orwy2a5ssujs7lzo,81.09850871329135
yet3pm6hzash3s2p,442.95261249414705
i2kcj4anpaspo6ra,0.0
i2tpifl25frgs4iz,109.78783919594389
jwydox3m6bihu3ha,0.0
zs4fq5vpddcbuudf,0.0
ph7gfuwp45juvw63,47.801070324359
wuckfedile46625z,0.0
czrm4e2ya2sna3zc,5.8637421693145764e-06
imxjd3w2kyb2awbn,81.23606231425269
nuimyxcal3q6hzvq,0.05989851072443962
c7psr3wevuyjx4ew,90.62957780670789
ow26jnkyche77n7h,409.6516016261438
5z2vhhsjvkjmt45f,0.0
d5kfitwikifdynbz,0.0
v3b36ucby727vmlz,0.0
avbdpblyfnpmyucd,0.0
46sa5c4xj6qr7dzt,0.0
jhmo3qevj5nrokw2,2.4587078216871245
7zrcubxlxcwf6uxq,0.0
3ss5btk7p3w4s67n,0.0
memidly7s7lyrulu,0.0
si3tnfq7bfpmcqqx,0.0
enzolqsuc7zr3ple,0.0
ro7d5qjovcfl434v,231.9478409023032
adqalexqzsdbma3q,15.120752965431997
2j72izizd4oj3z5j,0.0
zyw3rabtb6pdvat3,0.0
glgg73f6xbyhr7lx,96.24669878197318
4pagvv6ep5jjvg5w,0.0
hvddq7juuleq3c6w,0.0
ke7dn3b53duisar5,0.0
aeme64se3t7d7p2q,2.64798993752525e-06
oyzjqwsunvqvwjue,0.0
2b3d3bkjieu7lgka,0.0
2k5vhvcxgxskukni,0.0
xlk4enpr26xzyul5,3.883351263244486e-05
zcaz6jt4vudhgck4,0.0
mr4wwiklevlkzer6,0.0
aiucedrjenx73avk,200.7179062553402
bt2idaw3mioximsb,0.0
cbjeq3odhgo3kslq,0.0
nt5q363ua47cghvw,0.0
uw2xvp6se6hjs6fi,0.0
ev52qirdmdadbaoj,0.0
zwhncvklvz5remgp,0.0
bkdzwg5kak775iw2,0.0
p3znrjyrwjoasfbq,0.0
rqagyx7c74md7fag,84.97784233602661
m2fchgnoju7opfol,0.0
t6cwhpy6uxd2ot2p,0.0
lwobxh362em5hmfg,159.13501031285705
45rlm464thndacqs,1.204691149778209e-10
h4e45jhkn35yfkyd,0.0
drufm56x6omxki7o,0.0
4wmf36yuowfsl43u,0.002305830093140594
byr7bglpwh7sljen,240.78316932349873
zgzdgkznhjwrhj5j,2.7496137228912163
a7lrauyctqgbffsp,0.0
3iqucufk3jzj3h4p,106.27708281388298
6nh7pcwmtunwfxe4,137.02587648780462
47vr64wpkxmhkmm4,0.0
gw372uqmserdq4ae,0.011484132798548177
opvtkhnhuasz3oli,0.0
5d7avrm24u5eryoy,0.0
3aohjktdlvu2hwvd,0.0
zexwbt2g6olye3bn,87.26176729022778
57w2aytv6opayv7z,326.57514806539564
elsdj2vrugun2b2x,132.45462509735268
gr4tapfgf23nzvbj,50.43417619906983
dl4nyo26zumfvxjv,0.0
r2g4lax3je4pzomq,0.0
ifoyjy35z6earn4w,0.0
4x5hf2qpxlnedrl5,0.0
cjij7453vcnurxgh,0.0
ekwu7l2k2m5l5ena,0.0
cevuniqqurgzrp4h,0.05626247833034886
b7pnkqyukozrcwfr,99.17332944936784
hs2txnrdw7vlcaov,0.0
sjs5evnav7r7h5u5,0.02375548983091912
onehfoa7ikxsvsi4,0.6127367632179822
mc57i6ziod6axtjv,0.0
jhexqpd2yjgttac2,0.0
7nf6gseu5aezsrbe,0.0
7jk3m3pmpmhgmhf5,145.39805277927718
gvfhox63pjr46gae,0.0
cyj2eo3uzc3hxn7y,0.0
rvnxstmk2cgm6rev,1.2614943118139061
pagy4xm2p2aefsrq,215.0680723968729
f3tld2wd73xpd6tr,0.0
hlgxbhrrxdu3l7f4,0.0
i5hdm752bz2nsb6d,0.0
jll4vdptob72v4le,0.0
vlkzetz6yalu5jqr,0.0
x7joiuhe4mjx2wvi,139.78595567057658
xcyhoqyene7lk373,103.21930109854932
uuw72kgwa773jehv,0.0
wra2nbsiuqw7ccuo,1.6652364276135987
qkdeofe4bpippwrb,171.45156522071747
oui5d5mudhlbu7sh,0.002433848422170467
ko6bwzs3uubfc7cb,104.42260538866067
d2t4n7aioyjryxmr,0.0
lzhzjofgmjy7cuda,70.80259907876092
fckkg5njohg5xnmm,0.0
pmzfmmwxjizcuphz,0.0
bcdmn6nlqe4ymqmi,0.0
y6vqxvibzg4jrdat,246.74426066574011
c3tyfzvmqaasfwdg,146.21003474765786
hvsm7bzclv2qypz3,0.0
lrtn6bwzmky7veli,0.0
t3amfjmmezpnbezz,167.16660200134203
g535nxm7tojbpipo,78.69090417556917
izy3zk2hga3345e6,0.0
zeiupwpx6hsswb5p,11.009301722893156
iuls43xmj3tkhh7s,77.55697394131933
f4ylja5x53vlarkl,0.03955346850497415
wvfw5evw34y2uvhh,0.005256645276624505
wql5gwo75shdptmb,5.5830097901543425e-05
wlz55c2idq2tlpua,0.8201665040114056
gifehrvhtrjwgbxf,2.0083223385841085
r4foug65w3tupxtc,0.012269039814826417
2hv46rywyae37cm5,0.0
xyey3m63zng65scj,0.0
6pl5qdjr7zqwuqfj,63.18904090211578
l2zy2u77l3jjglkm,2.7185027507570125
m4bv4ac6hrrxh5rh,0.10011226114071824
rxwflyruu5rx2dhv,0.0
zqnujmrksuaziqkn,0.0
glozle3j4urddo4u,0.0
mgnf4xgjz76vlbx5,0.0
mdlj6vzreazyss6c,7.641143200109772e-05
wxvzo7g5g74qyz7s,0.0
yl3s27hljietwmbm,166.08335081578542
rpdu732q5zf65g3v,49.13203097763183
iu32crs65l32ud2o,0.0
zt42zekrpt5d6hlj,0.0
ub5t2ku6jecgcxbi,116.58319608145509
2g37ulmqylrthfxt,2.3795080030957667
nwag7leivc7257v3,67.1631613280519
o7lkxzvdqsr3xhvl,0.0
bb5ogaxcz2iqtecv,231.83896406865233
s73zdr2rmobru2aa,0.00274743572637009
jzeqndyi3vdi26u5,335.6966767983545
ovgbjhrrsl2jke47,108.94810158433467
zut6tmcku2uewalb,0.0
c3d7wgfqte7v2cqs,0.0
a6yuqlvrye2rfd4a,0.0
uocw76jey2iewup3,0.0
eskh2nylhny4l5bd,0.0
lnmx4fqhg7mhfgak,3.4597984950063903
njfu735h2iwafniq,3.737079511038769e-06
onmszi7cy6qikfhk,163.79174124947457
3btjufl5kn364dub,0.0
mafp3uyhx3drjhan,0.0
p5o2z4rw6ofpxtv4,0.0
szkeoqcdpqqh6k5o,53.70190288084754
bhjrgfxuoxoch3wz,319.13351953036636
dxj5s6r5sgo56tmf,0.0
6bhf7wq32oruvx6g,0.21465015403461601
s2wncrlq5neqihl5,15.062574007212307
ftoza7jfwhyxyd7e,0.0
erbsas6t2mnudhi7,0.0
fum3oz7cmhbrg54o,407.8485180233306
t6kbytogfcp5cmfl,0.0
57gif43tis4qtg2u,97.50774609773424
uc44ewgtvfahjj6h,0.0
4cxrm3ttzrsm472e,0.0
ptfa5nqamukx2vcj,0.0
af7hdifzjavkdytp,71.63537418337819
xy6ct7n3ny24l5xw,0.0
xbhep5xxcy4d2ieu,0.0
rpdsm6ypbnrih5c7,1.6253019069114598
7vj3ogamkg7rmyye,0.0
g3ck563vglxnqlmx,103.39009060651037
myls5mkk4xbaukb5,1.7569535247530637
lz5jqffmfcphi3ga,0.0
pex2d2c7yjhsoobt,0.018335708152235182
m2ag4zphbhchwkpo,2.7042773272423933e-05
733kdsxrpe4wm3to,0.0
w3nryy2b536dz5n4,308.15102598408873
zci6cqllwpblowwg,0.0
jskvivdrk5jtbkcw,0.0
n73rhin5hlfcbx2i,106.65328908617604
hckzd5d6mhquskem,0.0
5ux6hqrckx4yg2wz,0.0
mmcfhz6cebzb2gtt,0.0
gmkxtstiais3evyt,81.38353408933176
lhxull7nq5dfk6k6,5.088805846054114
zkntjyso3xwknilt,0.0
moy3njvz3leoji7t,0.0
xa5hc4o5hu4azfjv,0.0
tzdseziimd3vqyig,0.0
gp52wimdil3guxcy,0.0
neog5ptsngmihvw4,0.0
b4zqzta7wn7nrs3h,0.0
bndbfbwm3m2f7htj,0.0012211651282322009
zy763ayvgj3gr74p,0.0
ij2aplrezz23lu3s,0.004703004266419908
yoaozzmivkpsgfey,0.0
hai3pvmpgxyh62lo,0.0
knazw7wtq5kp7ele,0.0
oyt4ybto4y4okvah,2.0566767255031317
bzdjtkiak6ihnn7v,0.0
whjieiye7ntxxfeg,0.0
oplbpgszqclby6os,0.0
k5bhmlwp5lgogg6z,0.0
6y3ssnyf4lbwlh7f,119.33869583433173
qrouyrv3ysi6fugv,423.5316028580483
oyawwzzvnv33yfvc,0.0
rgidlc47rhhzja6u,0.5015903620307067
cuxfymysxxsxcdlf,0.0
vk47kjayvubxrjg2,0.0
uvfw7n5p4s4ejh6t,0.0
jfqeokkasm4oa37n,0.0
pevwqsyisdon5grv,0.0
j5k7vmyxsei6xgyr,0.0
hai4zkqxui6aohj2,1.1833383764139983e-09
ojgrzkq3uapcnpyx,58.496054618518826
wj4wzzdsxecrmkll,6.48720566466709
x4w7hkbxy445bp5w,0.0
3gr6gczcmbpqqick,0.11720504134788916
feah2cgnonyzamss,0.0
vintjonjqleiyxuz,266.2462978701
lja2idbprcfuzgl6,149.74521375522244
coihc6cphhzlj2cc,0.0
dctgrtinmdt4lg4e,2.975839283963984
kas3offq43dalrr3,23.133623980656175
gx3q55simj5eurk6,0.0
xwnfkjtp2orbmop7,0.0
4xs3ji7t5rgoronq,39.78343931784126
yuqiaktuaqwsck2u,0.0
yzyqypor7lea6ws7,0.0
t3mxlnf5g5tk3wv2,0.0
wp2p6gxdzbxntvlx,194.94159137853148
y6ust7qpu56zedt2,102.68158606837822
zvknricw7b5env7d,0.0
mq64nscy6p4moy7k,0.0
va654r43v5o2gack,0.0
6a6xqecrkghctlro,0.0
pszsp7atqbp22655,0.0
yrpwm7jqmn53jo44,0.0
iyx3rrdta2kjmj3a,0.0
elza7gntubdhomev,12.291489331322277
mzuzjd5ukwszdgo7,5.680281475369425
sjjtgxgqedgpmoag,0.0
jdouijzrzumneg3j,0.0
6e34hwzhycrp3fos,0.0
4ympljt2btw32aac,0.0
wtzrvsltpkifbyyf,0.0
7rzk66bz6vsotev3,0.0012211651282322009
4bmkacac7uno2q4m,0.0
eczychhwzwi7eulk,0.00404672384117039
cl2njw2jlvjcgpua,164.5472488570781
r7bya3tgujha6ygy,0.0
y3hdn2h4rbzkmjd7,67.56412492287365
w5pfj4xpgdyyhpuy,0.0
sp6wgrhcrjx74ima,106.73212503327903
oxc5rk34kssikhk5,161.36495402842462
psti5lqgl7yxw44n,0.0
4r2cuslatr4gm4a3,0.0
7bobiowo365n52ut,74.74469680212246
vfcaauovv6bzx2my,113.01088279732842
jr5672kef45np5la,142.0349762868815
kcjg6ivoe7ky3b3s,0.0
uwtqhzzeks4vn2vw,0.0
gxy2rbhz6lnxoohr,3.430107339048478
4veacvzf3k32pu2e,8.935751390612667e-05
a2pejsnewzqwtuuh,0.0
limdcfw7yynnocvr,116.79890829964452
ahuyldceh6lprzdq,4.316361810461736
ndoj7ytw7irg5xlr,0.0
nuenqcm62seoysfu,0.0
4qie7lqh4g54mafs,0.0
ilasi4uea5apgid6,0.0
shqbpm5arzd3zcbk,0.0
cb7jh53jwbsa2qn3,163.8203254942997
fwsxnvfrkgfdxgcj,0.0
2d56igtn7nkxrp6z,0.0
kr4dmepwohpawgnj,53.79841182239287
htwgw5jcaokcgsrn,0.0
5tp6c2dymynswh3l,0.0
g5ciqcr77c5d5inf,0.0
muufep6a6rp3ro45,0.0
rdkw2ptmlqxruzbo,0.0
tmann57hhkwgzebl,190.39509740977712
qsstpjpj6er3pr5a,0.0
tic7jcwolkqr2dwo,114.97604100831084
koeu5stwfjgjwc2d,0.6984132703275404
3yst2vmhddfaiq32,0.0
nwnenqypecpvl25i,0.0
vy43aj23fjninzd4,120.53014198200607
7wknzzg5fpv63sfd,0.0
lxvdyaggrzz2rbwu,0.0109177374520944
cbuc3yrdzxnf27fd,0.0
ovjzdnsm2h5ezl2p,8.548948520160288
cei3tawihdv6oy6j,0.64297637906023
tyjzialp2pfmwybu,0.0
etplwfvnrkugdxjo,0.0
za6a66phsnp3cmgb,0.3004584388670883
vbsfat6fbtooqtyp,72.85035919176968
gwtcpcucortlqadz,115.91421941638754
eaydkgps6eqw4vt5,0.0
yxx7ivcopou7a3mh,69.57622438800459
ex5r3ncjrboaozyq,81.01963495837221
hxpfmiwjtqsqun67,0.0
2xjl4gdplicbqbe6,12.097758090919749
7kdluasr2jipaykq,48.70848351040164
vfdks66nlwnvrobl,0.0
u4lew5v7v27j6kxi,408.4766439928784
vshznzlk66nadsgm,0.0
o26qk3x7pqleippv,0.0
demyvh754deh6fzn,304.98250342737697
mhbd5pyh2mqy7w43,110.83838067634524
v6kccz4ebmbfsgmg,0.0
4fywqdihdz5iqcqs,295.41153510364205
btjr4flv4ye2a3ty,193.12472079037553
6yaovnzmfngm4zjl,202.02388614038114
gvyuyv6uygnmxk7r,134.51870562670723
45viskmvajrdn5bd,46.71075677696279
syxfsjfce3qlhjwu,0.0
tl6cttbcbak3vorf,110.38152184759417
xc3ltuooj7nyl3oe,142.96526003391293
nmzitpp72qu3klcm,128.6033887850229
kxfthhwuqr4z6m4p,123.34128739861993
fkmvzsbgxrx2nehu,126.60092593370331
3em4xzl2he7etqhq,1.2068327046940159e-06
krgqkgy4dkf76l4e,90.66505639189995
lxhknrdkdl57e4wt,0.0
xbzfu4de2ztjzs6t,80.84018613180065
qe6iamfhuskuw3sh,26.930053481997394
tkmcbc2l7gejl5oz,0.0
2wwy3dxvwlb4xkcp,0.0
prw66poz2vvruxo7,0.0
azi2v3h24oouctpv,0.001970750009819397
cw46gmz4w6scec2u,136.91183389357275
6mjmjhlzilykfb6p,111.1633652340347
qsohq3jahukqmit6,0.0
5snqwz5aklyvc3r6,0.0
rysgdmxqgpokh75f,0.0
ki6odriqeb4js3go,87.7862343136816
346rdatbcmcsjpbx,121.44585817462428
ujr5fjbxpjrkhs5j,0.0
hr7ffxi7nfvhdlfz,0.0
qonhekzl45mo4oev,415.0115000297618
6j7blpyh4etlj2k3,0.0
j7kals5bncv6p2pm,0.0
qh2xsic2pw46cwsb,0.0
v3b2ppral5p73qpo,0.0
xwqp5gjpgnn2ekfo,0.0
jcie7hdlzgdbvekm,0.0
vkqkozziufx6ezfw,5.308828414515465
27pc7hvkw4xhzqkp,0.0
n2cw2itygctpbgul,0.0
l4qd7mtl2gq62zvt,100.59834288958338
wn6jstaok44hpze4,0.4766782816383244
obvhq2c4q3n2c55v,1.455393769982431
iptfxqmhzri6up22,8.240385391338714
qa4i6p7eo24au3er,0.0
rnpsjuhioownd6nm,0.0
ta237xzgfwaf5k3v,0.6448653798753087
gllgquvcwm6srhnz,0.0
wdltfmusdxb2pcjd,0.0
yn4u3rcuo2voovkw,0.004811220071073155
k36a7dgkwvxr7lqx,0.0
wibke6gkce4o23sd,0.0020842848575184526
xhwkkvc2cwkeeptj,0.0
k4kddyt5hyfjq6vh,80.48672740920456
dvgkksbsze2wbuzc,0.0
txxlbyzqvdrqrtow,0.0
hcukkzwscri5picp,1.971722500352567
fgm3wep2r5mxtcfh,0.0
aoxnecsq6solx3w7,0.0
tdktjckmbnrsfo43,0.0
bmlo5xdwdy2otuom,0.0
cyy7fnxoswywhyhw,0.0
im3yah24g6jw6fop,0.0
eilwiuasutdbhl62,65.86131947696238
xip7fot3emg4wr4f,12.265758113126875
burhyn6rhakbyffn,0.0
tuqwsd7rej5qzwyu,0.0
sn43tw3kdwde5kte,0.19217893925281573
dvhi4pwt2j7oobyp,0.6060007194629479
n55foddcu3g2dhwy,243.0834346918685
qb7tkufohearz767,0.0
uard7rcj3ygc2zde,0.0
dfk7x25eidnrcj7y,0.0
jhpesapjcz5kytds,0.0
b4mklw76fker6csu,0.0
bikrpedpr4krhtgh,0.005568766747648862
rah6ionul5blklmw,0.0
uxfdbh3nkad4c7i3,0.0
565vfhqdsa45u4vj,0.0
h5gha2km3tw6fkma,0.0
rgi64akryyu65w7t,0.0
z37x2x6l7yjlltam,0.0
opiyz7cpft6h36qh,0.0
kbdfgr3hz4f5up4a,0.0
qm66tyrlnxdoxsrx,0.0
tkegpuuxnd7bhrr4,0.0
kbxti346ltj3dban,0.0
q6vjsct4ea6i4qkn,4.393466867256506
st7oh6hg5xm2mmpe,0.0
3adphdo54rzxayky,0.0
ph27xaczknfbpt37,0.0
2qoyar2fn4uh3fku,0.0
27joeavy34bgjdz4,0.0
htnaqhem4lqvjeyv,119.78770037140043
izwwe6mfegwcjqzy,296.8375498780582
s6oxi6awmi44brop,101.76829901444407
jvffe5flyvx7zar4,293.6427084893223
y2zebq5ootmpogwv,0.0
aektumol2e5ixnfx,0.0
d7p2ooeq37wztaq3,3.2375483534668255
usqnqjo32gmgvbx5,0.0
mowi4e6bmwhbituo,0.0
tmfl65dwow5kcrk2,0.0
7px5aqdh3hllybsp,254.68688372422412
wqsr63npsghvdoqx,2.1501596270382697e-06
rbn7e6zqixfbrxwq,0.0
xqlb2wfqll24pzp6,114.75549007864942
j33a3vki4ewbyji7,0.0
qfne6sfbaqs3ifxx,104.5737211194618
yjmm326gknfar742,0.0
7hpryxvj32hfifzc,0.0
qpx6qzbl4lv4dguo,0.0
ozlxcbv42tp547by,0.0
y2xdfkmuqwthbl24,0.0
ioyv7wlrmrajx7xz,0.0
vjdvz6budkv7mr4y,0.0
dinifmqra4g5fccq,0.0
siwhm7d4qbwhgypf,7.521037462492365e-06
f2n4wkhf2qxsvbjn,0.0
2rukcjvkcgqltent,0.0
e5d24ookavag2gjc,0.0
tzsm3kaylrh5k6te,0.004371690070214443
52axo2e4a34wj5mr,0.0
w4r2j2ydkd7is3dr,1.9277949258716776
zmfpuxytarf3xfh3,0.0
wgtrny7224y6iqak,0.13386342730800135
z2rbtntz2ur4zvac,0.0
vzeia66mxwk2z6qo,0.0
w3lzpnj3vztbffqh,171.79007347035514
4m6aqj5jwz5y5rvf,79.4722084939685
irlmsnwrr2d4bnma,0.006849551267200445
6qe5nd4ywloh622l,0.010297756359064969
ico54hm5netylo6j,0.0
7yc4w25braaxeb4z,0.006074240183480789
efkmsfradb33fam6,163.9192227108432
xp2abkhm26vptvlw,144.6873130871349
i5mv5mi7mopjc2c4,0.0
jcoo4gri4l7vlhol,0.0
k24pw5y6xjpceoag,0.0
5obavyfm3nfasoip,0.0
ywsh66dxkfshimaj,112.69428574483277
g4zhuis5ihtr3rvx,0.0
ow6f4pavwucxeaju,58.60314988952213
eyqdfskrfzrlrgl5,0.0
23r35rgumzn3qbon,0.6959319785348681
zzacsf34ql76kffo,0.0
difdvhaaavyhopcw,0.0
s4rmvpfjpri3l4y2,0.0
vwptosc4jikwf5xw,0.0
uqqblczsrdls2brm,0.0
nh5ytzd3qszrglcf,0.0
7llwb7jmkucttefl,0.0
nqspq7d33vvuyri2,0.0
d5iberby2ivcnt22,86.50538335629822
4kboaetbjstg5xsh,0.0
fifvf5rp3hvigtyw,0.0
s6kjtipclqr54mbd,239.94206667562696
hann7fi6eologqjk,0.0
rrbn5wqo6k7o5sfx,0.0
4ndd53wtjx2d5mld,0.0
54oep3w5j4gny6yw,0.0
4toye25hwhp5azc6,216.43002825041776
odyjsxd2rqi5tieb,0.03208130117343042
s6ffqbu2zafw3pjg,7.56287883122892
i2v5pfbj7ywma3tx,0.0
tos23fnewpzjzlgm,16.925301235613148
lwhnowpxk5gaen7i,158.3348294448091
2fshp23xnlmqycbo,6.454603058968553e-14
biserjh2gcd3e22y,0.0
h63kh3p5mq4s3lnm,74.78946974553153
k5m6tpka6bwuwrmr,1.1848434797177807
4rts5r24u5yqbkx5,4.4782586193779696e-08
6mrjzddydv27tfx4,0.0
wwecjit7f5n6ovu6,50.253710990424814
uuxb2poyk4v2yzqc,93.3235980321976
hsczkvmwrc3a4pnq,0.0
rewmy5i5zgmea6br,4.511796747867895
xh4jfppnqjmffxtn,0.0
xnwdjmbi6wkd37ak,56.882844712146486
u2tkyb6bnrgg4e25,0.0
yoxgyjeyvov5hqfs,155.42477030888114
o66t2nenb6przvdn,0.0
ppoutmz45mrpre6q,148.0623301843816
rlv4mfam6lgvyn5w,0.0
avxd75ggn7rpvene,366.44939394259893
kig2h33huiyschkm,0.0
bhtveqerydvgi7hc,0.0
6rjwfyjqk5cves4q,84.94105051982488
ykdfwgit3riut2ud,0.0
cmiuopa53okgos5w,0.0
xhj6mntzh55k4s3x,70.66633463427011
shbovupjh6n7hnnv,0.0
n4zpfhzpicmxfoyq,0.0
zruxgqmf4eliwk6r,95.01466372303733
4fk66hpemicwxvew,0.0
speeucph43lcsb6n,49.05965586092174
sae53yaa4332l4mx,0.0
hpft7ubaz5n2bmkf,70.12526025020233
4f7hzuej2kizq2xb,78.7115714915923
ypgejzs7nn3vyyqn,496.84295201491943
37eegexx63poi75f,6.057312003336453
aucesok4o2bd7upn,71.9269722061654
26yln4i5nqogqgmh,0.0
soq46box2tetez64,0.0
woomzhieyaowggz7,0.0
g5lnmvxo6dkivi3n,0.08019502924271425
nvkjpz7bugv3prrt,0.0
vzemlzhjep3fzgkg,270.49017977649277
qqfoavdofeynjfxx,0.0
i3cnuaxyas3jjsg6,1.3234817079938672
wlyci2wwrycebluh,4.308739967817008e-05
7j2kyx2kupk7abmd,0.0
w6amzc3eewat7tmf,59.37526509465093
kobe7fqoj26x55xl,0.0
gwzlme7v4mzhw5sf,0.0
yuatslmgymqfn4hl,48.27356552584879
43rsjsn4fznzvnhk,183.6030193473385
jge4aktswhtefk5n,0.0
ap5pk6i5l75hk2f3,0.0
nnzqgqp66wuhwguv,0.0
rxtszmzvze3cjmlb,0.0
ucsdlexcn6e2f2tw,0.0
dl62fsbilms3mt3j,0.0
vnv65jqcp52fwjpo,398.27541841963824
4hgrbraldgvtzz6e,0.04195807764075291
c2aa76hnsmshpuys,146.46944726273557
a24cgwe5tht72hql,0.002670940837791823
irjklpyqnnkybgit,73.92295275115241
32gop7t62sfnkuda,0.04553081621845282
ggpcc6ncpeuuksiz,0.0
irgxeyxlmf2pw2o2,0.0
abwlu4gfcuxbux4y,0.0
r7nel7ghxynuetig,0.0
agg6vydywtc3auqy,0.0
pbyf7mxlydwntghk,0.0
ksdwblzivt43jnld,87.89342824607901
wk3ik26w5i7x4256,0.711417623940261
32y3tpkbo4stwhoo,0.0
rwvdf3ct6azo22ah,295.3370721177378
kmemtlbw62doe22i,0.0
cswnj7smugej3kww,1.3746759858833763e-05
sma5hgp4hlgotpht,0.0
pduqeoqufzamqbsn,0.0
oyifjniyeqn4b23a,0.0
cpx4gdbjexcb4oxy,0.0
j6fgp47vfzxwz7km,0.0
f3p3cqwyhyoq7aez,0.0
p7loqxk7wfjwkpg5,4.77933674222584
meu6jheeup3bvrxi,0.0
3nseuq6a4nt76xln,0.0
fd72rfye4lbjzt5e,118.65738014302049
fjhaxki4um2zctro,204.91008521203048
nbo2uynif6zhijbj,0.0
hc4xtmo6xekdi6d5,86.77260463248953
j3hhgb6coajvaul5,8.567237124140846
a22pkhexrzpylcxe,176.1940170209407
icch4onmqmcnzhx6,62.5377524972554
tri5zhp5rtnghnjm,0.33188532192115955
nealf7kiaionbvvb,0.003058921614071093
7hc4jt452jph3f3m,0.0
o7s7ytsccxernzlw,0.0
r2de7vweectvupml,0.0
7omglw42eihf7klx,118.89087075707153
5nkpkqfmo5xwmrui,0.0
2bsfnxrslzlkfpkd,107.20808822101463
rhb4tatobf67rdjs,65.45201014235569
yzi2xannvlfz32fm,0.0
dfykhh63dwwkm43p,0.0
hcdpl2lk6l2iqagg,37.913489690212415
aqa77dejtxxvtx6w,0.0
abywvmw7zit64mtr,51.00712131243438
l42slsmgsiekm5de,0.0
l4fuvn6jxfa45tvy,177.11316060315013
sgkp7qablzutsg2u,2.8542809323701115
thl7p2yul5tzqgx7,114.10834841040509
seok5wna65pvplim,0.0003052249321023968
45zupm3oanto2nzf,0.0
224myrd7nlqdkm7j,0.0
2ogk4r26h6t5ziwz,0.0
wcyveuc3ft2ghl4g,7.481964561640641e-09
6swf7nfscttuqrp5,0.0
dy3hoat25n7wwxo2,0.0
slet57d5oyciw4ca,79.89625205060183
eeznkkwk4mlwojr7,101.41201773073672
jjus2voytklz6pvo,163.34517883919503
rseatxg6lokv4gzl,0.0
wqrow2c6a6yx56uf,60.54646042957357
issurzlkb52ix2up,0.07176659229505888
jqxw3vln5drndr3p,4.199265206421081e-05
zfmudczxzu6emadp,0.0
iiyv4mqfzbvhl7wh,0.0
vfkuubgrgyjgz7dc,0.0
kgflwlopcyhgxryj,1.7677154901950327
3yyocywcyhizoa3h,0.0
nmvs2lorccee5ec3,0.0
b47a7wfncas52pcn,0.08190964611771877
zk3p76kv4nwj33ta,161.12633163691817
ubrtnmtuyxmowdvb,124.61615811992249
e3j2expscxjnzsqq,0.0
pito7t7c4pxu5wdg,0.0
s5pik6r2rftwoyx5,0.0
n5e3rl7njbqp7csb,0.0
tvgf64v3yscbcags,0.07570276744923594
r5z5k6khgs3dentw,0.0
wwx6e4dhu5nrqqwk,0.719197752198619
xdy65573qth7kod2,54.423035172986665
nsj7yy4pdzgf746g,0.0
6bgaqyw3v4oursik,2.3559603896857526
vbx72bpt6qipciff,0.0
gaqzpf6yuko24747,0.0
ctwqwuv37ft7qplz,52.687203007720356
aqgogx2vu3twujfu,71.9533541170393
7qu5owe2uiybgofv,0.6999280885028422
zbhwgfpzvoaijhrv,92.58049966449641
sgjniqnzt3umx7q2,0.0
tt5qxrd3i7np4src,0.0
vsct7oyvkvhz46gb,0.0
kqg7imtrlc64ydo2,83.36578009482612
wzpcm3ve75pzsyhz,0.0
a27idyeqgbgn724v,0.0
nga7rxltbw2dae2b,0.0
j4etobe7xqp6ssul,0.0
mc7qbpdfsmcexow4,0.0
ezm5kzwxsokhuckh,0.0
k3xlc4qikoz2isdq,60.44982656310129
nhe2mp6ol6en6bfm,0.0
i7kksurnmen3ag5e,0.004032386571899151
gz765twqmpchehea,80.27345113241824
bbjuv5eaj2nkrafz,0.0
buvz5eyuz6zhp7sf,0.0
3rai6fp6bzmz2gsv,0.0
rtwetfcaordyjrmr,0.0
fbgna4fmmhbt56ed,0.0
pk6yxdn4riglparb,0.0
nspppiyfm6txbri4,0.0
buw55qcxvovk5n5b,0.0
clkkuvc7b6lymmkc,0.0
p6oq4cccj77wgd3q,104.16881890372576
gv7eobrvc57ovmit,0.0
372fswr5c4sryliu,0.0
lafva432jt6nnrbw,0.0
444erf2ln6eqqx3g,0.0
ju2lxa3ddvddfipw,7.354543777381581
y5ahafllfemcv6kx,276.09622141592524
v3tzpusxdyv3rm73,0.0
2636xfzoz3bq6hww,2.4782285164388576
2uxbetkfrxs5fphg,0.0
way6nbsboufjerk4,126.85105851399845
kbk4l6vnupetohbf,62.41103501108716
wmcdtovj3ydr4dgh,0.0
t3y6ftq4l4bogmqb,9.714882642242822e-09
jf7yks4jlw4ystd7,18.460002721745287
l7eetnbbicob6ec3,0.0
jk2kq3fsmnw3uuj5,0.0
rpdnonnq2jo7j7at,75.88726249142431
gev4yxtvdy6p56so,0.0
lc5rmqcygby3fydr,1.7187357571309079
2nvvyuchuzws2ia6,51.46866653699003
ckkqnz7rwplhvvdc,0.27261082466144704
dosi5gv5uv2vxtkh,0.0
d3awb4pfiaq7ahk6,0.0
hsygzueeo7yeownd,0.0
plxjvx7z5ck2ara6,0.0
4owej6p6acdrr6el,0.0
d3bt6xj7m5vw4ahb,0.0
3adaxqlpa7ogoulb,0.0
aadpvys2ihspe32q,127.79674881545566
fg4wh2ftw26hsepd,455.8908615433779
xdnius3wovms6vwv,0.0
y6llw44ts4oylwpe,3.4465498488553656
bc4xqd27f53kjs2t,0.0
rbuqwi2hqwlngbxn,3.4563683324151837e-06
jig4tk425mij2odx,17.28455589308482
wsmqcdjld7qzzirs,0.0
trvxwpl3unloqxmw,0.0
hspbuvujteqss4pt,110.09268356867554
xionir7r2f2htadu,36.87143024520534
i5jter7wkkgwzpdm,87.78222295010755
vm5lksrvwblce3gx,0.0
dslsatghdgblmhcc,71.01587380025364
dsrlpvwkdoyjai5q,99.80458000353858
cm45z2xy5gumfqpo,0.0
lwbdfdmn6d2iafuj,3.29828900877367
7zeerj6lyotvpd7p,119.19810516880209
2bejjl4gcangvotx,125.63459367739165
e6bppt7h45gdlloz,0.0
4e7lqyocle4jfucv,230.7759146261855
ejuhqxm4fu277en4,0.15504527766712428
m2ukd4cqb2ppe44i,0.0
xfnsmr23iyg3do5d,0.0
444zx43dpsbwtv4k,0.0
jzf5kinjzqtrb26t,0.0
p2fh7l33vhvfep2s,0.0
3nzqpot7y33lzy3v,0.021956686102510982
hhzsfv5kcm6tnlim,128.93184611429365
dm67ploerhpvehr2,109.17157831990033
wpj6imj47fv53hfm,0.0
io7aj6ehxbeezjn5,0.0
fma2dqpjjaczkl2m,0.0
6jcef44mtkcmhkgp,0.0
3ait3mbbfd4jmwcb,0.0
knmcgymcppp5fpct,0.0
pgraikpwiujhf7ny,0.0
5wpqq6tswliu34hp,0.0
o5ykvdahedklk4yx,0.0
cn4fci66xjzgyxz3,59.97735091586052
njx66fyu27wk5wvt,0.0
rgwrckx2ix75k5qg,0.0
kqzmuisk4c5j7lyn,0.0
avsmkgh4ubkhsgyq,0.4418067547805904
3w36k57lkmlm5gi5,0.0
6lrm4qqqpk6alhps,109.33761153275623
y7md6nf4ftjubbrq,85.88848488328398
rdjhvlylzsmmi3i5,0.0
dsdqweczyj5sttm3,213.02656205178863
ubtw5utndwhlyarz,0.0
hkyewptknf3jqpjr,123.68059963805968
3abj2grrbu5ih7jl,0.0
wt5ywiutxvvwf7p5,0.0
ju6ptwjbl377nh5v,103.18396552188652
mc4ybsuiaqjpsiku,88.91187171485039
oabo7nifav5i33ft,0.7575467353624568
5ffb4u3utp226k6t,0.0
ltiuvdgjbgmjl7cn,72.21347979753351
vrmocqbqibyrexdi,62.86756853600047
sk62wexzgbnkvs36,0.0
hdzf2bckestqczbp,99.4734917072955
tj5bhguks5s2ofwh,0.0
phglgzkrafzxzqzq,68.55639177052308
tuv7avter472m2va,24.53235831229772
63dn37oo4732nrhq,44.64830193495072
jpxdrxzr5evxm7cg,99.94360675535879
bomh5zt3pjevnxbs,53.17081363483584
snktewhobyfwb3jt,91.09700859790192
b4mk3cjmbb4ffw3i,3.77264711405959e-05
wqijhuic5qndaqrp,0.7537276510873696
cxq4ow5odercdmjz,0.0
vcabmsg5wlfyfcpt,0.0
q6mmmfvrmd5z32f4,0.0
bfuyxg7lfqyji4l3,56.07679404366569
inncjdahogczxsqv,0.0
jv4aqd5loyaemap2,120.18969802597685
62cijac4lthlehru,82.32680529021519
j2m3vt3c54lo5wzv,58.31176033387989
hwsxlkaz7fm5yju5,0.042298395692328815
m7risx5bxm6y73pd,0.0
wq2s2jdgoi5pfurw,164.4645581977124
ennoi3ytxbtilxf6,57.04068211030438
ohyrrffybz4p4lw6,142.8564890110161
bep7nmiibtnb6n3n,0.0
3fgbuqs46hu6aden,0.0
bfoct7cb4o6jpvkx,0.0
vmvyibq4il44jbi5,0.0
dj4mezo6hnybst2z,0.0
wfckl4tmf4cjxaj7,96.94207471259506
auegbswq6wo5grzr,0.0
nxnof6ewhk667s3w,0.0
cvc5idmhyrpv36ci,96.58412919391552
q6fty6gyiw6zjxg4,171.51465764345565
yk4s36wegwvep6wn,0.0
bvr5tmr22a3jgg43,0.0
qiwxulu4tkvaelda,1.1309106218952525
a7qkfyasatcrqaxf,0.0
jmdkw4czgxaokuh4,19.913348821132036
qrydbdfxesddh2ko,106.93831207170638
wmttattouz2xzd2e,165.97983569711243
t647hrrhnblcn5h2,0.0
rxmzpxyitggy52cp,0.0
hjy3r2nkkufujigw,0.0
gol424fulqvjcaz5,0.0
ilcfqz3ryc6cs7qj,0.0
bowm6ajvvlgvs54v,0.0
3gdcohpf4y2ib4yg,0.0
ercqj7vp5soybirx,3.4233303082544415
4xpl7yhaaq2ysi2d,80.46240831433275
6kmepaqy5p52jgj4,0.0
pxnzfkognqp477f3,0.0
xh4glw7qbx4swfeo,0.0
wu2uf35hf3qzhzza,0.0
yxbl4vszohwe3ei5,1.852676536283253
xtsw2prbjmtrowqp,0.0
g5l3razpbmipvd6v,0.0
6v2h4cuh2otipphf,0.03500731994377083
fkzdy33y273hqejz,0.0
t5nztlsvv4bbkych,0.0
3pumardtbnsm2ty5,217.39541372201873
7jwpewnkdtp5ef5i,0.0
jp2clh2j3i56snmd,153.67390818385516
6ul72ieh6r46uzss,137.71863057919342
mshv3g2iqrb5tcqv,0.0
bzyecljafqtlfrzw,0.0
kckmimtb2pfgluc3,0.0
z4iowemszsnmqwo7,0.0
x4b3s47dd3rulnes,0.0
2caod6fpgjtrfqqm,136.58744065818166
zoesg6zq7wt5x5pz,0.0
mcrhty4jjd76fk2e,43.40254638447648
qthmli2uthvwhies,0.0
jv5fqlsn24z4icyj,67.91357418462141
pszqna7r7wfqw5rg,231.51873869006224
6ure2yi3p6t2a2my,6.88738822998835
qrlhvoq2yfgdmy6c,0.0
eylufdyxkri35jo3,105.23912586503178
g5fyjufyrxoumgxx,0.0
u5geformpu4iywf3,174.20007997394913
dqimbc3kkwq4w6tp,8.979423314407192
hch27s2fyvx2s4s5,0.5351025794841882
s6vsx3lzy2brkyy4,0.0
54ocrurz43hzewf5,0.0
soxyzrhjubn5n5e6,1.17377466637647
6b4w5pcx4qyg4er7,0.0
5gtrnxwg7k4js442,0.0
hznymibpa3miqmdb,0.0
uvhvs37c334ll62i,0.0
uze7cjf7ffjwp7yp,0.0
eyj7tri7gai5kpc5,25.70888870135404
yukpcwuxbv3ukboe,126.68455706288147
l6vyspwk7lsgb44z,0.45019347133153287
p3edyj4bx2i3xxvq,6.452122142370613e-05
fkrru33yt52znjgm,97.41646999823746
foqym3pmo375t3zm,0.005591121396446612
kfsplzekjh7lefwx,0.0
zzz5ygk7nghqdqn7,0.014867394401718309
yafb5wz7wtottwi5,0.0
s7whonra4vjmn3cc,0.0
wtha42shh5hfevxc,0.0
opy3b5si5fzcrbrn,0.0
3zl7lff7wcibjbww,102.46665460370892
dnpc7fbevb2gxgya,0.0
kc4ct666pfnndkue,0.0
5dtt47rhwgo7xlys,0.0
qyhfspknoff26q4b,133.18324106364605
i2pjzrhbk4zrb6h5,0.0
apjng65guqczn5wt,0.0
jbjnwtmdjpr4ztt2,89.16602241713511
g3etzsvshkwpuiu7,105.28859651278447
3i2na2zksqevnlhg,0.0
yj2hy2dbvin4bmjv,0.0
nav5wsbggwptcfoz,0.00012055534235445751
w7ry3gnds7zoaugb,94.1845679687641
g5xnqhxkvvj2h7ee,0.00015116129740439568
ksd3xnm6gt5fhykx,0.0
rp6pv5t65usmt3ut,93.51950386851429
6vcrsflbcoprlkm5,0.0
7xi3wm6baxkgmm2p,84.49027465348337
pls5xdzsf26nngr3,46.37441290045264
4gpdiiddl3ohthmr,220.49207163320725
m5tv6c7h7k4flm4g,0.0
pactg6v6ulrjzfxo,0.03644684137414031
ocnvrnc6xqekuypa,2.5884994155303374
vhqrcjelhmvnqwj6,0.0
kut2hslhagtbwqn6,0.0
khbuytilvvmjtstx,0.018863911394576816
ol37gsmdfwiget5e,0.0
bhgm5cayhyhcnz3o,0.0
ekueuott6cbkqvdm,0.0
vbxpkfuwe73tfgvi,0.0
fq2pm5xrmomflsvu,0.0
zhp7xz7zmigkgjmx,53.68286978586887
qpjnt6wbvkwoq5n5,0.0
rrt5hla7tzvatqbj,113.94589827999334
6mbwjlqyiml2otth,0.0
3skvfmqhueu6wag3,203.1075656935568
pl2udmz5v7xhw6pp,82.74235435782003
2i2tu347zf7rkkq6,0.0
ilzqrlzlgbjxeoos,0.0
zpa2e7nx3dwl64pg,0.0
rhh4xnc3alve4kdp,0.0
ctppgews3ziviuby,0.0
pwtknrfpq5d4lv6e,64.05439676222227
5ch5uqwkl7c3tjg4,14.579721214052574
56e5nf3hea7tzqco,0.0
ut442v4opeaxgaau,52.945430166890645
dgh4bmvdo47cfem7,0.0
sjhmuz5v4jjejgp6,0.0004896714579004704
rhozea5g44dbw6yi,0.008057746181778921
fg5uyjxyadxyzque,11.49115684522626
umknhyzuigk45on5,80.06832798883659
uuoptjicbrsxv75j,0.0
aqg56pvxpjt64xln,79.82801835402714
v7olaq63wj6ci4cb,0.0
iukdvmf2bcrdbojb,0.1828668279620963
2fzmginsxqrp7n35,247.21594776759855
2kixlv26zv3jgwvu,68.10440723083273
kekuy62ct5fni7io,2.621689446595229
hqi5ycai26rt6efh,75.5499334196678
u4pu5qdhpnp45f3n,109.83234941184124
wfymwixd3ap7bl35,75.24443646421668
flamzdvmujkoz2h5,231.0292900533879
ckkzcpbdh5xsrvpn,87.54499268545803
x7tq2b4qqnskepyf,0.029494539454636082
5eyevadquqmjufnw,124.92205722536917
wj6wtwkalkh4act3,84.45888647737664
wxkpguveoakrbwns,62.33103937600029
2ey6rpljll2td2dh,0.0
f7t5wxoaes2u57om,147.90006191583737
xlglicaa7tbhthbw,0.0
vl5kkd7fb26xthf6,124.24192930291976
afxivkucazetgxhu,142.35873152087564
np2dpsv4cxlxjypl,121.54161549564967
bxcrqcox4lnbneeq,96.57901162409837
wn73ktmhersm4glt,59.984049895416106
b4wcbryxl4ly3ul7,0.0
2nbks2u2ppiw33xx,0.0
n5xiistyux5u37i6,0.0
ssqjjlcv35u56t5n,3.457480576778837
wd23n5ov4qy2uurl,0.000811477138971868
pi35we4qx4ii53nx,0.0
fvj5ljnmgqtcrqlq,0.0
mwchzlqyax3nlffr,134.80690755952673
nnh6kvlt54ov6pnq,1.9777827967850137
b7nd26kp5wqtykp3,100.2284187403275
dv6mrhqapky3aur6,1.1872901195079948
plarieirurto4rsj,76.88706845902126
ozpqhs4idc2kj3g2,164.07813896544883
52x7o6gletwkwuin,1.046535160593183
uic7c45a3r4yja5k,0.0
7dhf2bf3debuplx5,4.03458891258336e-05
ujtqmqb6kmxjqtmb,1.0490152069656936e-05
2lbuxngypoo2u5uc,0.0
rj3arnzfzlfgps4e,0.0
ddpnvdedqweopznb,0.0
6lw77gy4hjtpsp4i,0.0
7it5cy4b7qbj7m7e,0.0
opb4vxvzsc2wphsd,5.806937883318422
pemrlce46tnsubg5,0.0
ocyrvyavgfwlv7vw,70.9576144261558
44tbjmkrdjridbpg,0.0
iypd5og3mcdnv476,0.0
t6owolyc7dnme3ed,0.0
ctdaqrnb4ltn2hnk,162.23059467297733
lsej7bnqir6czcbk,1.0006140188951533
jdtjn3bqaiv5nxdr,0.0
temcpu7biobn6v3b,0.0
j6dwxvi55gujrxf2,0.0
cuwlxbg7lds567yv,0.0
nq7p62hk227pwjmi,0.0
qqb43nwgdaursiwy,159.3817389961788
f7lekbhrqn4ukfje,0.0
ngtd32xgkjkr2awj,0.0
z2bgwbnor6rjec3h,0.0
e36hrypoyaiufdty,196.3905793039056
56btzebcquggayl6,0.0030712100793823444
j75lez2xjx5yjm5j,9.542571229422734
pk4steuphon2dfz2,0.0
h4uzfbxuxuhgjer5,84.02725706605057
wtj4wkdw5d4udmut,0.0
yd4lqvuje4jja7ff,202.56126732617165
xondgwtntc3mipie,0.0
zrrz2stqliqegvyi,0.0
tjupgs4mqlrnt74c,0.0
fvl4uxjmp7kqnroj,0.0
c6am4wflpu2vvtz6,0.0
sdk5nzcgvlopw2uy,0.0
rkqkw2ewxphkobcj,1.4105119704283672e-07
ncwjqvseq2gh3iih,0.0
lo5j57cbedp6inpa,0.0
56aruo2mt4m35fou,0.0
r3y77agmzf3x7pfq,0.0
3trrxa4ny7mdpb75,0.0012211651282322009
jubq3744yu6a6pbr,0.0
y4yriepxvjjejnkg,51.96320306498382
4c3gyp47kejmtadb,39.045618820129576
h5cekzubekrmdth6,0.0
g4vodd7buj2zivpq,308.96329030390166
5jnjgcs6fm7dcsdd,0.0
lgul27j37bkaz42t,0.0
gd67i2njsbdoed3c,104.45128580953298
ttusz2btcl2dd3t7,49.33727671321347
loq6x6eibsx5q5zj,2.370543481230941
43xd2ln3taje2nvm,0.0
k2n6axs2lulqmic7,0.0
lesjr34j5okd3aob,2.5374756969778884
xlct6vblttdsfj64,0.0
6bnbntaatgz4hlga,0.0
lz3lqmmogywsnj6c,0.0
mbg3ph5coeihwstf,0.0
wdcz5cguuru2p4bp,0.0
5tfwnll4nlfrteca,61.143270982757286
tgjc4g5cf7dh2mfu,39.530837377629496
dzbn35sfncnbj6ef,0.0
qc3dgth3gdolet45,204.9020248298794
nwftbk7zv6rx4hp2,199.72399815983522
4etpk7jd4i5jipzq,0.0
w2gty3ptoqdsaxpr,83.73260125897944
ilvofz4n22gxnm2m,0.0
d2lyad7ywvj2eo73,0.0
f4zyrzudezw5rx22,0.0
ddoxvjdostxvong2,0.0
reh6hpe7plwzyhym,0.0
4hr7iofgie4izvew,0.0
kb3hqsyqwu5s6kv6,0.03843139825233486
2hedthluakozl6id,0.0
saw66eqcqiyaumej,1.5451865490206627
ksdez3qbg6r7nxvc,0.0
jp3z65jaw4vphpoh,0.0
5dsbvmkpj65nz4it,0.0
zfevj4g6wpxbfqn2,0.0
2mz2mydrp6ldxf2m,0.0
d3uolq3qdehszndh,0.0
jnzzw5azjtlbokkq,134.45210178294738
ntnpefg3vvxbpykt,0.0
ezgnpmgid2im37tg,0.0
dlbre7e47mpxiqgf,0.0
nb5obnvwnht5g4o6,118.96217189274024
bg2pauyj7z2btivy,0.0
gzdw6wmp2g2etkf7,103.49029934424217
d3ecvdvkicawn7tg,0.0
sfxmgmecrniml7h4,0.0
sbylnenrnxtwo37y,0.0
bijt62gdseub52qh,258.14844216540195
rrlr6ybi5pig3nwm,0.0
gchwgbjgfue27qm4,0.0
fqkr7wjmczooqgnz,0.0
5yn6lxomtukevj2c,86.04938700772458
aeavxlhn4srsijtq,0.003319105417637557
4zq4hqxfy66hague,6.150153904180767
teqn2pph4vmywtuy,0.0
5ymaiqnayau5x2e7,59.442601203165424
jiipshkmvitxhtqi,0.0
gwn6scpyx7zfgczg,0.0
ytdzqxp75mghpfqa,66.47325204997486
z33j5vcom7d2u2t6,130.89385225410473
juaxffoone6jipjs,0.0
ig352iluwuesqrwy,0.0
435upmxas22pqagf,0.0
bkzqdujaskx4dfcn,0.0
txw6dw5ylsv3zvea,0.0
kcmzanbchfcnhtil,0.6974912784022816
6cy3kuffurvdopcp,0.0
dl7k36ezk6vpeiz4,0.0
wczn6nknif5egofg,1.417973509493344
qdttwb5at5x3yqgf,0.0
flvvow76jqmmrbap,0.0
2s4vqldd5ibjmkwn,0.0033783785264367336
expl3wzfc2yacnif,71.00443341329326
lxtacwpemh3knvdp,138.0006059324449
nfckfi4tllgln66z,0.0
epnkewznsvfvxf33,0.0
5flvvsszw2jjksu2,0.0
ze2g2kdl2wuluadt,70.70974435182924
5qgkf2fyjokp2z4t,0.0
q45bsqn4qzyraspu,271.3501931250938
b3ivrkan3xvkl3sa,0.0
olv47zv6tl25v3bg,0.0
7wp67lbzdrx4u2vn,0.0
qxmr3jmobfzuzh4u,0.06373261694296713
utrohgwq3ryum2k3,2.8481941169080365
q6f5pmlrmol4tx66,61.708281749009444
6m3odxj6jop7tgp7,0.0
vd3w5fodzi6n4jvt,0.0
xdkaxqpgfgxuehsa,0.0
c27sgimrao5mun7p,0.0
zruxq3lhpivzj2aq,44.75485036221187
2nxvp6ajnijq76ug,0.0
55funlfroeic5co2,0.0
kmpbwzr45mttgkjf,5.405669955680897
e3jx4z6f546rfwei,0.0
2m23muvncsp5iu4r,0.0
x3tii6ihjvnxebn4,0.0
wlumhk2qhjxbki6u,0.0
bef235nfrgiasl6t,120.53961216135707
vz4f67j4ltnsz32s,0.0
qrph3refd546cakp,69.36257865352576
inq5ltl3kwv3u5jh,0.0
hxqxubjgxhrg5gyt,0.0
7oavgd6wzhpxqhoq,0.0
lpskzwwm2aac32fu,0.0
jdtlbne2jrfesmhw,84.0201183450577
3tzqelx7rw27mucx,11.397230913735644
4gn6m2fvgvq4st4t,149.12771017990679
vc4mcdjmvbc6c2ma,0.0
rnpfnmt54tsx7mx6,0.0
ap7toh77eq7brw3y,0.0
mbpocgtoqy2c4svb,102.6104664570931
azbdql3h6aqpcycx,0.0
5vcd5cwp4pq77c2m,0.0
s7fr2vpu2fvuso5v,0.0
tziqyoieyhbgek5y,0.0
zt2zhjbfe6vd7f7x,0.0
hoysezo5zl3bwdhb,0.0
oh7hi4pg6nsn5mmy,0.0
kxwrvnmdp3gieu74,0.0
c6f3uk4os2m3tapm,0.023694363060040507
crhwtat4heala2yp,0.0
qwoj6xpaavhzcc5r,111.08586895501024
nker3carwoxcuqoc,0.0
65qeihyuo7ipfqfe,298.43961384540665
oubpmmv2lvylpzkv,186.16108386612112
2dfdfdna3ybfkvgt,0.0
nfg4c44a2mftqubj,0.0
m2ayd3p7cf464kn6,0.0
34drklka2vj3a3d2,84.38072506877339
bnz6tbgkm4755ep7,0.0
5bzqofvidfotzlw5,0.0
g2aiq52l3uitbx5e,0.0
c3ti3ah27e4w53u6,0.0
ghahf5o3oyteirkd,0.0
i7jliklddymvkz4q,0.0
pdrwnta2rz4pywjo,0.005443605314842631
b2kksrtq4gkd7zlr,0.0
eysg7tsbhpth4mjk,0.0
f5sp7pud7hco2zm6,100.67313268263797
7t4y4yc2pmxsujb7,0.0
vkkttulndts73seo,0.0
rpik3egiq33uy4r2,0.08553296903453422
fk4xzjfgkcfnjhsb,0.0
al66hahtzgilflvc,0.0
qlqgy5dhqkkvztaq,0.0
v5tnyjaaxis2b22s,0.0
4aowp6k73j776qkx,16.335976898463425
tyw2w4spyb6qigky,149.0712561838529
tl6lwuvkby7iw37c,0.0
pzsjqg43shcukhpz,103.21502686924703
wg2ce5hftb374u3l,1.0178546575183691
4sj53g2bntbgl3fs,0.0
qxwipqmrdwcgbepi,0.0
f55mj7rysou6ohcs,89.09485649680289
rmm5phqcjhva22n3,0.0
stoidnmnrxxriv7d,0.0
xw24nwcbqk4ra6nv,0.0
3p7vzkjijtt4l66p,0.0
jbdhhacfrd3v5jiw,0.0
w7lgxqbskdkajfsu,0.0
tbp6bblpzqxak5kf,0.0
6vhkhxywcvrnikaf,1.2834288509592535
jf4ngyabloo7cwpj,0.0
e75gurh7coqxisyt,464.9704483061179
uofs6r2vrj4am56k,0.0
os7mmnonnonpxata,0.0
iwg34vaafkdf2hux,0.0
rwaj3kc2fdbcztn2,0.0
a3zjppyda2vlinsv,108.87248814716088
k4wp2e75tz2wduag,0.0
v3bkduf5lqu3ixgk,49.4643950900155
cuhtj6foqwjb2unc,0.0
qhn2fnr5u5oqrtoe,0.0
op2inbe2uqdgr5bx,10.71179826520509
vzhwyma3rmyire2y,0.6052749052804166
atbbhdkls3ekxuyq,0.0
rlgvuabbgcw6u7az,0.0
hsdjs2m7id5gi4pm,0.0
look6jjhovzr2dgx,0.0
sm4hcbnk4k36xqqo,0.0
jfzv2d4ikvauw7rm,319.54660349751816
ke3ebg2wmmculhd4,0.0
2xvnrgm5lsf5q2bv,142.74531766119
oeho6xyidypqgllz,0.0
5ebkga4ogynvgk5o,16.87338192582092
ms5nxsjpuvtvvbvq,0.0
5prgitxpdlvqa7ss,0.0
nadtcvwcgjadljnw,0.0
4tec226ehi3rcjtg,5.382653698334162
vfpgyyhyhj323fcx,1.623901313855888
p5pxc563skxbq3rr,1.4368543055718368
uzjguffnmx55wayl,201.53012856712903
zgalgh5rholrvydf,0.0
ikqub3uqhwqsefzq,0.0
bhvywxctd4gamest,0.0
fcn7gwkeixffuo5p,0.0
6j5aop6p4alt4yki,60.83720148010882
6557kgcxacrukmcv,82.71061803903066
eopeh4scni567mqq,187.13015626144465
6px3xdt4rbdajon6,0.0
n6exblkd2gahlhg6,0.0
nrvyxkangv4hkhwg,0.0
6mlyv77u4uj37epd,0.0
hdijiscqmyv732kv,0.0
cdmmmn3zr4zyygjh,298.39836629711624
rpf4raxjsppiljil,235.92938790743287
jibijpyyvcrgqoon,0.0
bkwwjmo7jedksatc,0.0
ehnywgxfkygp2wue,0.0
fhrcrsjuij4cpnib,0.0
r5kesuf355ykhbah,129.21881259763936
mqa7tcseppptlhw2,0.0
vvsmm24ydxaciy6m,102.96754260312656
6gmbmjmkxj6ygdvo,87.9458789586002
bdtw27fqekx6dajc,0.0
7224o7y55wxlhtbr,67.08113432727839
gzbaiev4v56ztryb,0.0
erau3ffohqwlzjg2,0.0
b6xhhzvpyl6us74g,0.0
2l35vx4u3h6qexrw,198.2451914872554
lgddzetee5s5dp2o,0.0
agel5qbduyxkgtjo,0.0
mchrrdokto2qnatj,0.0
7i4qd6wy3j5kkjhb,0.0
tm5ezxfayhqt46dt,41.88737265512724
d6ibp7ly5x2lud2c,0.0
gsv4haelemuwnuor,99.49973356066408
tk7j42mzihhefu7t,126.70914671330453
bk2tmnrobj523fy3,119.36481282334927
6lh4q3u4qiud5vpp,139.86431216187512
cxp26ao3pqbj62qs,0.0
ctx2vfyhxsrahmak,193.37142795858472
ltppgcjldcznmsgj,0.10009154635657226
po542iyfknaedfju,0.0
dmhsg2acraamr6p4,0.0
iqelb2hek257ynxd,0.0
jsn6re5wcju2olli,0.0
6gl6guh44xo2enht,46.069831897756664
ytd4k7gpdixxoptq,0.0
a7imitowx4cipexi,0.0
zz6alhtrcbndp4sf,0.0
vybxcwsj6s3pxhzc,0.0
wglkrdaporqqwcpq,0.0
wzekhl4ixxhdttfb,0.005540714151532974
m2hjhsydsqnsfuwn,0.0
bzbrt4bdyhdg2to2,5.851444810943244
ixxvvyhu7ukbyars,143.3652416858373
iincjoxdkur5vvqx,67.98904554696179
2zfxrlkro2z46glc,0.0
5yqrm4loyajmbp37,0.0
riema6mvkl6yalov,0.0
a547mec2r3nk3zyt,0.0
mwsiobhgz4ouef6m,0.0
4pd2ozvq54gkosam,0.0
cg742ew7x5arf3il,105.8827039291936
bong6zgjb43o3jgs,0.0
x2us6kf7g6yrkiu6,0.8283203094421737
dzns5spahnhmkfqm,0.0
axbidlixsfoel55g,0.0
rtcdi6e4hv76mg2n,0.0
xz3ycv2acgejs5bs,90.13186911074371
hz42dveszvkk7p3o,0.0
xwjmgbbaerlor47p,0.0
k7m4uly2bauxphv3,0.0
yxoqqlid3lv7hdps,169.73958271839209
we45ppk3opdauuhj,0.0
nbt5hprkumqfahpv,0.0
75zvaw5wjo4dzlwa,96.15831055765238
kwx2utrz36uzcvl3,0.0
cciiia7o2c7fjamt,0.0
hzajp4juywmr4zxr,0.0
bda6boe2rrtohuch,145.6117989241833
ulxn7zdtjibwjpdf,0.0
kyzij7rt7af5ho2f,0.0
cklwwkcb7n3a26li,0.0
kfld7ijtamt5n5xf,109.05482775444085
yipuht3qpho352vb,0.0
2zjk5ewsdwjp46tg,0.0
3z6hplgq4stedfbf,0.0
g3zlqm2hnazxdfyl,122.855227369029
txrsyd7fruoveu32,0.0
fztd57mx3nay2tpq,0.0
ljsvtk2onxsv4geq,0.0
nohsovv2yvzif4dz,0.0
cuvpg5huoh74ieh7,0.0
agwu62b2o3fmdkcx,127.98974249908636
6niccwxapzqsty2e,0.0
vvjwhqft3gvbcnbb,2.864858778433285
speaw2b4iew46s25,221.76242731578026
pz2k422tqhjschst,0.0
5lmju7esyckhh3hl,0.0
nzwksd4nrbdqds5w,89.83941606881741
3wwsc7ieaoqyrqss,262.1874937494779
xdtxcmq2n4mkjn4b,0.0
drx6mkw25dtexr4a,0.0
aihiywp2v5o5akzw,0.0
ugf5a7w5woomwdyp,315.28913226213035
ljbnwjvoc7jyxijw,0.0
c33txj46xai2h5yy,9.114048584461994
tzcbunhyvr44zb4j,15.86975906546387
a4eookoibcftog4u,0.0
wc47xbwr6tmm2ate,0.0
4igkz7ok2ygjijn4,0.0
azz2vccedaldnla3,95.61883828668222
qabw42f2brv5s5z4,0.0
f2xxometsyqhuxke,0.0
by2wepy6zmspjsxj,223.36424721325994
3edhso6tpuduh4ej,1.9016004938382184e-05
stbrlutscmc54rz6,0.0
4p4m7nzxpww3yz7d,0.0
coqn5kt7agobzzpe,3.388090135925061e-05
jlpf6ezby64gar66,0.0
la45a4wnhkhxblfr,0.0
ajnvofqtme3wjwus,0.0
utqivbzqtlxz5h6r,175.6523761609734
p4oqtjdhna6eoty7,0.0
zt33bcvnoxci2rz7,0.0
hef34s7yjs6vx7xk,49.05021580787506
x2lfuyczbq62ckac,190.25787578108623
nlhx2sta2rhv2f6e,0.0
jv334husuzdemev5,65.18611712941535
kujbgwiefnst6uvf,0.31081159034396444
ppceksno32qfx5iu,0.0
astnz7dawontbuwa,0.0
tbz5ftr4v4y6wcg7,0.0
f3erpe4wp3zhu46t,66.35808020791224
bk76enpagtv4x4mk,127.19682990793689
37hm7mbef3q7odfn,0.0
7cwyfql7u6plkqec,380.2514903327255
m3hpfho47jt7n2xl,74.6212697996065
6yywevxa7agah6vl,2.45583950691084
xxmsmyo4nslvp2hx,0.0
pgd2gut4bcx46sri,0.0
ai36ecewmhj56aac,0.0
ziwyiryd6cxmczq4,85.57262970073272
z2dyhf3qlqot2v6z,16.565900332624658
gz7wsdbizi6hgsl6,16.54982441386925
keidh5w5c22m44vx,124.67725286626113
4oyvweop5tbbtrk3,0.0
g5cpjjebyfbu2jyy,1.351172722905206
xauuoxipbxcv6e5g,198.4777109558
v6ydmlxie2u6npbn,61.84216297311632
qsy55nazrimdzwum,50.05427830422195
op57a4kxtp2vjw6s,12.38770627790155
qeh7qesg3kkr56qa,0.0
o4xtm4pyv4soasq4,0.0
ab7yaoempoihjp5a,0.0
hbie6a3tau4qifdf,0.0
gciwu3op2sdgtdaf,0.0
mmstk2yjfyxl4zty,0.0
za5ccuicxifv3ai6,0.0
exhwsgba5557sw3b,108.54469953605843
5jejqtvfoit4t56a,0.0
xn5rgml3pxw5ho6h,0.0
7zvrsielss3msfiq,58.47549264100326
bgfrvnmkn7vxrbf2,0.0
33gxu5bbhh2n5ple,1.2325855210063176e-10
fqegdveka2ax5i2j,81.51298593075919
rmiajqbzhp2dlz4g,0.0
rtzcoutrndrjtogv,0.0
zpbxm5lmbzecpsk2,65.48354195505252
veoiawr73cedk4uw,0.0007136675989053682
gut2shgzxpucolul,84.05547192211816
ljodl4dfvq6yjzsd,0.0
gtca6b4gfkfiay2l,0.0
zvlpripghublbc7c,0.0
vhri2co35gpocxqi,0.0
fz4gjm6teeadnizs,0.0
sebtomx25hr2hcv7,97.57953502478813
vxmyaqz4y7esv4it,0.0
pp6kns5rju3lww3p,0.0
f2n3t42yh6gh4bq4,0.0
awunngjcp3hxr7il,0.0
vc52ajjzxlvckerb,2.6923081416729315e-06
afqszvrzpd4jcxvy,0.0
46tnsgrtjol23pqq,0.0
hbgjnygsm4wlkvcp,0.0
ec33uldoj5pseeht,43.74541913775295
fdw2hs7ricqmpdmy,0.0
glyoruccxa6wggy7,39.3644449728791
zdorklfplddimnzj,0.0
3ig7rosn4yipsa3c,7.021154077235928
26fahqvwxe7f5g7v,88.43999401842169
37bbfxdicb6o3bul,244.04430480204678
7x54qj6sbijxnpsw,93.02104593948145
rcy6ftzklrvsjttf,0.0
jnbtcu6dwsd4jotl,21.064904753098276
wnb53xq2mujxo6dt,431.8391629577327
gokkkfst6nfbw35g,57.94017060925124
a7vj35s3waacssrs,0.0
j4cn66ashbxfftif,101.03433697371159
7evosossrt3rbefb,0.0
7m5ojslkgrg64veb,0.0
w2fzztyjw4oaj6gl,0.0
fkeokyvgykd7aveo,78.99456893848932
ymnmhugoel3ixx3x,0.0
vdbsjfgceighisck,0.0
qzr2ibsqbm7nozgv,0.0
es5gbpnadnmxiyrx,0.0
pixcpa5n5lovi5t6,0.503989205642856
ttml5snkpou2xzfx,11.935568777336899
egybvd3g5ut57n3x,0.0
qt2gg6xcx2h7z5cf,0.0
7nxvv46vex7gekol,0.0
2h73yywuo24xxcow,0.0
okn2gspypm76sahs,0.022282648114556276
sdzmadt6zhmdn2nf,5.975576217000414
zjgngz6cd6cxi3rq,0.0
rkhvgtuxytovkwh3,0.0
7bfzltdo5k27e7nw,0.0
yexqaav3tggipkbt,0.0
jf6iaoj7li4bxpav,0.0
xapqgh4ii25mhwlj,0.0
cxb6uusjv6citxn4,0.0
i73dt33scyevln2t,84.94409972157541
6hpkwo7fmntv5js6,0.0
nwwtemq2uciqexfg,0.0
yxpxwarpp5kmot2t,0.0
ewd37vv6xfusevo6,0.09223707128789553
5txalqactib67ylk,0.0
ggavarev33lm2wb5,0.0
ezgidmxc36sqlllt,0.0
xcmh6e7vrngiuxhs,0.0
q2rmm2k77kmo54cg,44.99128476469903
deksrsc44xrkg27r,0.0
uzrycfl6jwdj7kkc,0.0
ihbowr7mxbdyyelf,0.005509870887216565
ywjrtotxixuwmox6,0.0
iiwaylod5lpff7uv,0.0
khai6xdqujmmv2yh,96.37608245366138
nrbxp65aqkf6djmx,46.18420735144775
xfymsk7mnycto4l3,0.0
4bqt4iad4i64ipty,0.0
ftlblrvb5kml23wf,113.44917668242661
pfedn4sc324422dc,0.0
km5bzi43v35j6imj,18.316282136592136
5xg3o2rzmnanjhly,0.0
ogi657ddy6j5rx32,0.0
7buvjnvyeurdlsnj,0.0
yguhdvwtncinbld3,0.0
jopliftgntmbjlhg,0.0
nwauzylb2ykys4ab,0.0
bmi52yr2hutxyj3k,0.0
vsj6bt7vprpap7ut,0.0
bxghpg4j432agb4i,0.0
22zb32jrocyh3tyo,0.0
hjm22hvednkjtzoc,113.96744128922836
eohwgojdcyuffrk4,0.0
ttylbpid5caddbvb,77.10318625468622
fge4565y46kbgmdg,0.0
wviyxsoxua34pt4q,0.0
fe55lwdbbztqnyf6,0.0
cazqxpyqiixg2v2r,0.0
xgjomtt734aomdj4,0.0
6gw4jnzscqu4bxkl,0.0
tltzog5kw3e3nlxk,0.0
kdhbz4knrim57a2v,0.0
mqigaxcsbfhlum5u,0.0
6gm22i7lwi4tgzgf,0.0
6qc4rex4gcariffb,0.015427677411572305
z5w7ttojn2u5goc6,0.0
oucuepjlxwybq7vz,0.0
nno2c5jsgi42qo53,0.022803079852465515
at3feqyagkl6vuld,0.0
jrlxkqqmhod2jftp,138.64647855988954
sqmgjsydmcfewv6p,196.52177171427658
pcvbwdavpb7aq7i5,158.89375534280353
jevrrfhcbgwclupj,0.0
5mmmris5h4j34hip,0.0
e2xnnfw5b3w5lx2b,0.0
ih7n2d6avihopxwx,0.0
nw6b7zbkqnlrii6o,0.0
mdiedmmzub4eyst4,0.0
fu6zzbkoq7wsnt4s,0.0
rovgf6pj7sdky5ja,0.0
yqwsclsnpuxxdjqi,0.0
bugxvywmoxjk5vok,0.0
u5isp564wp2albkk,0.0
bbwsvjub4mi3s7dc,77.34856625664396
h6flxx62wvliqofi,9.700232367401169
daisxxw42ov7kwlz,0.0
tt4wchrgkekqi2jl,0.0
7zpihm6tz26zgmp5,0.01876883689212733
y3bavpmk727ocmkv,0.0
cnlj4hlnid3brpkp,0.0
37ouvnbaax3txoy6,0.0
fi5yufjad2voedcr,0.0
zez6i6ynpeedwyhc,0.5130093081368102
notqyy4buflsyq3j,0.0
5v5k7xd65vahzljp,0.0
ezln7lywhvnrz36k,0.0
cj5asx4qjbaxhxbd,0.0
izilauenrtyfbow3,0.0
vemymgkh5dorug4y,0.0
t6koewej57gvi5ne,0.0
7x6e6y25p7h6pcuh,0.0
kxtzvz4ud5ti6wew,416.2031517856685
ilkjarl63bkgfx7s,167.96949689789204
c7eogko3xflywcik,0.0
3dn6e7ldrtoqps2n,23.78696700145809
ws3ezpdgiqzihprp,0.0
oictr6dsc2m7nyx6,137.9601146683737
3cbyildmjxcnylvh,0.0
ksgmogymwlgev53d,0.0
kotr5fuhdlx5cyq7,276.0680930034267
zswpzqzqh4pbvvv2,0.0
2arhfuhdmz6nbzll,20.488191805678518
ek3qwnfejsj5l4lh,0.0
ylooc6jkzh7bvusk,0.0
fttsiokw7iahh4fu,245.0321001744203
l7mfxoiztnjfc5yp,155.84089977045412
gud6kui6ytk6prin,80.18337520503493
jaya3zofkgnaaqvn,0.0011263124461582826
aasha6ty6upmqf5f,52.62054209401323
jore64fwvehbxnad,0.0
5nibkxarc3trqcv2,0.0
ncteajyd2niymnv5,0.0
ezz2r4lntcybbv5n,0.0
fbrazyjculhg6pcg,0.0
j6apw3fiet6sx2el,0.0
fbekummwktnszn3j,0.0
5knt6xywrhwlhdmx,0.0
uy2sefghx6ovvplv,6.108330653592361
or2il4mzt7u36sv3,0.0
3s5tpbuznqbfnfus,0.0
sx6nslfgwov2xdk6,6.454603058968553e-14
ru6liemq2pdiwqla,0.0
2hu5xf4cxpzdld5w,0.33006474833432536
fm74577cwoqb3ad3,0.0
u332ok2r7zcmbxbt,0.0
lyi7gpcgp5i6y3af,0.0
5jo4gwt35bsw3emh,0.0
aye6mq5l2ckaqxiu,0.0
c6tizce74ufpboeq,156.19331097739325
b6wo2tpbvh566frv,0.0
s4x3odjctbqxvfbs,0.0
uw3gwilipybfkfaa,0.0
lt7j7evemfnz4cin,0.0
jjdbewa4skgfnrcn,0.0
kkvzbot3l3ir7ni4,0.0
vuzqc7rmwn7qadb4,0.0
be5xc7e32yrpzcsi,0.0
in6epwgjosmyijw3,0.0
xz4m33kh7qhhiznk,5.741840531724026
j2cnobmo35lcjcty,2.0488152859379962
bvy73jxect3yyj6k,0.0
cxfxbfxwk7gfuzgq,2.3160053459113938e-05
f2txlpshnlxn4h7r,0.0
js77at3bz6fih3ya,0.0
c2q4dzvdo7ff4fbx,0.04648573388543623
u3qwa3sbi2hx4gsk,160.63483645331203
dc62ueahfyv66zo7,114.60198479025101
l7frk2auqmczpqr5,139.01689466580396
mh5nyyb7l6ntavim,0.0
i7gof365ouqe2h7y,0.0
xo7qorbte4qj6ghz,85.53914541755827
kpyxrcsuuidqtt57,0.0
yzcyiwwc45muc2uv,0.0
3kadk676z5dgqcjx,0.0
54j72afxwpiox3wa,0.0
qumk2kyolxhn46et,0.0
7vcrl7ddc6uqcw4x,0.0
vz336hqshlqk4ye4,0.0
hek3k677gziyp5xn,110.89612875174288
vrbpmg7mybpcluxg,1.1081224341481097
dd23ppitpqivri2l,233.2550728972312
rtmtdonakuvfukp7,0.10213830069463178
gd7anlgw7s5wk6yu,0.0
7waagbsocdowdzwo,69.71960622580042
2vgo6dtr26fnhtpe,0.0
zx6wtrg2fmvlqbtd,0.0
ygiaxlhhzq5gmqwc,0.0
6wn7oeiu5ngspvkh,0.0
6dkx6u5wnquebyiu,0.0034032044461529422
lod5zgm2n47uipic,0.0
dw3ued5uszr6rjeb,0.0
tqb73egdqziwwqxs,59.20018744751506
ipdw3yadsdpffi4d,245.30499807452813
emc6na6vkzbxfssp,0.0
oxr6ldj7k57ciig7,0.0
2hlipb6ftnvv2rm6,56.087497677838314
iljmy7n575rhwc2l,171.55307719774441
r6vbw4sfr2znbwpx,2.003284415714035
emoxeat3xml77e4o,75.11085575441903
oy4c4x3hgrn7qa7n,0.0
z53z4snkmgtdikhn,0.0
auojhbjlmwyqm3mr,68.44427610737745
xkwkfrjha43s5sss,0.0
nshfw2iq4hpncshi,0.0
zpkzwzjghqz6ppmy,0.0
zp7k5zcqfjrikdop,5.941699925965405e-05
xbuzec2ihdq7ff25,0.0
ch3s7hs3nyfzwgfz,0.0
xkv377c5p4jh63ne,0.0
q3wk5h3ig2jatn3r,0.0
rrkjdam7rhrfhicy,0.0
bwote4kw342scibq,353.0762875671817
pihnanzkkena5nuw,0.0
4n5rwl6xlpw2y5sl,0.034108587754413125
ndnpo7jvyw2tynqw,0.0
arw625aakbdgi2hn,0.0
2sspsd2fh2wg4s5i,0.0018646495412743779
j3lvsuryhnebqhmx,185.89976858618326
ieujes6x5igwkoji,0.0
dyafsjntnia3mb6w,0.02070691529168528
cpdbs6yejtrlrnen,0.0
qoenp4n7foarx5ql,80.01868757013918
ae5yt4r2lq4k6qdh,0.0
cuszbu2y7xmrjics,132.5083090046554
3x5r7zx5m2gbhyng,54.38213073555955
d2tcl7uwjbly4h2f,0.0
ekl6uy2z5s3z3yze,0.0
tz4vf5b4vfr7rwz6,109.75053280039538
sqtyeaippuwysn4n,0.0
v4tuk6gdyn67rsrt,136.0878926911994
iy3lyw6p5blnxpgp,0.0
xlmbnnm3sdhgqglu,0.0
r4ca3ykketltz54f,12.28363645287013
b7l73hewfhbysg7l,0.0
bievt4kpwiel6lad,69.98555595078979
hk5j7drrzi6meq7n,0.0
ohsjn6sxeawwshdt,0.0
yogm2zcmyx265jgi,0.0
iiydkaovvq34gomd,57.555794434899994
eln2c3enuuuplihv,51.98224455687239
vkgeupducu2vw43q,0.0
jr2bg2mlzojrjjos,98.9265746329423
nm3qlk44crb5wnv2,0.0
45yryt5bthdxgvvx,0.0
ilx65l4a5a5mmmaf,0.04730867251707758
jyzdwn32gdbw4w5l,0.0
umptxcgvgzmqogyg,0.0
a3trfz4lhuu5l3q4,0.0
j2hcs2gk6fo4o5zp,0.0
gsz3gz2sgcegjtou,0.0
wjtb67f6b3fprdk4,0.0
ukmyxziix2n4qtme,0.0
u7wzl2dawz2bad2r,0.0
h72fxextfy3shxp5,0.0
nwrs4jhcebcflsd6,19.18394518425492
bzuc6nd6b6uhvjso,127.22633286250215
yfl5ktk2fyioil6l,165.10557837590952
f35ytjkekjz6bpqm,0.0
zk33eagx7yw6nx5p,0.0
57lau7j3dq3rshtt,0.0
mtslvnqgsb2q7cy3,80.17375850643262
ysgwiypbcutlht56,0.0
wmmsi4zzhndomdok,0.0
a2syuca7wcewpjr6,0.0
hpbxzobwuiiubllm,0.0
rl6swdqd3xvouhtl,0.0
gdfe5qmamwi3k3bn,161.56998610281042
zk4pq3cx3vloq6ig,0.0
nrslkk4if52vw66x,0.0
yuvbdvvnnhhbgmlg,0.0
yxd3zqawmuhmcexi,20.874634783756008
tfxttqhf6v2xvvf7,177.86187012085207
r54rwbn6cqck5yn5,0.0
4swzq3vzxd4rpqws,157.83794673171406
ebgr4okzehuunn4s,147.47562205052589
x23edeyhbj5cyus3,0.0
r5ummesl44e5j4im,29.638812331323884
bxroq2cfhb2f5ovm,0.0
52qtbq7ezls57htf,225.52369312070053
nwtjnf6rgwepvopy,0.0
ixbfmzpvcguo5ake,0.0
fynsn6cc22hnguvb,0.0
pcpikpicufjfnoh7,46.973948711785525
jh2ulxoggeungzae,0.0
xn4rgyvqsa3qhlig,0.0
godpif2elkod2m6r,0.0
sctaomje3kdcozle,0.0
m5fzwp4nk3lpcgrq,171.24125356264997
i5nfimrbglgf6iko,0.0
jftqkxuhuw6z7ypu,79.04488028221665
s6c3rhi6j7nf6hdm,0.0
lioqk65soh2sk4md,0.0
77kqxhop74tvptgw,0.15375344830139723
3jvsaxhie2vr3sam,99.26250232519149
vv3noh5mzrzyga3f,0.05787004393947768
bwxrnt57qqxp5xrx,0.0
yv2cdytzdqzeon3x,9.259526437538412
zv3datgbhsymv76v,0.0
wrl5g6djr2cnwxan,0.0
w46nlk6fvy3e7zhi,59.617404015127576
sprotjmg34n52uem,7.641143200109772e-05
nypfhv7df44mnzox,1.6311026203786804e-14
hi5kx4725zk3s3tg,0.0
utma67llnmasaiv5,0.0
v4ojabwmzk5dhllv,0.0
qcivsi3tvrdzbplj,0.0
cnylunaz2vr6xmro,82.7526228567371
7inpf4trwd7ptt7g,69.11908151217473
bmck75xq4lik2ucs,0.0
2ay6wmvs2ojx63xe,0.002282497354585347
kb5tqjxdae6i5dhn,0.0
kphxhcghnsk63cax,6.549111952511508e-05
rtt2nsgdyerc7owg,0.0
j33l3bwrljx63rrh,0.0
xr4svlw2n2wwj2ig,0.0022084813889783872
asvo4hyjrbj36rvz,0.0
v3a4bdleqlhc5xuz,0.0
m664vgwfo6yzdeb7,94.57602137309308
nrqnqnlm6ahwxfcy,0.0
kfbmk5ilv42htvt5,0.0
yk2ac42cdupd7gi6,76.69692227095742
yldybeaailletkrf,0.0
4vdsu6f6m4t5cp4v,0.0
5wixvpybrk53q4lp,46.94619844239206
qdmhouisyncunx3x,0.0
pe6g7hjnbxx5mdv2,28.01419327834027
fhmk3cycidtf5jyy,67.37577597172901
4ktlbluk6f64gj4b,0.0
imqtyanarqy3ka6d,0.544526864999081
xztag62luienl67p,0.0
lasgzhlppegolsmz,0.0
x5clfjyw7tj22oea,16.906349185071523
cfs3drj46ez2roms,0.0013145995342752777
xxhxu3rnbdtmncf4,0.0
5uucwcc2n6jkxog6,236.15228804438775
fvq5iouf7lisy7eo,0.0
3m4xchct4acr6gki,0.0
z6y4jdfroc75brfg,0.0
sgrfql4ryv56opyh,0.0
qum53eaw5rep5nw6,0.0
azeudql42lhuftvj,0.0010693014851978092
gysrrcgcvgus6b6q,171.12276315824386
oyulcour5j2puz2m,0.0
6ipgkbyj4fejhxuz,69.30877243005612
oretzortp2wzoj3f,115.93969428014506
kcxbrqeuy6aj5dvz,335.52363840579153
7iscjsmddvenmekl,0.0
7ec2d7vgxs2wi6sw,0.0
wmyd56slia2l5q3f,0.0
mrlbpaksp6wldeyt,0.0
6u7dpnxmtv7uu3p6,0.6737478970907108
5u6cvtb2cwh5xjd2,81.7427662329915
lhmv2rkdap7d3oad,0.0
dpcnl4iiratupaux,0.0
dbtshd3mnz3ln453,0.0
ojjemynxintjojtg,0.0
4xa6zjgj4kriqyez,0.0
keykblyg5q622fva,0.0
5kpbw4ai43vkbyd3,0.0
6wi7ui6v2uexyajy,93.5371873314523
tn2e7uzqvvf5c7xm,0.0
egst2wxww5gvtw55,1.3272515706316856
7iiibjvnm5gwbs34,0.0
3xwupdzrnzli3me5,0.34941111436454514
jsun6puyylfh2z5r,206.10931434312755
lgk4yuwr6wag2bso,0.1910937505866198
b4cra6rytj5dq2sl,54.003232183894866
qszd5auti7jamtjf,0.0
ulqgthpviqoozt2t,0.0
ci7ij5bhkzfexe6l,0.0
hhovtdaglgrn6kgu,0.0
yegniuc4goykruht,0.0
cxrquafzcwm7e7tx,0.0391003320780297
p7htm4e6pjse7jqq,0.0
6r3qg2y3iukeg6ae,204.93489409347592
77gfohu5x5u4k5ie,4.49242458783741
b3qr3pqcsvbeqzzh,0.0
ptnttbpbz7j2vldg,115.30285310753607
ovljazjtpyhqmuhu,0.0
t7grr7yoiyd4qtmx,0.0
rxqivxsaz4xwh4dx,276.9303804458875
6f7eafkesfzonnkp,0.0
nzwjlgdpk6zif5d7,13.25036170753209
vbbszcdedgb53blj,101.17287211497003
lxuxtd6esv7wuyii,0.0
euv6gqyt2spup7e3,100.5639933491041
j566cl4e7omdi5bu,62.424116511570205
smcw7zxf4i2knmjh,63.55672917734363
vbgnxyew5noulhjw,0.0
cgagiummtyo73fjw,0.0
ycp4avs3a67cbv7z,42.50460420824972
3vpxkjrx7jtjy7cp,0.024813914136982848
plxq3ja7kiiyntao,0.0
obfbcvz52o7gvgmo,0.0
mdd4zawpfg43jhwe,0.0
pja3iunhg5dklfkm,0.0
3u5iow4d3sg7uorn,0.0
qio76bzmkhvma5jt,0.0
vgev2eicppbl5wxm,86.67553062134894
er2y5msa6k26ww4a,0.0
ndpyo7e6qto7xjdx,0.0
svb7yn6tb6zmrzfy,0.0
s5mmphtvor2rmfzx,0.0
2xyibqjtysjjqtyn,64.55932428755624
y65urdfiqvrmgxh5,0.0
fo3jt2hfperiikad,0.0
uvhnoi2sne6jaznm,124.49646168663168
5lylha6kifqtivtf,0.0
ydyzjelveqf5alzt,0.05919511472759818
haayrbjlbmhtrnby,0.5831774553241134
h37lyxwa4g6yst2a,0.0066579754643200754
i2yrf75aacq72cyp,0.0
sgrt2cdxrkbp6ohy,0.0
37frw6coid2ujjq6,0.0
5vezgjjs77shvfdn,354.9387350413624
gmmt43jurrespcrq,110.7849475741648
24upig5psbx7uyqn,0.0
5ynuan2arm5wmo34,0.0
v7fhqybupkrk76bd,58.96087788107518
yvxjl7ft7nnaemxf,0.0
s37okzql6z6tfjie,0.0
6eyjwhc5o7qwmpiu,104.22627271548043
hqavffa5fvwegd7i,0.009053079659383846
m5pn7ibelfi4tdy7,0.0014726318215509176
vpedmln7n2fuzrj7,4.371580295565314
c3na5ukesxfdrthd,81.96166051197284
wdohcavizlchszqh,5.39551018238189
ufov5b7pmtgis6y7,0.0
ficezzcs7qx6azgy,0.0
6ojzgazdnklbcfq2,0.0
o26io3mfmjhxtwa6,0.0
x3hrons76sn4zne7,75.60318838529255
pnfhfq632rkthnvy,0.0
otmxrkhrzlz3agqr,0.0
3xhznuvmxhegnyh3,0.0
uta27f62edvp53np,0.0
g4rdmryfusxh7uqb,1.1899958184199817
fmwpfadz54ogadc6,0.0
2vsyudojwikg55zb,96.97458923536351
3nqg76aowsbllghn,0.0
5nm2m2u3p2dgzvvd,1.6834167180342786e-10
dyrz56fdp3gj4wkz,0.0
sxgu37yg2y7v7by3,0.0
rnyaknsytpdhsvye,0.0
whdrlioabclfzviu,0.0
352hz555xuog7i2v,84.36585901574958
wigibjtbbviqa7p5,1.6311026203786804e-14
ent3rhvb3gga3ogl,0.0
q7hybvtjua6wu2zx,27.906198257564736
5learudogtxollfv,157.6495370188397
rg4gp2zolzkj2ezf,0.0
tjruoqwmsbcfi77x,0.0
nv2ieceak5r3fjax,5.9350069761411355
u5h4xj7cdpg3f74r,0.0
l43u3hpss7ko5kmr,49.99272854029311
cn74iwoijqjnbstz,0.0
vjg5xb4u23dcrxh7,0.0
cpamxzrqzv7zhil7,0.0
lox2rcd76mbhcffu,174.7883077230627
5mttttkwt6zv5xuf,0.0
hjc5yriiruu4h3ud,0.0
diqzkhsbmpdcsegq,0.0
gu74ctm4ntx4cglo,0.0
ljwn7zslvh53bcsl,164.59943613470205
llu7fponphzbmsp7,0.0
daov2djs64r6tpfu,0.0
njjypculjsjbeauu,0.005598060641147035
4il56dr5lgrpnml6,6.347621079502023
72lmz6usb3cgarw2,71.60552937482846
no7uc6z5xaboibuj,0.0
yv7rbfm5jxitpzek,0.0
5y3tmw3wjt3v2upk,104.5234661721718
vzxqpw7bfefkpldb,75.17514177550521
nlpve2zvzbnyebyc,112.71918790144376
mqosdrqornoinvgf,87.13913035793392
gxtt273zmsowugi5,232.44728098882587
r3rtvl3vsnvwd2ec,77.23482549698241
guqrmkkcpqxvddjp,0.0021327272831763075
cagvqfnuoleslv2a,7.651955698756238
w3fvbqlizibw7xk7,0.0
p7i2dpqfj3lnzyyi,0.02589271699927474
4g2lizs6zk2ewc3d,0.0
teh4tihiv3huqqci,0.0
klnvkvvzgn4s3d33,69.1533117288763
nxvuuvutlguunpgz,0.0
pnerjy67gazpjzkf,107.98643338760996
dlo7rpl644rh4ahg,0.0
ctgfyxhsesh7upyx,19.371632685180554
hjeotjqmzeoqcg6i,0.0
s6tmuxayw4ypvgmd,0.0
mqdact5ausd4vb7u,0.0
ddyitd6kb5k3cbun,0.0
revfzt3zjtiqpc4u,0.0
nhyq2hlj57yj4h7c,0.0
etnpczzsbbxwngt3,0.0
6oj4465t5rx2htu5,0.0
ijsdfkf7wzi7wu6n,0.0
2zttrayeua3kjkm7,99.91739211510236
efeekjckzmjc76sd,0.0
zjt3y2xwxidzsvro,8.07712418421647
sjjytgdgvpltla5c,0.0
nrbx3z46ofsub52a,0.0
7dva2di55yjstntr,218.30433902853866
ylaz47cmzulledoo,0.0
pirmihblzb2smgrk,0.0
2bodltpr763v7am7,0.0
crbyolsdgxvsgevg,0.0
o7kxdnp635iosioh,0.0
waotm5lnleiwrflw,0.0
b7dvzqygbdv2ydhe,124.97300612767557
cat2hkytrkoko6nd,59.73851852968557
gd2yj5h2kkwxwx6a,0.0
aksehnucxzwiu24c,0.0
3hzscheesjt2pe3j,0.0
7wnqkuo5wd5mhj6v,0.0
5lp6zubnt5ocplt2,0.0
7mg5tf4766fdgot5,0.0
w27nzyhvwplict6t,0.0
exa44hkshsdclv25,0.12449537937918244
7rbmrt55fkhziedh,117.88298019010348
3dq3dnzijbpcf6t4,47.8053681740937
46nzcdrliwq53bhr,11.708944951957053
35sj4cjkhkc6qrva,0.9203326856568474
3caalqbqquhc3q6s,6.652774170344507
rduumbkepz2gjj4v,176.2736136387719
fg4cbhvdi7cxstur,0.0
cufj3xngjpkxirdc,0.0
u5pshbsri6r35baz,0.0
336upexp66pihecl,0.0
hscwhw244p3iy4jv,0.0
uwu33wd7vevefl3n,0.0
v232qkdx352pgczd,0.0
uk2ifognvehemx66,0.0
c2h72bkiino6f6me,0.0
m44txk46cvloixp6,0.0
c2kax6bitdee4xs5,150.77087384743618
b6ngxyp3ssc2am25,0.0
hlecqnwn26iievbx,16.481011707925756
enbk5khykxpi2kts,248.4659665086782
itbjkqx2hruuxytr,100.72519111219975
6e4jq455di3rilnl,0.0
qivn4mvtmgq42zm6,0.0
mxioueexwhrcwvvl,57.86238325711213
k6ttmtgvnyp2h636,94.77840893306005
a4yvimxt3yymqshp,64.9544235304993
5hyq4f2fufrz7sja,0.03179598859471188
m5gp3bcpbrjen4iv,0.0
mkkxwltae7twewaj,0.0
n24owmydxi6t6xlk,70.25621603167703
kwxwkcfarknipoyx,3.589427633791997
bpbofhjzlvl4ushc,0.0
3nwzs3o4bw2amevl,0.027149853480862084
bdi3tvkfczxdk47h,0.0
ukbrlh2p6ilzylv4,1.8158876379691349
pplgihotpmy2m5wm,57.59375958303868
b57eqeh7nvuegrte,0.0006537636748589497
rylauwmfj5s4odre,0.0
vui3my37ogaxjjdf,0.0
m4u3medmv4tsf74v,9.714882642242822e-09
2patft5o2mgzrl2u,86.22850465795227
wwi6fr2oey6ovs4n,0.0
7g4mtzt6lbexz4k2,0.0
5ym52hw3g5lmytww,0.3551628138652593
shsjnh2zpmlltkeq,0.0
kz6ubdznratle7dg,0.0
sg274ffyzhw4d6uj,130.01358209191918
3wrecnts2m2eds4o,87.89827888222575
szxmryck6bho6wvo,0.0
mf76cnmxdmnpvgy3,53.18747538081225
rb6ctsykqohb7o5j,0.0
26sz4tb4plfrscnt,0.0
ittug5xbfvvcqgrg,13.351872603439375
w2awyzf6gqjgayju,18.88412826610187
jxle3d674m47ewqj,0.0
56twgyxheb53wple,0.0
jyntvjdpbsoxkjm4,0.0
fpezqx5d7ifm2cvv,0.0
og7sh33kp53ad4tn,0.0
pimfocc46bufs42r,0.0
mcmmvpsgv4dh6xqp,80.21320786260893
duhd5vx6wd7azk3z,0.0
74oupg2tuqbjmgut,71.04485254407375
ndekfz5dz45m3rgj,252.37082673431888
fnw3n4zehbu4xcp3,64.98294945793491
el3y77zj5mpupbov,0.0
aye47ujqmijqk3dh,0.0
pxiyxi5soys2qibd,0.0
zjeindpiphmbxhyo,0.0
4l5kujwpqlbxg6x3,278.9656532595744
33er6bj32s254pvj,0.0
yu7i5qizxvvbwug6,0.0
y5vns5vr7nutnq6p,67.46852627916302
dnccidfpsspz4ir2,175.93652414240694
3pserhjk64gl4hss,0.0
ln5qevbv4w5jmlgz,0.0
k4l525dtrdxpz5ho,10.329023518576916
xvzytvqwgzsgyyjk,1.9788434701584856
rthc5pzqznujub33,0.0054583849075937295
w7lnh6qfuaoouzjg,0.0
nkkstu72oalhe4y2,0.0
3e2wft56oabwt647,0.0
v44zrsbxxl6yhfed,0.0
4w4w4jwyrahwa3oj,0.0
zxqw4eq5w7yuqhhv,138.18316224217904
osgkijbdhnpodz4j,49.578429518115215
lalglhk6clgo5t4d,0.0
6ttcmbrfmecq2ykm,93.08318635559274
6g6p3bf2mcqsaita,7.00394179976076
6aowke4yzttw3hnv,0.0
fumuorm4addttu5i,65.2130104714999
rfcdwoozabm3o2u2,13.76786799160213
xz3ihnicucqgfcrw,0.0
34uisqfgajzw6ydz,0.0
3jwl6apg5xrm6aae,0.0
2bkq7xlay6gqsxfb,83.75739535948017
hga7vmpya47utor6,79.96991982302816
2cyzlgm5rwiz6zre,0.0
uoslxfqedyivdhps,0.0
pldpzlbrfvbaihx7,0.0
z4mbbh3egtcq4gtu,0.0
2jinwjb5b5npgmf7,4.948593938945382
e52bqm2gjtkfthpb,0.0
gwtfkhngvqt24jvy,0.0
myawy5yovlzzxldi,0.0
nd3dpi5mqirrxz63,0.0
ayealujsjr2hg7gd,0.0
3wikpotozqqogc6k,356.0788331061715
otdnp7bczrnkq5ww,88.0744179387319
ficsz57ckdrfpc5c,66.54954570409856
fmyk75go47ydxaar,0.0
2wshehjb22dfo3oh,106.86306439452235
wujxygzb3li3pi47,0.0
3nxrfccftopcxaac,0.0
ybee3obafokduczs,1.1208382447675062e-06
6msiau6j3ima5suh,0.0
vvzggtbr6eu6vr3t,7.070405758819008
2xpv77i34pq3iupk,0.0
vovcl4mlr3op3wzf,72.69762034202489
o3hoblgkhxozud4x,4.226752437626946
64yfhjd56j2jln3e,0.0
ml5wipxcx5hkfqsl,0.0
3mdekbdoru5zhzpf,0.0
ubi4q5uzsvlyiaf5,0.0
xj53woucy4lkyitu,170.33135472963315
yvee6ofvpivvdvhw,0.0
letbeelmqfbiv2no,0.0022417883583456355
i6abes6v4mefevf7,217.66587794622887
xtrzfxw5sx7va6aq,0.0
wn3j35bkwuilghis,0.0009655770505562217
iyervk2fxs4psmp2,0.0
xrhrbgpbyrbyjnkv,0.06044996464387517
dby5cn43abfpngh4,0.0
paonxy65vkbwqwrn,0.0
2slxuunhbd5bhghv,0.0
5vg7qwspt4pdd5a2,7.993080926681672
iluyeajemksl4tzs,0.0
5hh5vkqpjxltvw2n,0.0
vatbjziycsvcgywq,0.0
2tvrj3kl54iuax2s,144.33113603014206
kmrj7fkopzvbnvvr,110.28146596241253
zew7vmd3a33w4x2j,0.0
k76xzl632gcv7suu,0.0
r762x2y2rqkkayjy,277.57257139233604
ndmweu4dgn46uvs6,0.0
o3wpzi5o5bdnztoq,70.53651205198045
bo56mo4rlidtaqdq,0.0
46q6ev3esb5qjzpg,0.0
fb47wic4pgm4mdze,0.0
hkljssspz6gw3bz2,0.0
agqrhxlnqglulpuv,0.0005334255644288027
7zpcrkqqvxgzqbkw,0.0
mjbewmu4sezdsj2t,0.0
noru2v7xh2yk2cez,11.434411272040546
zulykus4upkuniua,0.0
xtuazmxikq64lfmz,20.71170162636636
dwyxuvbkfs4zzlho,0.0
hsehpbj7knv45fe2,0.0
ewivu66rega3wlcz,0.03699874608747813
dzsevotflo256og3,0.0
inal6y2j75ltxqny,0.0
ykbafr66hg3kf22w,0.0
qb4ybvklbhk7eadj,0.0
pzv2u5ipj5h5geny,0.0
4bgz4fqiolp466fy,188.70724656471685
7hmmp4vnk7nao2gm,20.34226035109855
pee7crhw7sl7ekbf,0.0037363928717289263
t2cgsdvul5rvzyir,0.0
gcvxufl5ubyvqq4f,2.1725028060428477
gz4lsqhsoifqjuim,0.0
xfzff5ja3mqwlght,0.0
l3ybuatbk3lat6zi,3.129089734535508
ipx6fl2cghm7k6kr,0.0
khjgoemmu6vfaej7,0.0
vhpm536ue2llbisr,0.0
ywrycbvlpxkmp3zj,0.0
3iv7xuh6z6rf64mg,8.58799665172899e-05
3dl7zkkd4xlmgrif,21.785917906518957
hypnkqjhqukd6dqz,95.22494836680443
qltku2wbxp7qfbfz,0.06629127834533545
f6y3kayd2tadrb5a,0.0
yzsci2tmqw7avhfy,0.001608547274885951
2khtx5cyhzb663h5,105.08154831892838
bgbvzannb2sk5y6y,0.07911605121036332
mkbuvado2uooxd3b,4.218965493573449
m72srkzgvc4nkefr,0.0
5q4gkl4r54o4eq7z,11.233857611706147
ldxg5ih5j5rysqmf,0.0
pggsqtfylywnlk2e,0.0002703772255155998
ylbs54e4rq23ptfb,0.0016229328765707278
huq462b47m5sd7o2,0.0014554540379841747
wofvfjhej5pgvljs,0.0
auzoje7xxc36qcr3,0.0
7iaj43hvxmdm3q4a,0.0
m4h4ginvr5x5jraa,86.5750758485209
pmugiblj7c4kzs44,0.20381987190919185
bdrq4kaij3whxcue,0.0
qbjw6l3sqoskjafa,0.0
2goe6tbch35dk4hd,0.0
asm7uolrwc725z7l,0.0
j7cdqqydtccqwgwk,1.353832067203744
sgiw3kd5omcmaeup,82.46095375491925
ntdyzhbwgqpgvdpr,64.1138409401747
pxmnje3brhxbbrlj,0.0
qem5t2lt2k26jbyw,0.0
zda45cqbl7fbgxvc,0.002469562444101799
zr3iev7tplddr7yh,0.0
xhmz2gpl5ec6dc65,120.2435342056049
yqjrddbeo6mfhdir,0.0
t4kvuzoenv5b4bdg,0.0
qfvegypxoubr4i26,0.0
bcf3p5zga44okbep,0.0
7l7h3drxvcdnwr55,74.46323237968096
bf23cxkkrt7635k6,95.82294844886445
axaxfrcmzzscstg3,0.0
2bcwbrmyxdlecsb4,0.0
ghntyaud3yosi4u5,0.0
y5yzq2r2x567wwwh,0.0
w5cgq2yqlhw4eidl,0.0
6gfp6alx7lc7nhv7,0.0
wyrptfrq3hwerxpz,153.80120795420834
nqlrbnsltsywcftt,0.0
vlwfiuo5av7mmiwh,1.2573398450477173
kewyjbzvv3ipvkrg,0.0
pkit2smaouvs5qga,0.0
ibe6suemgob55qha,0.0
l6uyyddmqkvz5bwj,0.0
4fmff6z3zux4aok4,0.0011293631284942521
a2trpuj4cvvdyppd,0.0
2vzc2xwuwqjmktdz,0.0
njfvkbbunc4mt3a2,0.0
uswdzzlr44p5yjzc,0.0
xajfbnfomdast3hw,0.0
mvuyqx75dzceewzt,128.41654438973583
cycwqaoqpkuqlisd,110.80845996794298
2dwcv2qhgtqtnrjw,0.0
5rexil5hbju6p3id,65.18298767116944
j4a6ces7zgzqql6n,0.0
lorycjenjmkpoxuj,19.825668327094117
f7qfd7nyhvtf2q7g,0.0
rzx2tmzng2qugxgs,0.0
cdv4obggfcyv6xx7,242.07571622263305
id456obggtqbnub2,16.456428150822617
medo7sihd72hpqik,0.0
kdue7c6bxq23linj,0.0
xg6xvoelxwfq7nja,0.0002568480049358416
nbq6o7z5ott4iftv,0.0
i4gclyyymadofbbe,0.0
ah73ihzbt4iouqgd,0.0
eyjz7cznftzzmytb,0.0
pu5kosspjnqxsgb7,0.0
n527cmlyqqblpfkt,0.03609866550499514
ti3zwshio5wqpjjw,0.0
bhulelhzixtsnabm,75.52382421503037
dlvdzborombluhe4,0.0
neklg2d4zrbbvs6a,287.47087291324675
djkfgg6c6l5sahmq,0.0
dp4d5lvoxodydou3,0.0
zl4sfzak3s24usbs,0.0
au4wzixeslyfyv67,0.0
nffgfugdd2ebg7tr,0.030425460925260057
fcm7ptujpbyoj4xw,0.0
jpmtfujhgjc5tri2,0.0
taebcrhnbiimjg3m,0.0
s524yg2wxv2p3og5,88.18696504041685
3oehjgcwrr4drqq2,0.0
gupu6scye3a4hgco,0.0
645pcc3hoc4jtfe4,0.0
cei35qw6b7c2jshz,120.71800061325163
livknqpo4rxuvibj,0.0
onbcvv36om7vxsuk,59.78258281228757
eg6dvj2oysaocgin,0.0
dsnz6ggmngwusxbj,141.52591657930088
q5s5tzslw5qzqt4d,0.0
cb7kuuuzsej3krzh,0.0
7u6myydsebiczs2s,16.259378987934294
rilp7zgzbbcpwrw2,0.0
ymshclzzex6mqhci,2.207017099799213
gz6fhlud3tnanial,0.0
4kmnw5b4ei5uy6q4,79.96211408336502
ncqrd2d6pybgyvb3,0.0
4wzeko33n3pqbkep,7.329526991028628
oibkast76xzxaxzh,7.086049791792786
lzysypjnqak4n2nc,74.7572157864383
57jhf3lwgwvwxmcy,0.0
rafoarm2adlf65bt,0.0
v7lrjlr4kk5dfzfa,0.0
qr3wmdx4gkbfm4i4,0.0
ujlxygddvuzjqjca,0.0
ywljmoddwpywnk5m,75.75846497300532
lpfafg7bvazxu7qx,0.0
6iyoysku5s5fpf4x,78.09957953598682
kk654ivisol352sl,0.0032114100133619297
ftmhjpyvdxal4czd,0.0
vvw3y7scw2g6pwiz,0.0
3xn7vz4b4py53wnc,72.14962532152518
7gt3dbuorz7jhiqa,0.0
2pfaiy7sxsdvht66,0.0
kr6c2ak4z2nu45qx,76.0880134811439
qqyvgzyelhsj57un,233.87398980757348
g4imnwebj6tfhjqa,0.0
vidti632wmngbtwk,0.0
n3mxwvlpxlgehuyo,0.0
y5snnqeiydrxkwgd,0.0
uo2ukaxvtypnbwjk,0.0
dqiunr5k3pyye744,0.0
btp4ad3p3ny2qbx4,0.0
ovilor7wbkppz5ar,0.0
qa6kifkzid2ogf7i,0.0
fdw2upr6fqokp26d,28.07457484406565
isuc7nrcguw4g5px,0.0007349232341388885
x27ahrvxtfxxkbiu,0.00025273498163374517
irn6cq5blnroykzy,1.3067183664932107
eteplfludw6afmgd,0.0
yfpglahrprmqpucq,178.85928246831028
otqojliwlww4rezv,0.0
vuxtxbsr6yoq3cc2,0.0
smd5dcw7wj7qqjk2,79.80463685527175
vygc4muzwt7kdgz7,0.0
oapgzsqisrmz6tiq,0.0
6pj7l7lhlmw73mi4,0.0
fepr5li7tzzbzn5o,0.0
xdygituzfqf7lqpk,0.0
ua3webv3tl6zla4f,0.009286964984830594
2ywyefckc5f2ux6y,0.0
24kyy2kfxyi45xkk,0.0
ibaayvhu7nla4flq,0.0
lgijnuhw7grvteaz,0.0
e24knxrzesulogrn,384.3739922389992
ykugtxykezllmn2o,17.994116571712308
4dvttlpyyadlsv6r,0.0
653m2r35tgvcdvkn,0.0
zwtki5nco6szc36g,0.0
nmiyqd2h4jrba4cw,24.00411444685225
vheqetxd27abyocq,0.0
r2u6bjc4doyqiawm,0.0
zvmxsvdeh6s4ev5e,90.24848009488872
tgm7qfjtonfxhq4i,58.96285501597017
qe27drzvkx64gph4,0.0008453718772946931
m7flhtahfykm3ge3,0.0
efdgthsurxkjlbis,0.0
kins5snddvksrvos,0.0
gfernsodkwg52awm,42.44861170801249
xjgnwzapnuttsrys,0.0
quhiggjvqrkx4gto,65.21658056130184
gdamgb64x4kb2ufo,0.0
o27x7zv7pvtgi2hi,0.0
qtng37aduny44hpb,0.0038854324729265593
lznyx7n6yipubpe3,0.0
udyholvl54hdejl4,0.0
dhnaw2f5tgepuvhx,0.0
vk7lzrncvfppoaum,0.0
a7yj6gkzhjaoj5vi,0.02287424053959399
vaujdskxxmnwchsx,0.0
xbbuit6lbbggncdu,0.0
pev6ffvzxi7j3l3j,0.0
7bccc7wbobi6i6sb,0.0
et3kltit6c62za7x,2.052167984494165
z2n5oszx4gjnj6o3,0.0
soyozjd3ojnk3sxg,60.237245475067
asfa35mveippff3f,104.25702281236411
2wdzftvcg42c7oqa,0.0
vdh3kn33kfsq2xul,0.13712170657254052
g6bygqonls42oxqr,0.0
45vwd4zd3oallq4h,0.0
t63xysaerxeqpueq,207.52794292599947
y3xmgknj6ijp2cqt,0.0
q7yiszh53udchtif,0.0
tly7nublcqjleqlh,0.0
fjxgw2aldhgqt6lz,0.0
yssa4ul4p6od3xbz,0.0
sx2qx33vmcs62zpa,1.8971176195355988
yxmotthikpxa7jvt,4.824298728988488
obsaumgpsg3msomn,0.0
3k6cuelnkh2eqjaz,56.2724580938866
cu34ucnoswfcqfup,0.0
n5rtgk34jw77mqwm,0.0
uiud5nzx2awgfre3,0.0
2jnvqngnf6nd5kib,285.051372588078
g4gjvpwhpibrbkw6,0.0
4raxsoivr2ireo22,0.0
ktcdemwrxf3ahax7,0.0
2xzxs7qidyehcjop,0.0
l7mcumn3ssqop6jp,159.22334031064625
pd64e4hazyoepjy5,0.0
xlacmrfd5knptv33,0.0
gozuacvtrcmwgytr,191.7483906676611
s5aawse5yp6epktb,0.0
2r34veala27zwrui,0.08826418241001316
zs6vwazvpalbdeho,0.0012211651282322009
zhyvtg5cba6huvao,286.2355818446839
3wm7hyngd4qzepav,0.008858370533031679
um5hnsskcot4hcnr,45.4344807341667
v75jj6eahckow26i,98.02927638779326
pgls6pkiuyg67b7w,0.0
sjfmp2omwznvh7jv,0.0
6fhalusdiqshzluw,0.0
scwr4jp2wgsiosqj,2.493633329568189
bj245xq2jdd7zqvm,0.0
grfoouecgt7chnl3,0.03561733690807761
ckyswfypyjr3qejt,0.0
unbvf3trm4xivyl4,84.44940579681652
gljv5fe357zklvzc,0.0
mlazs27vwrvbm6t5,0.0
hv2l2xr4yye37thm,22.434136976163266
7moqker4f6nmzi7n,21.843493434826456
s4hj76e3xmmjoggm,0.0
52gqzomq5lp6dhq6,140.55427587780045
txd6pwhyvgdbv47b,0.0
6lul67bmxgtfwkni,0.0
mpwuy6oooq7yv4ch,0.0
kue3lu33xuuowxk2,0.017859485801875363
2lxmwsg6jvd3jzfg,0.0
qkqjr2p2eqhd5yl2,0.0
gai52xtd54tzloxa,0.0
6hdoj73xka7ahqyu,22.796337451181245
wigcg3mag3rokkq6,0.0
c7knmmeuc52r42ru,57.90811528225432
xktm33ov6xe5yktd,1.1219699957121492
tnb5d7sgidh3jsas,0.0
op6h4dlollgjpa3y,167.33759984963973
3u7ha4roagzezsqv,0.0
7tyakozb7y4pt764,0.0
tuchjf7ak6vahnoy,160.16873228188854
inxktlmhnlfzl2aj,0.0
ield5delue2dpfql,174.9174410950269
metkchsbybiv2kdo,0.0
xuuwce5o7uq32yg5,12.919875669930718
joxhae3acxzds3dj,0.0
n4byms3k2hzih44u,0.0
5xyl5b4n5yggj54o,0.0
xedmxijxwijxlzay,0.0
qnti2cupc7oegd4h,0.0
hu24kaxkguljkmwg,45.20477526322108
4z22ne6bpuxaogjx,51.2229738833227
o42vqswemvlaidet,22.67486248575006
d3e2rlmpv4ch2ahy,0.0
dmn4otm37jaiua6n,8.789135079966018
vapjgbp4bl3k2wab,0.0
dr2nzj323wjnzysy,12.566538235570054
vfuh6zhakz2nucix,0.0
3qc7xgmrb6zuazb6,0.0
bntbfd42gu733re5,0.0
c2znv5fkmqm2o7en,0.0
d75cftjxuduwtwiy,0.0
ewhxdy6vg5heyib5,0.10702375613015726
kovfu4lkwwekdacx,0.0
of35cfhdhaozu2fl,0.0
ogeajtv5eyzaamjs,0.0
7vdv57yyucxujviz,0.0
p37ubu45gnhdztcw,0.0
ml3hor5ds42opkvb,70.73430916267294
es4dji3wejptfp6c,0.0
hbevnoc34fex2clo,0.0
idesnzafvh37r4pt,44.17044680112988
bnagfqhtbnjvkvj3,0.0
lwtjzl45hmcncbcv,0.05063395851744345
p7ox3cwge37ap5fi,66.6373335862108
5mpnzj5gsfmddhje,0.0
wvnrit2fjgzvmbsg,78.81891944457823
4gsnp5jewz6oj4ey,0.0
42ipevngi4obfwo2,0.0
gzjv4s5yrf2vygdf,105.63976619968867
yjpilk5vtw3bba3q,0.0
kcxc6mgikfobuame,0.0
j5gkgs55jti6no7z,169.8262284792698
wlrpbe5qk64xenrz,0.0
bz4w32mpehksvidk,0.0
uw6hmww4qqs6fwqs,0.0
crxbr54bdgvtvo7j,0.0015273855343131608
j2cjz667furpoeom,2.0136345689842234
nbwhisgzta6ngldv,97.72998004803682
u3stjn6ntloka6dh,0.0
5mgs3jfrhlcgilak,186.0620216740594
j4kzvrprudkmnkjj,0.0
cihedq5s4pu3njd7,0.0
gqdjdzrnnmow5hix,4.203824511845712
yabocpcivex57nhv,0.0
wjzqxjvfcoohn2sh,0.0
ee3uzjmlweki7eht,1.9035398074367196
ef23usrdxkb26x27,0.0
r4fmh4biu5r6ismv,0.0
vnrpxetvsxuhs5ow,4.49636081218129
bpujyoiwibza7da4,0.0
ybhco2nwb3msyzza,0.0
f3cli67xqq6srvpj,0.0
yrtmjpxielr57d76,66.46878294652655
sag7ong5y74xsdi3,0.0
334nytfdovy7wpbe,88.54216539901493
z7w2fdeypnejpsd4,0.0
tnfyvcsc4xite2xv,0.0007422732441972622
d2tlykyjcjvnysfr,0.0
hd5uvyler55g6xhy,0.0
y5oyv7rliksfb2jj,44.586900932113274
hl7txkhjfcaham6w,8.440602608986717
dmd5gd6rgs44v6z4,2.5667697233190786e-05
jd7quxp3fqw7araw,0.0
tb6l6ojnigyxs7dh,0.0
543c6a2d4xn6bqkz,18.356494197581682
mosw32chotogwymw,0.0
e766eqbqppkfcsii,117.24098837490475
gr4bq2s5ic2bvz5n,0.0
raziafnrtowba4jc,4.154161885816495
zq24z42ed2kdep6k,62.05815112028413
aoyhbzhrgbyeccdw,0.0
tb6fisokct5qqq6c,177.57635668181672
ranfc4rvzojoytpy,0.0
defagogvio4g7ro6,0.0
zcanij75p7dqsg5v,0.0
za7a6ekkpxzalo3m,0.0
cnje2nghawftlzxm,0.0
yn5x37ku5uqkuwtb,0.0
6wa25orvutbvmxll,0.0
w63ueacnaj7k7ofs,0.0
fd4ig3plwsgzcilq,0.0
zgyv35vopqg3fv2e,67.87155712804461
wpidgj4mr4ofbxqo,0.0
5clcgs56vbsqn4t2,0.0
qojz6rwbivo3yw4u,0.0
qtzs2veft4oyxvf3,64.61604621772165
bysune5uslgxptrr,0.0
a7eoxsiu7ghwanqt,200.2905964777163
lyugwz6yaqjbehgj,0.0
giqg4ruhakiiw74z,0.0
djg5p4usmwwqace2,0.0
yobs6kzqi5tdgoda,0.0
6zteld3flp2qveer,0.0
trvhw37vyf37lbs4,0.0
brhpoim53fkkurqq,24.669110313261985
clsv5us6lnqkzfft,0.0
n6qp2aywj2j4rj37,97.63966274999058
ywkqzpnjxtanmdl7,0.0
vk7paaizpdss6tad,82.89534127790904
yl3jfnyl5lrutn2t,101.57755144165147
onely4tmxs5tiyzt,0.0
6jmpvatx72rlnddi,0.0
li4fdi3osrapglau,0.0
ktqc7bkvhjxbj33w,0.0
omgaenxibucphdpb,98.87752309821144
wdscjqfb3yeajpg3,0.0
tnnxnugd7bspzpyg,9.039653101584797e-05
d7wxasx77cymwadd,0.0
vvni3f2oxspwlop6,0.0
cxufxg43tfsy4agk,0.0
3lobmgw6u2dycxeq,0.0
sajjxk4dixpsxzyf,0.0
pkd4rrxxnhzz37xa,0.0
xe4vignuewn6ujar,0.0
tdkgnqkse7nhpctk,70.34087850422384
ctuhs3qjjmscwfrn,0.0
ekqbzvb7y4kx2dje,0.0
a2libdosd3joox3s,0.0
byxaz2jg6vxnpcdd,0.0
qajxpgwsyjxgivic,0.0
m4ohytvehrat5vjn,1.231368818421119
jjfzjqhdh4sjqajq,0.0
t6r7vlcqm64bxj45,0.0
fgxf63i57knvcxuj,0.0
ls22hiyjhvk3vmsk,0.0
24rdm3fjvygmrrd4,145.7714659328614
4cqtjmofknr5nepn,83.11421211046029
pjzu6ibyt2et3fk5,100.34885824437143
6t3ixoeiulrxnq2h,57.61269356877307
lbg5gt6zshwn3rd4,0.0
uheyti5r7ca3u6l4,65.4490988537476
kwdaf66uvih3ppho,0.0
r7vihx6vapuhvftx,75.44589446928242
uvaj6eeeznkruort,0.0
u6hqo3gbt4274yvo,0.0
bsr7u24qw7upl5lv,0.0
vdkm6kutpkdpe3jb,0.0
k55fcbhuvc65m4v7,0.0
zcdqzmglwtectsdh,0.0
yay4ezseytqyrshb,0.00010746812663731163
alblirvcqvid3twl,0.0
oflrre4onkpzuf6c,9.966636672913756
pznjluqdmdnonygi,0.0
bnns645wytly2r3p,0.0
zmd52oyshvkziuw7,0.0
ws2jo4oq3dzyojt2,0.0
tv52yhm7ixg3prlg,0.0
q6kqag7apn4astjd,0.02557402188681869
c2vbspr5uaks54ge,0.0
obxrxshzejf4q7ql,0.0
yvltirgjnjo5mzgg,0.04031774606161199
ntj2kazepz62hdf6,1.382632234305735
2joir2efbq2hqcdo,421.59189562728807
if6xxbdsmiwfpzyp,95.36538476806463
rgtlmhf62xfw7tow,0.0
5t4zd2z3r53uwenv,0.0
prgevsgys3pfk22v,86.50039177013021
4wwvnqkx3l5poghw,0.0
3ghv2dfnw2r4boek,25.64455042710437
y5pz2hdtayeyvrd2,0.0
37zxjnthpp5uqwd5,76.82023760963807
lygxvykqabcjk5hu,0.0
qpzyiqcb7wde54od,50.78052901525817
xk2tpid3mmc6djqb,0.0
wtn2bwqolnepkche,0.0
jb2b6mrrwygwyqjv,0.001242373046671699
2v4ligpu7bvw7ghq,77.39096373730388
l4lxhk2scdyyzae7,0.0
oikg6e7ug6esnp4v,0.0
ezxbp3pqjk2w4njz,0.0002100920659146403
u2fl7t2lcpzh2766,0.0
xwafnamgn5irhc5j,0.0
eylhgmqs3llyvlr6,0.029913404592296026
lzy6ztz4ja33gucy,0.0
d72l6flbbdmmaxuf,0.0
oxngwzqbxi5kptvc,25.66344540183045
ugl3i6koeccvfi3b,0.0
fhwmu37vgtndoc75,0.0
ousj64g454rnjr4u,0.0
fsbaevvjwhbacela,1.6873621991707162
7s4d24rzzmh4z566,0.0
wjunlyynmxf6zuv5,55.70865570236217
ct2fhbrskbmse4f4,0.43282689150065906
pndc3kzefoue5nvb,0.0
qizqbm2yazcgw77e,0.0
qthqgc6s4aodm4xb,0.0
zqk66uowsuootnig,0.02888751457982534
af73irbheopp2lav,0.0
bms5lkvahsghjw4c,22.94190028908247
ypu4nmnhv7cjspny,0.0
abfd3zwsrenhawfj,0.0
sls5kqsadktswhie,0.0
i4prnldxnuohrxx4,0.0
eyc2gqo3nypsy3kt,0.0
gcbsb7iod7kjh6zp,0.0
w6rwclejqnxt3jbm,137.84333288909815
beq34qxgeitw6zgf,0.0
73qqpnytc5stpen6,0.0
mz4aqc5kjqiufojs,0.0
dbrgig7addnob5uc,0.0
ak5tc3rixxjp2d5v,0.0
ronvkjts2rs3oakf,0.0
ux5jk7orttljvhwn,0.0
fd3pzjemwaipbqvh,0.001430493394142476
pfy6ldrou5deq34h,0.0
5anzjvezsrgrizwv,0.0
7gef2bunsea4mdwr,0.0
2adcf75q3toqgmw2,0.0
rlch4ez35k22fwg4,0.0
nraej26tp6yrthbz,0.0
ljy5oye5hcjv35gh,0.0
63cniydrlikyjy4x,0.0
mtyfbrledadte2hl,1.409948914807352
qhpnarbxbj3q2fx2,0.0
b54ekg2mw3k3egf7,0.0
arflfovxtrqemzrb,0.0
otr3ysvop2jj25xb,0.0
ww6xzzzzdg6kmeak,0.0
w6bbvjsdd4ea36nt,0.0
vposikrtdanwq4ul,0.0
kr6rnivyfla4pf5b,0.0
z5i4tic77ujziqfw,1.2325855210063176e-10
vm46f665rqr524p2,0.0
fd23jn7gnraty25b,0.0
jjk2hfjm7vvsfzrn,0.0
fzlhzmdecilfoe7m,70.22233104452411
6z55ng6y5exoezpx,0.0
zihgnttxw44tkkxa,0.0
r6jzwwz3kipvkuo5,0.0
q3a2sajz7vwga3ry,0.0
cx5zw2nh5rppie6l,0.0
idjppepy3k7h7h2d,0.0
vcs3btfotrnc5pol,0.0
og6ncwumykn36vxo,0.0
q2hdxfcdsgfj4ybn,55.14611838406513
glqfaipqinfrcyov,136.33768760266014
5ky3wskmjts3gmiv,0.0
6mvcbvflcr5wxowk,0.0
ukuhkdnoxqrc3eko,0.0
o437t457knjxebnk,3.506570359808962
hcpmqvfahhlodzim,0.0
3ue24m7nq6o5anuj,0.0
grjh3gcpzwbikyxz,116.88009991842873
6vhqoe3jcufkrmdl,0.0
3remnabpe6rincjw,0.0
42vsypchvczw5bjf,0.04840601159770195
opspjs47wdebi7m2,0.0
gaw7ozr3jsxfpded,99.39831771639143
x7vml3khxefnmpbd,52.69457890744071
olbfnk7mlfhjqlu6,0.0
sadu6ensgeajyxlj,1.1737151711009584
qe4bylk5hbmogmhj,0.0
pbyx5p7l5ev74omv,0.0
3ywcrm7wfc3mhvwz,0.0
oe5wzi6otvvrclib,0.00016258360189384376
2amv4t3ngit65vxg,0.0
ooeqcrg2iejrzs2t,0.13000821197375376
4qm6hv4v6mhykwsw,107.28176849174777
mjjbjusb4welv2sw,0.0
dj32lu6eix2lhdga,13.559409818274473
mscx7olfwokl5gbp,0.0
azdjfogchtpch5nk,38.677928907143304
5mrf55apokvsbcnv,0.0
3b64gdyytyi2h3p6,0.0
4vez232optal4ese,0.0
nchv7fx435ozv7lj,0.0
fq2hh5cgegy6zxn2,0.0
sazoehtfeoalbaxl,8.488465098605262
2sslucss56mdv2mx,0.0026173435159068757
6vxzlahuqmmhgj3g,0.0
vdz4rdvvmto37vos,80.64558009662028
rrzjucwoybwerodl,0.0
5ahleesemh4f5n4o,0.0
bvxv5he55acr4sj6,0.0
7vhxl7mugm4gl22u,0.0
6hd5jeqn4lgvzqkz,0.0
dpw4ddaejbzh6tli,4.9114608929876775
klz26ufxr3okassb,0.0
j3wyrdjf36njfjgw,0.0
rtlpo2jbjj2ji76c,0.0
ny2wkz3zopbqdv3m,0.0
3bnjodbcuq5q24gt,0.21128340417543573
y36y3k2cenvfsu3h,12.458672773691957
trb3bkkc6jgiyrw5,0.0
tum2dmgqdybgwcd7,0.0
kk55gj5zjlt6wfz2,8.713462600779284
eezynevb4ryietjn,27.263905667515466
r5zzc2yekktkdxtm,0.0
4xuy57cheyjk3vqw,56.681034591696815
nzrmclwkzw3qka7a,0.0
wyhusu6rocbfigsw,0.0
kb2svqftouiy4xcg,0.0
sut73a6mdffjc44j,0.008693555040583457
fko7jvqwen2cevkc,0.0
ji6pckm5pl5x2zun,0.0
vwrlztheifqoan3f,322.86859422424556
7kwsfoe2sytep3by,0.0
f2xibbvbo4b3kzcx,0.0
wl76cfnci6226wra,0.0
t3qazixoyvbapwea,70.80814987146552
ozpfje4wpt66tjjr,0.0
tfrpvzbapwzt6ipl,0.0
x2x3hjtln3ivr5ua,0.0
aba3aof22fq2vabw,75.31728003158332
npykwxmgntua4bw7,21.171526380566263
f5qnpskvafy44mq5,0.0
vfic3tqnufa7pdiz,0.0
umeaoo6xfz7q3ja7,77.47531024426317
73sm5k7rcoa5oeww,0.22246352104255523
xtxtrjhln6xmsfnd,0.0006421474889297395
jq3gjesmzkdtuu2q,0.0
e5mlfoq74seaosci,0.0
x6d6aniagbkodvz5,0.0
5tfftuegjl47qzxb,0.0
i2qw4vrahprpem6o,0.0
um4gtq3eb2hjz6qe,0.0
hyug4r2ee2us5f2r,0.0
qdfkudu3luad7rqb,0.0
fq3ibjdzg4awelzo,0.0
mno4vaksipq4rryo,0.0
jc6raifyzuhhojbe,0.0
knaud6rhs2gvw6pm,124.25698865484583
3iw5gdlmeswonhzo,0.0
ephitjy4vt3k25em,0.0
mbzzgt2taniczzcd,0.0
ogxyuami4pd5gdrb,0.0
dubmyz6qdjbpowug,0.0
qahjuvc5ksmgpgzt,0.0
bds2r63mtndmbhd6,58.99339927050292
sw7eb5unycvm4q5a,0.0
jekcbyr5rbxubwlg,0.0
ieao7lgyc3mkcrsa,15.435675357609382
xkpnnnm56xql4pi6,0.0
sn25a25jswgwujhp,0.0
7zlboao45tchlx3c,0.0
6xlhvkdurgui3ewu,0.0
px6qyv7bqjko23os,0.0
243qkpth2klc5zgi,0.0
qwuow6gn26jt6b4l,1.1411693700860246
h2muporgwudskiay,0.0
crmbnz52oa7sioix,89.79912269169763
4yuueclvy53ssxv2,0.0
nghjn7v73nfsgpex,0.0
v23zt6ppdyhjfzwt,110.51133584079815
yjpj35la3ju54c65,0.135165688180734
z44k76hewmpr5gvu,0.0
ztnsj44klswjrvia,0.0
iwjg5ffwhsjq256q,23.192486952651443
twmwhfr2xltjdxph,148.52287365678075
dxtc4gubauo5fezr,0.0592922234647998
ggekbdcomwufd4pv,142.48096500489484
4gwdghrax4q4y3cj,0.0
ahref5zf2fsdnelo,0.003279001804249771
q4qawh4ivtp6vkym,0.0
k7qglz2hw2q4zuhh,0.0
yokglkg7nao4uz24,0.0
cbdfbozrwnhpkem4,0.0
r7pccg5cypfvl7sx,6.323032761474555
ac3iztjucwkxy35q,64.51979713266786
5joykadamaplo3jk,241.91049061304685
z2eiwlfnsmtgajlc,280.62213635652483
jbwv3ybc4cgdgkqp,61.279738951054675
4bo7qjy72morew2a,105.5810994437901
rv32oeaxkyfeueao,0.0031226493430485756
ddfeozi2bwr2lqf2,0.0
muclxugtacvgykcz,125.71861691882019
7sov63jejj6fuv47,0.0
yhckz4bwman6u526,2.832232527634254
chd2biy5eyffq57n,0.0
r5khthr5yag76zam,0.0
qa6zne5pdz32kt75,64.83802952806448
wndxdsdkeupht7o3,0.0
loae6yzkd5p2lash,0.0
luoe5xcufea5srb3,0.0
5b6yh6z5poouuy3x,0.0
ybtxjny5jxw7crfj,0.0
v4n3sa3y73g3zfyg,0.0
ygfbquqwzbkramgy,0.0
dmnqqkzlfnkhsn3g,0.0
vrfghuc5qmf6mbxu,0.0
tvqvl7eygmzqrqbl,0.0027217893450388196
dpqjia6qiydpts57,45.14714238522038
prffbyouaizmnho3,63.41603094251688
k3xtzazhlxcf5quz,0.0
dompyqht5befeogq,0.0
tbx3fwcuf7gy3lhv,0.005481739927098837
rul2yzuo2n7l5nt2,0.004288091523227975
wbxkyx6h74f2rwo7,0.0
5nqgk5dz6wxnx5t4,5.2076383644487185
5z4z7h5jw6ffsl5d,15.926363530063862
6cybgmvasn5zgk3f,0.15124378041668735
k7y5sp5kbzzduhw7,0.0
aewj7he2qhgle52g,0.0
bq3gbmrrrgdu2atm,0.0
bznwr477ga7fyfle,0.0
ek2mor2yx7iiel3x,158.59756371287833
asaldq3ilm4x3i2g,0.0
4sblyo2d45xs25vx,0.0
ne24glzz4ov6sny7,0.0
wniicqzb7inxwnuf,83.7996788523963
fg5yqe22wpmnnmn2,2.7886572234337064
hpgkuohon552jbf5,0.0
zadt5ij2rcx73kc3,314.42726886698233
rv7ecmxf5g23zswx,0.0
dxxo2bnwennofuav,0.0
a3q5lpb6ky7n4ulv,0.0
s6vmkl4di3gvqkhl,3.9791808151361776
wzpxx2ursjbhzk2a,0.0
427ri567uof5bvng,0.38995506074633635
rs3sciwzmm3m2usg,0.0
37aucatlx62yqidm,65.20996196393402
qhf32lilomoykw5b,256.55903906561923
2qj523yag5rfuu4z,71.43354244706902
x6k27htmhveuhsyj,0.0
sjuxtnbuwa67i3tw,0.0
hs5k72h6w2btzbid,0.0
q5bm6fojszxta6ve,0.7770801945567836
xawauhrrwrkvmp6k,0.0
olbfwogvim5zbzwx,89.09529269298534
w65ma2ipgwtio7pb,91.44786003616478
pqb7q7i6oq3hmy5l,149.09494818553645
vlfnpgsysjkv76ly,0.0
tfbdxtx6ofu7y6vm,79.14786549515703
xkgbualoccuupldm,0.8526097334723168
23lbhdktco6rmjda,0.0
bcwaqfdhny42477w,141.7890690119766
4avwktdsgkc57uql,0.0
yrrgb63jiz3qxprk,0.733374726294857
epssuyuyrmo4pzpo,113.92613151507427
kka2nw6jdpicwdsb,0.0
5hg7vv2i2r25ucuw,0.0
sbipgbtpxk4433rp,68.29243592900701
m37sit2t2wkijq35,96.47557885487805
fmewubioblmtaawn,0.6181100568419854
iugwsa5gymu5gpkd,0.0
77ize7tabgpx36oy,108.51389765601925
5l6j6ruyi3cpadcw,0.0
xwchxojeu2hsknik,0.0
u6fbyee5ydyynr2c,0.0
iknzigsfvpznqgba,0.0
4jbbbc4ahss4rpnj,6.327224438473962
lqlmewbanf2ov46c,0.0
zg5ybi4ybw4rll2w,71.53114387332063
6oropihxf4y3i44s,0.0
vzngvzux6k3pofb4,0.0
624odgpx5dpv4era,0.0
4gw3oqyocs6tlux3,0.0
kf4x7eacb455c63v,0.0
vnf62bc7uv7egex3,0.0
xehgh3n2qdibydhf,0.0
qdanx5pj4x4bg237,0.0
7ktkvfsyke5pyja6,0.0
dvxq62urmmudkjpx,1.451669093362358
uk6psoxbju3k2yex,0.0
j6ufk44sntbc57z5,0.0001358484108781711
ekwi4mvnanxwmwb3,4.605848744590534
z26malkb52ip57ig,0.0
ndyfg2zx6gwyjvtg,233.26284722936617
253dthwz2e3co76l,0.0
j3gv7oz5aeawoie6,146.6394271915574
s2jv6r4dyr477bui,0.0
i5ztsssue2ytwgcu,0.0
o56amisy2g2sdn2y,0.0
azworok2ikvqpmd3,0.0
ijjso2godg7qfmkm,0.0
gm4jznuhubguuwmc,111.88704869881798
cwwtsqjmhls5f32z,0.0
ebsefaskbewo337q,0.0
s7b4kbpqmvqiuqhf,0.0008504044477517507
k7hvehh3ats54ipa,0.0
wj3arorjylfdpeo3,0.0
q6ogiokg6bfg7sff,0.0
l7ywkdj5blcw5wf5,0.0
ymaxypsuh4ew3w5e,10.357650608666606
m23uafz7dmwpmn7r,0.0
obavrbz7jmptjgoo,154.56516827724428
bhcg6p5h62hux4jm,0.0
ywkgex52f44nopoy,0.0
ari6liybgct32tet,0.0
4hxbmkama2l3ijw5,71.76442512620334
q6iigantav466yfm,6.525683469453343
wzc5ohc37ftjvz4q,0.0
wyalbvoczyxqdzvx,0.0
arncwxx2r57mio72,162.6339117667242
fuczqwcxocailegh,0.0
kmywruwbvdnpdivp,0.0
paomuceryorxq3wt,0.0
2orkewwxgrgv5aks,0.6825341726208315
mgcpjnrfkowh3i7q,205.63466267362105
hcrdti4b3pkyvk3t,13.103454992130102
m5hbddc5biqan436,0.0
rm7dgy3x5jstoeop,0.0
manfzm5vb5j6oiij,0.0
753xscgmjkjk7rss,0.0
5dh3h2tb4eqxl5h7,0.0
c5baj5dxwjszz35p,0.0
2nmsmqahxxyxfi6c,0.0
n4ia6quyt4ka26v7,3.7477532650457196e-05
lm6ybvezektyfup7,72.46212944923818
crs7sxniysmecjno,0.0
qer66pck6hydms6d,0.0
tlpxdvh3d7dihyef,0.0
ba3ekdxk4iv3gyum,0.0
45orqgoycxadb2tm,0.0
majonbgg7362z4yl,93.99576003804157
7u7mubqh6oy34gqn,0.0
ehjupzclimerlabw,0.0
mz5dw6ejrcwxqnjn,0.0
qprs7mnd4oyzwx7z,0.0
xaqo7bmv4gkpfnas,0.0
ypzibsyxp6wtfzcd,0.0
gu53yuwc2qe73p23,0.0
23aqc7z7rxchhjas,0.0
4x5ku7owsvg5on6l,0.0
5sr2luqxmpfzu5bp,0.0
zqm3rkye2hzvcszj,0.0
jniqmqkplxztfx5c,0.0
kj6mclruzzy3xgkp,0.0
6qy6zw5tczrmdtj6,94.94927436688079
5ovwaekevysd5jls,61.15799858537043
e2pnnltqfsmnfa3o,7.2428629122333
7jury4f5o7xxc4xy,0.0
txdbn4bsw4yqjra4,0.0
mr5ux6yklclu4y7i,0.0
5z6jayh43p4ippvz,6.454603058968553e-14
mshspeafqb3p6n5z,0.0
ftcwvd5saiftbuny,0.0
zvuesws2idrtrjsb,48.52645104261882
ih4bj6vd7ahx777m,0.0
k7dqnoibzbjum5zr,5.964025785080566e-06
sug2q56gaby4xeow,0.0
sqlzmhb5bblqi4au,140.39398827949162
ax6pe3inihg7eekw,0.0
ycntrcuoyabylcf4,0.0
5wfti4ufxdym4cnr,94.00134806167077
dq7qwbm7kjhuityy,80.58034369358006
65ziqa2rgzwlxwj5,139.64294073597188
h3z2nb77up2nl4tv,0.00603230769735467
msqwlj7ywv5gtvao,101.5927635791193
k6piulgeat3tbsyj,0.0
wlgo7vnuogtiohuk,0.0
f64dtkhnnqcbkc6w,0.0
avjx6j3fn4idc5dt,0.0
7x7qkjhfnf5lffbh,1.0927731177429478
ht2clj4ekca25jtc,0.0
bhx6qlitagnz55dy,0.0
evjs3ugkgh4gjfq7,0.0
wiao6o7mezjvyg2p,27.09964128087811
oarb252iihwtryct,0.0
eafapmx4nb2kmpcm,0.0
ryd5zxbvpdkjlxol,0.004464696703550353
ktg4eo7prwguotst,0.0
65224amnlonqq4y6,0.0
fou3sn4jurcdi6w5,0.0
edxlov6h2jfq5spg,0.22719883906707777
dsgivuogiyal7v77,0.0
rmjdbsesbl2yevca,0.00027492847130344025
bc62wjba2jutzxym,0.0
h5bahflymeq6ryl3,0.0
zwblocghlnu7zpxv,0.0
7kywai737cptudws,0.0
mjv7zzxxqbr5htwn,0.0
pzblcs22qopqjign,5.399204836930732
gwex4ku2ogwwy25q,0.0
ptlk3p53kfo4uu4k,0.0
ahb4qet3mztrl3kp,55.4610601935045
zt2opwtw5ksnbomb,0.0
qmxgdzkalteyc6xe,0.0
4ztnoxynyskeegg6,0.0
m6uzyi7c5llbohu6,0.0
sb6cwv7fp2pvskbh,0.0
i2dtjwdz5xsbiuc5,0.07135974682783805
3fol5b26sgzr7fa6,8.20584770261039e-05
5j42gfe2hj4lq7rw,142.7437987195649
x57sdehobzcrdpzo,63.106060700053284
abtyiz7mdsy4evbi,0.0
6o3jwo4wtm33d4ru,0.0
6pljh7drooholhcz,0.0
b2hsemlphbz3saji,138.47613006178727
bzome6hypvv2hlvh,201.4437898985411
42tmfc446d2oqnvl,15.720408881721344
5mqojavyne3hfgsa,77.31965350137924
lrninel7fywyr43q,0.001780866050872052
t2vw5c3vmuzxe2gx,0.0
gx7edzpano2raqbb,95.95950960476074
tel6aq2j5lrnzke4,57.05314671574104
gumtplkuvcu6ml7k,0.0
zu7eh7wfjouvmkdf,5.6523684999561
63hwxlb243lys4mf,0.0
trggom4wnr4uojfw,0.0
twsuv7qcmy2szqsx,0.0
ochr3obux72xev2g,0.0
srbmil7veynnzkld,0.0
6gv5gupflne5vktc,17.810770513597973
to3tlv75d5sh5sgd,0.0
ys6hrewg2wuoo6pz,0.0
s3nczrdmq2wjeee4,0.0
mmnoonfsx42nxfvq,68.0070173525285
yoc6dfw5xvnxxeqr,0.0
lwwsq43xxb2wgf3y,0.0
sjo2lgockdcnjoxa,0.0
jmzad4x7ifi77osl,99.5313694189949
koqdktewocvrmu3m,0.0
z7opgtvdoa6webkl,153.35963027291018
s5ddsndsit3zle7l,0.0
2oxsrw2k3nz2ci2r,58.603283689968066
hfzkkqf4klnngcg5,0.0
xg2wr2tfp54tb2sr,62.30516962850942
kw7ttfupuk4za2fb,0.003533026031389287
u2l7vfhzo4pgmakk,0.0
f5mfg5oxoovap6uc,0.0
eobferqui3bty3v2,0.0
zy4qdp6ux7ituzaw,0.0
nqwoded65y3t7wcu,0.0
iel6ubnp2ypvutjk,0.0
glwv34seca5qwtsw,0.0
rzfhn3wjdndg7y4i,0.0
qkbys4w454qddmbi,65.51152823815656
3knafmlz7dw27k2r,0.0
vgxqs22bkdrgzrru,0.0
nu3dph7u57eyapv4,0.0
xeonbnewwe33tmj7,0.0
z4ospw3baea6ya4b,0.0
5vixiej5zm6rsdcz,2.3126797173803286
62tfc4tqcqbfnapk,176.54732544808587
tk5grdtilloxezyl,0.0
d7wrbmjsqr35rivy,0.0
qshzmdptqkonwm7m,56.28695923441335
45hissyv262ukz7u,106.13337113195175
q7uqs4vo4sbhc3gz,0.0
w5tnoz6ewquxeb7g,0.0
uu3lzkcgglg63jdf,0.0
ubmr4um2zmjowcnd,0.0
x2juuwfoslhongob,0.0
yjlyc7euye2do7mh,10.374974189355012
thwsbmnrv2ggzvms,93.14403154885972
shr5auxgu5hu63av,96.34673585456912
m5jiim3vabpebylw,0.0
3743bddyuitpwb47,357.1600328615565
o66it2lqe3wl275h,0.0011704586891616532
orliqn7xqbduyssj,0.0
d7sdihs75ajsexlq,0.0
55qzhrse6fctpvk5,0.0
y66j4lg6nvsp6h4x,0.0
qlqun7nukd4dmb5y,0.0
qiekwqj3lbm6mmxc,131.9016050340781
m67xrq7v45bdbpze,0.0
q4ksufn4gq4tstfw,1.4563078358745065
f6d4tyimz5ma3xo5,0.0
d3iemogif6u64ut3,0.0
bhvxo4cqhjfb6xwp,0.0
vo4gnvjt5zfnss4t,180.34240713147506
l6ksq4xuxcouhjwf,0.0
zk54mphc3ouyb3l6,0.0
6pnowhzc3rcpcwc3,0.0
fvnpgkfotifev2gr,0.0
raihsursltbqgdht,0.0
slwk5xjvzocmrvnz,67.45775147561376
hzvemrqayl5ysec5,0.0
ox4umjy3rycfiqhn,0.0
fe4mklgyu2hgaqwo,52.29929447960994
q2zi7jzby7vdmx4a,0.0
yezswbhgzjdqileb,14.322737920149294
wrytzfeqeyqpy6ee,0.0
4d42aaczvpfbrwgo,0.0
jut5oq23dyjdkcqg,0.0
wg4h6qv2we6652yi,0.0
ytjij4onon7zd2lk,0.0
6umia6fm6hlxrwrm,0.0
c5ntksgvsqvw3opk,42.15864288116363
rmvbwdac6xsq3xpd,0.0
uzhi6i5zcos5jmj4,0.0
6cacjcn6cq7cjvzp,0.0
a24kzbtiozieudom,0.0
rnuuq7cenjybzext,236.80754021907313
bbd7dqxlximd6nil,0.0
xw66wvsupblwggev,0.14210369753800822
qcwzs2f6ynadkdog,55.19055980805447
dbeu464ymr5fvdvk,0.0
yiw3zg7ssnriirfd,0.0
oxa2cl6pjl64bvgs,231.6844054832107
tujnypaavixzc6jj,0.0
cadckddsxtd6jvrc,0.0
julkxjzbw2kdq6eh,38.198744114414936
ss2hbpibwnj3ti75,2.470124945349039
eedkpduvfyhllq5o,0.0
pmdqnzmfghcszr7n,47.75887311236489
y24wjfrsuiuvfkuw,0.008146508940731746
jl2unrxnipljwd32,0.0
aof4fyho46o7ns6c,0.0
des45ylzg7gt5rtg,445.7216591059805
75jbohlooakyuarh,0.0
lvijzmfegixn7uu6,0.0
cdsnhnuqqhvnvqvz,0.0
5zpi2f2jgrwb5wjn,0.0
ueb57ykh5oadprrf,0.0
d7bpcalgmgu6z6ql,0.0
iailce4zt6ylqtkn,0.0013878075388608895
sexjyl3s6mgb4ae6,0.0
ovhvl55okindmhip,0.0
xqnpv3xwxjthctyj,65.773912871957
zfvze26xboz3tvi5,0.0
xq4drzth65u4rvw3,0.0
w5nthzta6gktbz3g,0.0
6i7cirnfhxqqgcby,0.0
eheumlvywyipd2qm,0.0
btb2klxrsaveuecb,0.0
l26igqfgenoivpv7,0.0
3v2b3u5u5ojnn5bi,0.0012211651282322009
jgkbggsvagepemu4,7.703790382507564e-05
ixteklgzeawl23fm,0.0
oaastvemzklmsrsj,0.0
mdgpkzvzgoes5bas,1.460515852257933
bfv5j32aupgdawls,0.0
fxbyyt6uloz7m6ud,15.01444712901878
ezewetg2fkeda53t,25.634747264254532
hhg7rsyxlchzz5il,0.0
k47gqsrqijzvy2e7,0.0
o5vne5qoamj3hi27,0.0
7jrgaubuvajhvhup,69.61233650542813
6r5ewmla7nrm6wcq,0.0
cyahkvey67po5uch,0.0
kr2d7x7ytmu5sioo,0.0
44mm3i3m6gdytetz,2.1372083536362016e-05
r62eh5uywodh4npb,0.0
cq4pdjhaedzeqxgp,0.0
vcffdwjc2ivblkob,0.0
uip46nrv4mbl4rh7,51.73594025328647
wtk3wamqriyqaai4,0.0
sx4rstcagnuwidlw,0.0
4f4nhzo6ndr7yoke,0.0
syysid4rap2athic,96.1723107068787
r34ynkz4obp5yjra,0.0
ec36a36c5nwkurgv,0.0
rj6mdi2bjtnzobo6,0.0
rcekbvfi5bx2lplk,0.0
5ltcutkvjkdriwr6,0.0011457180504007628
6bblvv3xn7cycsps,7.481964561640641e-09
bkrhsmtusaeck75a,0.0
soa4y2fypy72xt2t,0.0
ywlx5l5j6pvjki7v,0.0012211651282322009
qfiukfxqvdf3nuyp,0.0
3acaox76glsgujmn,0.0
l6l3edovgyqh454p,15.516137008304451
mgfghufwj74gsaat,0.0
gm7ad6gbgzb663vy,0.0
ac3j4lu7tuirwdv6,1.8788711813468264
2cdtiksg3pjlazx5,9.125671615063496
4v5kvnihmw3rlc7a,0.0
c5ev43px3lnsycxr,0.0
yxxl3xic3pt6wr2j,110.50193425773195
ufsqp5252cb7eihj,0.0
azdih3a77jk2w5xf,1.7565754251938952
wf6mcn4v4cm77lgh,63.307527091382596
h26s3k75b6gg767b,1.1278083101393002
uwedxxdsavk7umt4,68.52790421306085
hh47p5evuvkgza3i,95.70214550704536
yi3mvnoaplp3j4xe,0.0
54frgtp3ykjhvwkt,0.010843900134544726
xiw7g3wnxlclqlaj,138.87488257971793
mdtmc7jjk2vpbzoe,0.0
6dqkdvlj54r6jiqh,0.0
tjyvol3zt2pnb36u,0.0
sa6esl2vgurdk76e,0.0
quzibyzgxiggqmrs,0.0
44lmxyrgmcz3e2jm,0.002758947865077864
lvli4lktrwqfbni2,0.0
uf3zvh6nhuh7pkms,0.0
3p4bt73uiqy53x5q,103.10382664494755
ggz44v2odctlrpul,0.0
nfcln2ptvc6ntmwu,0.0
o3uqddn2bs2ryhod,0.0
omivfil4ry26cdti,0.0
dvjnhjlmbmm7omkh,0.0
7fvrx7fpbfutd2vo,0.0
4vdoq6bxwbt2ed4d,78.32477742167245
fogqgd7rj7bsyx3z,0.0
lj7lacddvadiiuiy,0.0
uhvswmy4fprkff74,0.0
qubceq3fad5ut3c5,1.5136778636233491e-18
dfrn7usuzzddnnho,0.0
b5ljeyksvmbfhibp,0.0
bnppnzhleugmu6ig,0.0
o7q4xj5jlb35vvkd,206.15231333568136
ycr364jq2r4smdz3,0.0
wjpexlaqij5zqq5l,125.9126028347557
ejssqp2kxqx3oj5b,108.04979523447025
komro4nipvxxij5y,0.0
wvdyrgrvriu5bb5w,65.95307047893883
33lznmqlubd4hyti,0.0
mw7xzollojaf65kx,0.0
cc7phbfqq23pwero,0.026638256538648535
ntm7lnhixjbue62t,0.0
vsbvp6mao4snkyvc,0.5106873992846879
o2h4zsyh4v5bdjh5,128.15459389950493
h5kwgkqrqjv3apte,0.0
ae2vm352cdvztfjc,55.89175422450508
wrqjtxdpy7yoowc2,0.0
ceechsno736ab3gj,0.0
2gym6ubinpyzp6vn,0.0
6hx24wi4idlijcln,0.0
loduoygrcfycwdtq,0.0
txl4lkdjfqw7ip77,0.0
bgeq5wvqin5hnnbs,14.92237889266497
rtskzllaq27bt6bu,313.8422883495384
ocjrttsci4qzc7pi,0.0
ckx5q73o37mjfcs5,0.0
qevksksytbljtby4,0.0
pw2bsfqxsvmityr3,0.0
y3qewrp4enfhq4kf,307.47552388904325
nx4nje5zbhl7rt4c,0.0
qupbp23zwek6pgaz,47.68826308026915
zjpmyw6ovk4f2cw2,0.0
ktc4vjhvkup4w4hn,0.0
5lzqph63x4hihu37,247.28999253161376
zofd277terxqccvm,0.0
navcm22cpoxglxj3,75.37544093838633
64eakor6db773bpn,0.0
qxnfdtqrhj53iwhj,0.0
7rucfwailb7uvneq,0.00032758984823841824
3qzqqrrlas73tvga,101.97337627066999
65w4jlw3kv3ft5am,66.99038960155454
vxitwxv6fttbr7kv,0.0
dyyrc55eiulijwq2,0.0
j5l5fwoainyygbq7,0.0
w632nccyddfzejnl,0.0
nteobrsa4myvyenp,0.0
b3xjx4juz3q562be,1.5754523979519293e-06
fwnzweriymah2bbi,0.0
bxp5u24j2jlrp33n,0.0
lnbioumu4bfmqcvs,0.0
psqv4y7lipp7wvbj,0.018640126990616897
7apqndy47cqewubl,177.67297585688587
nzh4crlhmstgk4r6,331.29416206887555
qmvgupel3zkrvwnn,0.0
36tn4ky3fhxch6ob,0.0
y3yexif2xhfib2hh,0.0
calea6u4qunc3i3d,0.0
ya6vrm6ofrunq3tr,0.0
ocomx5bqoh2nczuq,0.0
mbhssaondxmbe2ks,171.04301777019984
mqyg2rd72mug3wc7,0.0
r7w7kiqxkcppgfzq,0.0
hnqznxgpmwiztuzh,0.0
lbbwla6wzoscgwxr,0.0
x35lbuvw6nmx6mxk,0.0
hfmhh6z72vy3iasq,70.26215423440321
tbgyp4nmlb7bdwpf,133.60979315854166
bzrt2iwtopfahrrr,446.69683375796797
p2rrnd3isdnxb3i3,0.0
iu7arsn55sdtncxl,0.0
ox34myh3t2rq2f4l,0.0
5khdbzw5gm32iove,0.0
xhlteao3nqrevgcd,25.884519898583726
gz6rm2eluk2ytkty,0.0
elqvklqmchkxcxmc,0.0
5ztfqch33aiilbpa,0.0
ixltncgjzaq2cb2b,0.0
bnj5icih46qjp4b7,0.0
63ghk2er2iudmhc3,0.0
25mqnrh2dwzrkftq,0.0
sp6oxlis3kdbznpl,134.26277131223608
ibutvgdzrjzavngw,0.0
g3mue7lyc5ymh6lg,0.00013888577539180133
j6x5qlorra53snvx,0.0
kd5q4n3uagavre3a,71.14815870999499
4ed23vncf2kginkn,0.0
zjgzb3cuyt2qaftl,0.15064040223453146
6vxhhebvvtiojydy,0.0012211651282322009
kkaapbt5fi427e52,0.0001184166999656767
s5wxcfx5yj4i7fr7,0.0
n6lgqw4dqbhzxip4,0.0
k2oxfzlurwoyfhuj,0.0
wdz5gfebrsl5dj56,0.0
r7f2uppfxic4vamt,1.27732143125653
pr3bzus7hw2ikmq7,6.0462186357270915e-05
iqxyqvjheecihi4o,0.0
qkkoc4pbmghyqrpa,1.204691149778209e-10
3jl25gbmgnpd2qbs,0.0
vdcgmtcj3zwcsnz2,0.0
epd6vu4g6nqnajdh,119.9034483222434
v6akle2zbipp7y3i,83.32842712345743
qllmlqatbzpqfvbo,0.0
rpme3ocvnpfcpxnb,108.57717505467026
mt567k4djvye7oi3,0.0
ajluopokcy6qkxeh,0.0
xln3a5r72vubcju2,0.008018803123608111
v5lsuf3ekzcv24ez,0.0
l6z5c6abj2lrisbd,0.0
4kqviewdfcjlfrl5,0.0
x7dhzrlgqjedkigm,0.0
je7ngta2gmfo2ucu,0.0
u4n5jtxdzy4sxc54,0.0002773049505632936
ymwn5tadlwvteh6d,0.0
7euafnm6rp36hivk,1.5209244199459648
soh72yuri6rtr5rm,1.1173778540089747e-07
d5ofuzgx5pdt53gi,0.0
kjlnwmr2pnt6s2xk,0.0
jtxqsyoarl6a4gnd,0.0
dx45xcil4yeo2rca,0.0
tcpzmaaeadkad3ss,0.0
ujv6ts6oej26nx5a,0.0
ltl6yvk37ccwsnf7,1.1377512823648486
pr7lrbvir4s7fo4h,0.0
x7z3duuchve6htqr,0.0
tvmd6smh7k2wx5gc,80.55325779287132
o3krcmcgzlv7i3ol,23.34364739699607
q7q5g6hxvssd56rz,0.0
apgheghduaktmiid,0.0
ijfin7eewkntacqg,1.7435377707640514
dqxxjppjtshrcnwt,0.0
ifg4n4p2kiutivj7,0.0
ye7wpsb7krfrvv7r,0.0
ld7rzclqb6o3nicb,226.6730250502967
ayohmhubagxxqwjs,4.619579599791419
vma5ufxzqjbuuryu,0.0
z56nfqwd7e23cu3m,0.0
7b3cc3lnkrn5gvdf,0.0
n2oortukqy5i7q2a,0.6444887847504805
g2kad4f33p4ck7of,143.10892040161878
xklkobggjjcwzwgz,15.695717202929641
3325npjglvq5petu,0.0019640314246948598
3npphzt7g4edhf2i,5.092317367243807
kv6prghbowm7syyp,0.0
jtf4nafow2fkkzjv,0.0
3haui3pviji4psix,83.75849740919045
rygam2mjlvocp74u,8.02080042331829e-06
2jo4dmq3pzedatft,0.0
ywu4rtaidyc4hkfr,0.0
4tfvyppljeddeljt,0.0
egi6qmggfnquihr2,0.0
nfuog7y4zlczv6nt,0.0
sguwp6ctmj4ndcxs,78.22442625957544
knzbwmrokjewcs4g,0.0
yyqbu7xjo6ijyabx,0.0
skruqxxccjgodqtl,0.0
q6madmausyx6vcky,0.0
67si7ixt5txe5g2k,0.0029869053295058044
m4f73phvkxgmh7ui,0.0
t6wrfcqpe2xnkdir,0.0
jywl75osbvdawkaa,0.0
fnugvx3rkgasmmfr,163.91917018644318
l43yx25vno27bbh2,1.7133048411393492
qr67eunc6mfcj4r3,89.96535901339207
iszddodalaqqry4j,3.8132566493732294
oapzhxjxuiyg5bj7,0.0
pdlipx6agaq5zu7h,0.0
d6mvtjj3mlosqra6,0.0
ggds5fatpc5ihpew,80.56945196046796
gdi7vnkqpum6tqkq,0.0
d3jvmncj53gstvqr,0.0
fbktudnnju3gghce,187.3090135894421
bvlqrdxiowsyat4y,0.0
o7ntzoc3cfllvzss,0.0
wufry5ud7udbbm7x,0.0
36qcnc42ttd2ehb7,14.985301391393575
lnqaqismc3n7m3nw,0.0
g36y3bf4uybyitpw,0.0
33hxzkv7s4wl3ddh,2.540725138805051e-05
rmilxijr7h4pr7t5,4.01463413360047
otligw4myiwp423p,0.0
imm2gkujri62pmfr,0.0
7pn7rvg6osze7myx,0.0
2ebmhumkxuu4g6tg,0.0
yfsu3spe2j4mebeq,52.984003726718235
lwcuu4vaqn7shjb4,58.74570194935522
ijc26skaxo4j5vpo,70.46311062362295
stmpqxmb6j5ecevg,0.0
z45fu3k62ryxi37s,0.0
7hn2h33evrce632d,63.51094043243185
aqsfo7h6lqh6sxu3,0.0
p4ogreq27zf6fdcd,4.882358183959713
y4sy7ucdp3hg5uxl,0.0
y7bgw33oxkufxu4e,0.0
wd3dky2zn5vp3q7r,0.0
dqrn563v36ybd4gc,0.0
ltmkkj5rucgqmtbd,0.0
ebi4ueqp6fermmev,0.0
6rdwcwxa57z5dmoy,0.0
yr4zjjyherq7df52,0.0
dvbtf6uvvtg5hicw,0.0
2wypzuhlxkwxou7r,401.9231489398055
r5kx3mfuryslhxkn,0.0
77neea5qj45gbo6u,0.0
7wscz7jwg7s6basb,0.4208784448308415
5v4ywlcnmn4y5xz4,0.0
hdqfx424raxfuv3u,0.0
cmk2wucauzvnmoam,0.0
hdt6dc36uy6e23hm,80.21008494639197
ilqgttftjz7dika5,0.0
z4s6vflg7ok24l2t,102.69397227879989
lua6jeyshbeqozbm,116.78796137656059
pfjmgegqb3vxizcd,0.0
nwnwlmoqrxjpmck4,67.85355529157232
ckndcrtnwjaxhzlj,0.0
kd4ttkvlxba3dnpr,93.44589665916911
cgqr6jxrrimpflxk,0.0
h3ihr67sfb4usqlm,0.0
yakdc46o3gqjuh44,0.0
q6a3kixcauktevtd,89.72505712763424
x6vor6w6xqhrl7bs,0.0
bddji4wqa4q4c3cf,0.0
2auugspy23fkpcgf,90.64843038764883
w7xkhjjlo4o4mbu6,0.0
mkgan36ziwfbpi2o,81.80840140865531
d7jf2dzineha5dhb,84.49583436341932
733h3avhchvto5du,0.0
csxccty2qz2fzski,0.0
jm4mwhkmt25tpbt7,0.0
bbsn5zlygwrvb3td,7.978487149322634
2a5b37uf7cgv5437,0.0
72j43e4wawoth5tr,0.0
qadaitm5xhslqebi,0.0
oxqa5ixarr3flzhv,0.0
bfnqj5liaqpi72ey,0.0
6ohpymt32c2wmgfe,0.0
5kiligimay53sjky,115.7362295374709
227jxomcf5uil2g6,0.0
rol6spm322eso7qe,0.0
vksxjbymzlfiwepw,0.32433985354531397
2ogbg457h7on5f5i,0.0
lsqnqjyr33drf6x3,0.0
bye62hbfdgqp3rdp,0.0
a7raeer2onkxaevb,0.0
63c2kv7h3nw4st24,296.4442997092063
jwlhnjeabw5qrxoz,0.0
5c7pdfpegqoxd5e3,0.0
252kjghldo5juvh6,0.0
iuc7cwf3hp3brjvy,90.78799423922217
hzltriqaaf4pvquh,0.0
2s6cjbzbfhbq7bxx,0.0
uz64mq7unolqel4n,0.0
l3qwjkm3amic3yef,0.0
bsdzc7nih54utndn,0.0
vdamtct72cmzisps,0.0
jdmok5zki3wmy5td,0.0
jzlbqkbgwdysgad5,0.0
2q4yqs5aimhwy4kz,0.0
hkrzdt4gm74s4f7s,0.0
j5it34buzf6hgsdk,0.0
fq33t62gf6bex6gp,0.0
zh4pi4v7rcl3mrxq,0.0
m4s7agjet5uk5dzn,74.2803786856301
uu2awmp3tur4lpz3,0.0
rmke43znyexcrags,76.05466210394084
ox33sz67kj5wxups,0.0
2rwvzs7g2go54iwq,117.35366656872102
77q5wm3pw7nlbrz6,88.6078734857328
wvdnp4lhzzaoksqs,0.0
x55waihealyiuktt,157.17945829814107
i2o2d755d6v3l3u3,99.62553448322511
qdyoqzdrommemgk6,0.0011460394509540052
q25koktmdqezce4t,0.0
gx7xg44u5ngx36rd,76.99497894695594
2cqa23dmf7qy3svn,0.0
gbe523inkbozixnd,12.041335410485463
pounc4ngdnxxqsea,0.0
35ld77itcgdahrzb,0.0
j5rngxrt6oaif4nv,0.0
at63mchlqodpp65o,6.90044929543676
x5klovmjlumjh7nk,0.0
xyidhqu53oe2vzw7,0.0
5gfjwvr7ijeohevb,2.033142297250095
qudqamrcsbmosanc,0.0
qpblt2lixehtjgrv,45.388032771513814
ckfyji4b72hlbz6s,110.48037754575975
xnmljkwljmgssuto,0.7022252236204102
324nrtyyylvjlpiz,0.0
pcrqh35sattm2lr6,0.0008001420396332054
aafo446vugxbdvda,46.144524273080265
3vgbkcccclyiohke,0.0
dbzoghmykgvuqyuw,0.0
e7ier4pe6lvrgguk,0.0
s73bxeotj7eljdjh,46.65884956708774
cncda4235poxsrng,0.0
gmj46uf3fhsgof42,0.0020592435338241074
2v3u7aadiajd4u4n,0.0
bg3wjijxtsoeuvm3,0.0
vnkjr33bp54twkdi,0.0
q5vtdluzurn3wu6e,0.0
d74p56a3jsnqluvj,0.0
uluidrrv7gyorsqe,0.0
lh5meo23m5nnihlr,0.0
khn4zgwkvxahvs3q,0.0
oxne2t7phflkv63p,0.0
z2syvm744myf5cz5,0.0
yydyvddenwnyuqk2,0.05323734735601183
qr2nw3czog42gowq,0.0
bzkupg5t4np27opd,0.0
4zpiepnu6lbseijs,0.0
v6pun7iaglpvulga,82.10929867130378
z67bfcvkee3tp3dl,0.0
gad25s4tirotubw3,0.0
i2q5emha4l5nyg3o,6.939122399636376e-06
a5mwcvv23ay4dovc,0.0
djgprfmaet5wfyqi,116.78637147274735
nn47hmzhsfmt3u2v,0.31540790279296527
5ajvor2zp3pcla3p,0.05115303347494893
p3koulku26n5nt6w,173.49688688185103
c6j47ywfuvd6gpeg,13.55894008427393
2zte3egsd2lwcaa2,104.06249299559164
clhuhjezpvb5uz3b,0.0
weugz4ta4k7o5pmu,75.76414112087204
bmuzyf2olz6yeltd,89.60679476955661
tsw3nvffmr3bckmu,5.881764198207461
cdbgg5njcfc2z7i5,0.0
tewyzj3xyqndfzkz,0.0
kkllpceg5vmwmr2o,0.0
3jf5mzoc5n5v5kug,0.0017791176172012432
bnwdfkoz2cnrblej,1.1115120160755396
oq2gdpxhiynlifdq,0.7434773201307119
exnikalahrrdnh7t,161.44439627169265
ks4flaazm652hu6g,0.0
2kjtlablfycepc7v,0.0
ymvsvesecilp5rfa,0.0
ccd2t3qiwogchycu,0.0
uvzp6fec2ugy47qs,79.923834356983
ptmzdkki727rtt74,269.60854990906967
hdqwb336ieqai4bz,0.0
foxymjcxlrcqv457,0.0
4vz5u4f5s6l5zwqb,130.4715095229011
tjgn2qbo7cepqflg,0.0
dffvqaa5hcv6kpvq,67.05172491630105
supg4mefhmbe2c6v,0.0
whyilm6srn7gduwa,0.0
cup5qume5j5jjypk,348.5448660656201
hufgbytjsns6vtrr,0.0
vgngw3pgi6setpud,186.62236358906688
5owhixhwz2xnygcb,0.0
5pjs2hy4vdxyo32c,0.06452103487931894
dgy4gtvqmff6c6sm,0.0
mqsgbm3w3utow7ul,0.0
g3atkyu4xpurhqxp,0.0
gls4roejdyfbciap,0.017380888646338383
t6wrfbe3arjweq3h,0.0
b7nv7jrpes7tx4q6,0.0
g4fqp2isyysvbu2t,75.37745637662056
64kwtyu7c6nmulfv,0.0
76fe3w6b7gekk2zd,0.0
wz2iyxl6jbv2iic6,0.0
65odws6evseznjag,213.31925216553668
wbmc3mekytmoxxed,0.0
3kw7hd6o33mfqfrc,42.79849903953097
n5zxk6abthomaeac,0.0
2irzsdttlvr5n3ly,0.023405971223645274
hyzqpyinyp25uc4w,0.0
63ajsx6nk7554l2o,1.1334315575466236
ky2kw43t5y5qq2mh,0.0
3anfcj3yvjkgclio,58.98820496050012
b6ljbq6gvlpfzkiq,1.1283950577275425e-06
6pnxcesc3msppuk3,0.0
6macmlvr32bpspvw,22.077668123187063
mazi4gihh4t4jsfq,0.0
ghhyv5dwht22f5rb,5.099089108956822
gmjne6s2oeu7jzq3,0.0
bqp3uyostcwmetei,0.0
qlzl7siciahqwij5,52.14626203632591
s3onet3iyormi2dz,0.0
7atkztru4njsyswb,91.54242809142576
duzl5jgie3o2us6p,0.0
ko4actegspdpbfh2,0.0
dpqnubmjhqlimvgu,0.0
wrdjvqle3x3jm3fx,0.0
v7bqf7sbccc7r44h,46.588240090497365
cdnporo4blnxfzdx,0.0
iiy7xa3efd4v6bcz,0.0
pjacwpl34s2d46dp,9.644680225518617e-07
qci7jjvl22llrlul,0.0
yjgvabxddfw753zl,337.2448247888315
rhflusbxpdwaspfa,0.0
7q6r75zfktlcqiyf,0.0
nxll7xrchutusmzw,0.0
hk4mlfp57cj3ild3,0.0
ndrdmer446e5oj5g,0.0
encd24x233fvvbqb,0.0
m6qk4sjjd55mbxwl,0.0
m3ry6q5e4h2ppgfi,0.004983619669759037
frjv6izk2hti2am7,0.0
zksnetrjo7s2qavi,2.335105278129142
untqgtvmefqflsl2,0.0
p24k4hxenvsu4reu,75.62417055896704
e3bdq6n7ygs4ylzj,0.002024147820258672
c4q433vikjo2iwb3,0.0
vvqtbu7zwggsycnz,79.25159746031692
7hznkv3imqyikljz,50.36156865381421
wt5hghuspin4bmxi,0.0
kgja65ag3q7nkke5,0.0
czbisqgaamkmm3nf,0.0
xd5bu3tplouqxcmd,0.0
qxmsnwbm5kjczo7k,0.0
23q5vgdx6z2s7wyp,133.37349794688762
zveoezbwvzorxwnj,2.2536921134007066e-11
sgwujerzjcwdxdbt,0.0
v55vc4vemlhxc65e,0.0
djbtqsfi73ow6uhs,0.0008468856340204464
u37oihdoizrkh3mf,0.0
xn7c4ex3d3k6bzac,0.0
i3ix2n7ks3gaiky7,0.000833474586907618
vid3x6nps4bac63e,0.0
yzhkuamrlh3hqkhh,0.0008711907314089746
qv3z2s7ubqxm2vft,95.50333828500709
5gxomsowe5rrd63y,0.0
fdtwsgl3dsfgpoja,0.0
vjgbzo2sgqghqd7k,0.0
ajto7uiztm46u6jn,0.0
lqgdredpyb7dgiap,62.917489048867395
jhx4liei4qn7ecfa,152.89718850124478
7zqpqck2sya7k2ah,0.0
apk25p2rlzokhug6,0.0
gnrtk3iqzlshn6g4,118.16216312047473
xtasla4dzc7yotvd,0.0
dvjes4kujbaj5n6e,175.6943998878666
p4f6lqfgetbmcihp,124.53853029210761
3fwi3cv7xws6h354,0.0
mjoxynufuxwg47b6,45.42753565397223
f42jmqj37x3nfkig,0.0
xh4xlpp7sxhz4fda,72.50297441439844
nunm7xsrmnh6l4m7,143.785510513627
tdcixo7nooozm5l6,0.0
3hzfnchuu4o6tdoe,0.0
mwwb5ih7jg2wauc4,0.0
yzqkxuj4pgngufhl,0.0
vao5bwu4aechbia2,51.14788479337065
qs5r4lrdtrsk4x6i,80.96100449192663
qcwznt3bpgws2zsx,0.0
vr7afoxsgrp3hz3i,0.0
jamm3uu2fyczamk2,60.694002831359484
eg66p2pj7fcp27y6,0.0
pydcyeazzsyxnobx,43.94478514113836
dzxmpqjt3oerg76i,247.03602314457365
6gfnm7llj6yypbjo,0.0
oataisuzugclxdqf,75.05248344695673
ifjjeusxwfpiqsmq,171.21198605807047
exphcvqbv7h4kitq,46.15809283572645
rzjxuewujhbysvdn,102.17965415519302
ssgcjxgun7ykjcyk,0.0
47eg5trcfvgv22g3,0.0
cq6y3k3mo3vf3fng,1.5400146631243228
3wolcwsic7or3omm,0.0
vzy2hjlzztmp3piz,0.0
4peekw36rf6zj45w,8.526137814493984
5tsxgwrfhsyvuc6c,126.06746226353798
jfq3t3dki5cakbux,239.3606078827678
c2epxwnfeqkrb34y,0.8980696605558001
tsx2rxkjjvm27a4v,0.0
fnyonqxu2gx3xgxi,0.0
4n3djqlra4viu3qv,76.36514230357845
xzynz2akh2uasbjt,0.0
fninb57ue26nkvfi,0.0
4svhxzd7maihtesd,114.88515843777394
z6nmy7nqg65475gl,0.17223109905840137
pubjsqaxvzdkmjpe,0.0
nuocuvusud6j7air,0.0
2jemjdn4g6qpfbr5,0.0
abnshz6zj2oudtsw,134.94584653565704
vgnnh7smtj3fs4rn,0.0
5felgomuqde6ifny,0.32165143163887716
ksks2cjgkb2rw6l5,8.56461479946099
uws7cltiftiwmcbn,0.0
vt4mpvlxmnycrjb6,0.0
jx7r4ed5osrle3jc,0.0
tq45awblyxy4is7l,0.0
qgvyita7sq2epcge,0.0
3dl5shv7fknvply5,0.0
mp65j6hsbub3eeul,0.0
2i2uhfwp3smrwnte,0.0
mqnasgovv4kov4yn,0.0
mvo246euot5bwr7a,0.0
vke7xwod775zbul2,0.0
oms5y2ksf3z2oczf,0.0
ztinaovwajxmjf6n,0.0
7hpuotdixbynms52,146.63437913673368
udzo6uqyl5q23z6n,0.0
wtuhakgtatrvi7mf,0.0
j3h7rlec3itrolvb,0.0
kzz7pirsqgb4emox,90.87190635073704
7u3typtkf7yepctr,0.0
yiqco6yxhflv2kza,0.0
w6u45a7fj5gzyazc,153.7247482709702
7pjrrc67yunugngs,8.765894706767721
gcd5iuzyyslhcudr,0.0
hs7yufm3l2ofpkow,68.03453769122311
svwdxoozp7meftia,0.0
gpqqly6k3ytzhqmg,0.0
mjqetbfnxxz6ygvj,0.0
ddya5fsuar7sfmjx,46.785520322426834
lc37dzman22dcpmh,0.0
onavwlec72f2zc3f,79.31655660320334
2hhfq343eqxdsk4p,0.0
encdprqfeomjathc,7.024816290844389
5zrppm5gozt6foyw,0.0
uhhaaefqzc7usbdc,0.0
pjjxfgmnqh53gh2d,0.0
uhzwqukfz7fqo7zm,0.0
57nn4mmbw6j6zl4a,0.004238433881861338
jrh2jqigpbluj4ms,0.0
cy3ckgsyn65oiapq,87.9036796876699
qdpq5ldk2kdfygec,0.0
s55a6ig5boz6apip,0.0
gt7e66jnkflcjzgg,0.0
w3wzsjlokxfjcijo,94.00843872238717
jcvpweagauioti5h,117.95028219486807
esxed2uovisvr7i2,0.0
dmx3x5k22rt24rrl,1.633640116353207
kpgweg3brk54xy2l,0.014634746034130891
evz7pezmrfpx3lzq,0.0
frqg65b7wsnzyk3j,0.000833805507133214
65hi4t7zshcct7oi,0.0
kztv3jwhmq7h52we,0.0
ufgfyxvdnnzqjttx,45.82784026567594
yssyx7imx2eueobt,0.0
jrh45grn4fwp4s7c,1.1511127040777478
dfwuncon6zwdgxgf,0.0
mvk5cjrsosqgcsxl,2.8266124873631726e-07
kbolyjctg6jcfosw,0.0
em6u4styg26ztgqy,38.76027401618633
fzjvi37lsg3khyjg,306.59180574899256
xvlqmbhcpakk655s,0.010261306988706505
yhzy3wlej2e545qv,68.7757900274965
4xdzufvispxtacho,0.0
nqnkakiljuqrvztd,1.248302693175348
zufkkda4vhm74sn7,57.31764244122423
xuyvr5fonscgepvm,0.0
b66zfcxr6ckz5mcy,6.394107312540765e-06
oo75fjfbzexsxnzq,0.0
f7ks6h54uhh75l6m,0.0
ie5cmab5anw2je7l,0.0
eo4zlfr4nr5j7y5a,4.777430439786221
twaatwwij7udj7pd,0.0
2iqqnbl3543jlrme,0.02373486012125857
2naklgy55k2gdirw,3.586269562044453e-05
qkldzkh2r5x74jnl,9.699199038910037e-05
i5g7glcaoj44n4mm,0.0
wb5zpk3ox2p27ook,0.0
4hlwgz7quxblhhem,0.0
uiw7y2ltii64ign7,37.915084129477854
w43pfvnt7j6437wt,0.02360689866018167
6psbodfxvtiqsl6i,0.037374928158053156
4akbrt5d4s2zmogo,0.0
3xbjvicwt647aepn,2.41312718440458
tchdjuhnowfzbddy,0.0
ymtbfzqumc72hdlx,0.0
nmw6x4qvoolt4ijx,0.5674446893120024
j535bqcp7guncm3f,0.0
lxilty3ks5tc7d3x,0.0
g2lrgayxh5w6c67d,0.0
2fv5qr6gpawsgg6g,0.0
4sp7pwn5byi6nfod,0.0
a3lyq3jnjhtxoram,0.0
kdn4px6kgxjponsv,0.0
g3f5losgf63k6lwf,0.0
nirpqtwflvski67l,0.0
7nxpq642yufp7s7h,0.0
xuuq2tochwf4o34y,0.0
dib7sx4kcknjdegf,0.0
fxitxbidfbiocblc,11.904580940900736
eis3wo5luthmivbk,0.0
ydvri7gie5acrmwh,0.0
4wokathcoct6bago,0.0
txnimvzyhqzy6wlm,0.0
ah7myzcfqxkrhqka,0.0
kmdgtohf4nnilb77,84.88429507917131
rya3kfacwsfvmbu6,0.0
3e74qfpdr6i4qmex,115.24128143707975
4qasmvuycoij2m25,0.0
6v23n2uft5bp3sxh,0.0
fsy6throqoiabmj5,5.446607707504778
bfgc7b7b34cra5b7,0.0
6kb343zeceydjuuv,0.0
qahjqh6z7f65qhbu,0.0
bte57cmxbsfrvkzh,0.0
yv7advtqebnukp6i,0.0
tsoldr6gxklnmov7,0.0
ugnurcfh3tx5ukwf,0.08212758655310749
hpzmlxahydulghmc,0.0
us4hxe35fmqnbsro,143.46278542300223
2jldhwyv4gzi22gf,0.0
pausndpaj47lq67u,0.0
hjimluh75zg25d6j,0.0
bjneo6kp7jvdro5r,0.0
3uhe5bue54issnxn,38.06868550153467
hwybmzxft76kv52l,0.0
5q4kxyqpxuduftff,71.14356249286884
4kx4sorcxvnv7fpn,0.006036642235110075
xamkavnoqhoya3gm,0.029240803816246587
45miumyeymygpyxe,0.0
cckyhjvcaguk3l6k,0.0
y73mbhzkjh4fozxj,0.0
tx2blrrornisyw6h,73.7218832117253
aizeuh3nwyfds4g5,98.31502386364619
aupkqdd653tb2iyy,0.0
tshp5pzvpbyf2sos,0.0
nkcpq5h6b6jzn763,0.0
nui3q73ptkrym2us,0.0
mvjscepnwgfv5iek,0.0
jrdhosmwbhwa6bw2,0.0
b7fplqx6phqxyfec,0.0
cyyghszkd3vgdlye,0.0
7jsep6wgfntc2cro,5.353148521060051
mlbrhxd22txwy3y5,0.0
j7jlsa6bcmllewdr,7.8864012154658525
idycutwa2bvlsi5z,1.2240490553726688
xn5eellzpb4e3m2y,0.0
z6y7dej6i2n34vet,0.3305529475153462
zg3orkdsiwgkolp3,0.0
67kss6mvlwfmv6n3,0.3722968135001683
u5kqxlfxi2uxctga,4.6045908730186495e-05
vx3qgadbbmbdmola,5.784823626960495
c7irmuquephhbwif,0.0
tpt35ebqhbwbpcky,0.0
m5k3flt5alxxqamz,39.84403264479816
g2ozsj2uh6jgfebk,0.0
gtq45czqpxdtyxo4,0.0
dbmx7v23hkmcax2l,0.0
43erpx5jd64den5d,0.0
dwwlw7kf77ko7dev,0.0
6iohjhmzeud6c3ug,0.0
kbzb3ctwiv4amneb,0.0394613151429036
sjhbm52qwwuikigv,0.0
hqkzpswwqdz3k32s,84.68235803185618
dyx7mltkh2abh3bw,514.4090362203873
otyz5gsaypufckuo,190.00127952595454
vfdbz6lg4qy3jfoi,0.0
3txk2ba2b6h6cvjr,0.0
qm2kff7zmxilo45b,0.002874417245539288
rxttjr7fls7edsra,0.0
pzab6hjcxlpdaflo,0.07956157151657711
iobnol3aiz6thmgg,0.0
4ww6davbfkh25gv4,0.0
peo3kouvfm7chkgk,0.0
6tk4perckq7ibdms,0.0
c45atwd4ojxhqore,84.44814790542677
wwygjky7xcnczwnz,0.0
f376ejjwkfndeltl,0.0
mmyujqkhdzts7yor,0.0
itxzzqbiidtahm3c,21.9534939925666
mxomo7sop4wttqsp,107.08221088200844
wkyftxtsk77bzlfz,0.0
2sq4uaopvit66g7c,0.0
x4h64yevpwjzriol,0.0
cebjfnwvna6cukvi,51.80765442864917
wcopjhvpd5jthhk3,2.2536921134007066e-11
mocfb2ylfdyjvvqw,0.0
a5byisymgkyrrlgm,0.0
um7znmkxjaa7ugpl,0.0
37swqfitsjqxhuer,0.0006604203888521099
46q4iaxvnkrkzfet,0.0
6mqr4mkum2q55eo6,57.32695073946113
xqo7sgk3alm5tnxz,0.0
6dmrlv2shkgq6pj3,98.96275716686101
g7abcbndfvdofgun,0.0
dgpmvtofoin6cdvc,7.584879545202312
cvs2wg6qencvzyxq,0.0
pvgkb6plevo2jxuy,0.0
u7qiwugiaybippdc,0.0
xyxipot7u4xtmz25,0.0
hqhmdfpk57wqopj4,0.017955144182002235
fxidtjlnnr43ugs7,113.90440022731109
2lvwetcdyooaqvah,0.0
kptqwrfcch56rkjn,243.91348937236262
3dr4mkswtwe3vmgt,21.7542318859425
kiz4lt7yg4yfgvv3,0.0
hszzz7avtvzaticf,41.93104244013965
5fhev6nmvfycsqzu,0.0
bi6whzkpoere5rbd,90.89395811222943
uee2x6gp4mnimxd3,0.0
sjzfkicruuaqckvi,0.001928716844532808
p6l4ggd5fbwm3rlb,0.0
gprqprbf2nvkqope,0.0
swlgi3xavc7cxjd6,0.0
of7xfhzbkojxmg2g,0.31043563075242653
dawmgxjo4hb4lpef,0.005289298668991288
ows7ibnvj6ije3bm,0.0
mqlansq2sopiaady,105.35436699122278
k53tn26ikzuhj6mp,3.85506210772315
g3tp36lqkes3stxc,0.46441781278362065
5jk7etv6xn6ojghu,0.0
tc2dqrjyut64wavq,0.0
i7kn6yqexrcnyozy,0.0
xqxp5i2aeayqke2q,0.0
pcdpj6yzobbgz4bm,0.0
koebisogufaywrho,0.0
eud6s4wb6hmf4fag,0.0
236ycgnrsbcy5hze,8.768712881742701
5uzz65xecdowmfwt,0.0
zdo7aqsxfmy7tlku,0.0
ytuskb6ic2c6o3gi,0.0
2efbwkk7qpevedc2,0.0
327fu2afoz7uf2zg,0.0
nwxm63ijrfornr74,0.0
ayvrgbdi2po3hqgq,0.0
eowtdfwscqcr34dz,0.0
kyhudzdi6zqksmdc,0.0006458190891707293
vc7idiswftixbt4r,0.0
rq7qtshnzkbmf4cu,0.0
tljogtwufdtxyuyf,0.0
qzkkhtw6faambbfr,0.0
ip4crnrzfyvjgiup,0.0
venvsja45cnxkkpp,0.02728918826516316
yjp376s4ci3mvskp,0.002361635297599027
s75gb2e7vqjodxvz,0.04204864439682985
4k4ndoa44kq22fug,0.0
uiiqst2xhcyq3spc,0.0
ainuh3heb6ed7zcv,270.457730799146
6g5uowtdgi5hnuxc,0.0
feuxt444lw27ec73,1.8116893340527864
tn4422wzdy4jknc4,0.0
erq4ewejrvlvm4qq,45.85264884467771
niwd7ocwvp32r4pe,56.42513653867866
d2ryhx5jbjdkjrnz,88.55445957950074
hmiynqe3vnjlyntp,0.0
giihk2wjeojeyp6r,0.0
3f72z2xklh2uymwt,0.0
vjxzjt7xavyp57v2,109.66020436899618
g2qszqcdkhqfkpkq,2.7638020799138605
577b6ovqa2cgqt3m,0.0
g4ngu4nhnzhrqjq6,69.98958348117533
wkckc37w5nfhwgpd,0.0
imragubqbjp7rep7,0.0014181816328807677
gdme5qrx32ev754j,0.028126405597062355
vv6b3cdv7auwk3ob,0.0
aq2ylosflgxw7ijs,12.907208009224416
in3ocsmmcac7z4df,136.13657431395023
gauostptmd7fouku,0.0
442owi7hv7cv6wtp,0.12069545385886891
4olxm6zb44zoogky,0.0
3ylhfoo3ghcxwoqm,84.15165367511119
i2cd7uie3fto5m6o,0.0
fxsjsoljyz3v6yqg,83.82318698452278
ob4t3gg4kgth5bti,0.0
pes5rsgof3nthpo6,0.0
iyvdlsh7jbrblgkw,0.0
xjc5unte5qipdhp5,0.026542058983379947
7acllr2fumuwwynr,80.47116219959484
wdtsaewyf756h46f,163.3397669860754
oesh5dyiubsytu4z,45.77027189566851
jvabhri3cu7cluli,0.0
qpwjtzkgrpot4f3o,0.0
kfqdhturv27vfeju,0.0
6zf3tj6pjpbthp3q,88.82311860554879
kky43mgpzavo2jwp,96.12029889075976
u65giedf5ypq75td,79.99235851938609
ojzubkqzpdurrqlg,0.06898461764543296
csde537axmxqaqq3,0.0440125416526067
6x7fzgas6dkiw3xm,0.0
hkfmaymsj62ad2dc,0.8252959541435299
ga75nvga24bxboak,0.0
krb2ah2yd4jtzegc,33.86996808507475
hk2yafjaceaq4wo6,0.0
hwkixdsm7cqxiszr,0.0
4c5uj4phjbmtjjcm,0.0
2bqinuf3xp5qrrws,0.0
74sbboix34s7vdul,0.0
ti4ewk4brwevi7xt,0.0
e5ykfthm3m3mxcvu,0.0
dkqfq5ullua3jmdi,0.0
q6syfpngw7g5ywoh,0.0
vemjtykzgtoimemz,0.0
iszggth7jvujinmz,0.0
b2z2z3ubecho6dgl,0.0
zspalnac6zwcai3q,0.0
j5dyek2m7x5gtyyt,0.0
dkcoml7frbfhivvx,75.15693004132278
sula5hnil2i3t2v2,0.0
hdjrpunbwvnexpi2,104.86526701254603
m6yqxnqsctvxeh3n,1.7820767151070256
cev2p65ijjlsa7nq,13.257771644991548
zb67akpeswmxgx2g,0.0
emeocq75jizoj56h,41.42357486271168
evgwdm2th2wfpllk,0.0
4gsmisnpckyjpy5w,114.93159776866753
33nquivnkyykfcgm,27.55220310627927
grb7r4ebmv332h5b,2.2536921134007066e-11
wy5k3o6u7tbolcak,58.531738748941436
gflkpniqvzcf22d5,0.0
cgsd4eji5rjasatk,0.0
uqecyddbfdssux7v,0.0
j7qld42jal5uo55j,0.0008173946801057936
sdm5xmf5wkwslntn,0.0
y2fnvze2npajpisn,0.0
w255ebbct5bzusye,2.1255224247019777
yois757gsrolbi36,0.0
liqq5zyz4jzw2zmo,0.0
vzirh6ca2c37htn3,0.0
eh7azsy5w5g34sew,0.0
qr3xxsyf5craabk6,0.48679143908704553
evrja7r7qalk2xm4,16.471273468574054
sxgzvdxgnqtkomn4,0.0
lt66k4xs4hm64dbk,0.0
ladd5iocomgd3kct,1.6852547066766213
owucnxyjijufojrz,98.60945935367951
4w4icskbyuovl5ed,0.0
meufptng7jatm4ge,123.07776592538245
lwvy6obd474ly5tp,1.790775883833382
o3zkzbqg7efybhzu,8.593077126609098
kw5xzq3vnyztubf3,0.0
dk54oik3hphnt63d,0.0
6bz5dkaemf4j5rab,0.0
aspvlffoxlqorpsk,0.0008335313661499116
mk7wuihxqkdocsbh,1.5962927743186577e-14
hzmyffkdwel6ciud,0.0
gygjhkpyoq56kut5,0.0
uzrays3lgwuqw57a,0.0
ngwr4av5g7dpp5pz,0.0
7v242yagnvhehlmi,64.30493009773036
oc4b4gzods7s3oyl,55.45892107677536
4gy2qnemi265dtug,0.0
ijjtp7xqbafjvm42,0.460944306945737
hgu54oks6tdhdeee,0.24618202285879084
etuli6mjunpw6hs7,0.0
pjy5yvqfamuxbtfa,0.0
xuv4yfg4ksepeug4,0.0
m3d7hyghfgwjqy4r,0.0016832892860346282
xsswsgxqlvspktgd,0.0
guqztpueakml7mom,0.0
vxazmhfylmtamdau,0.0
i7cxdsbhra4g357a,153.96811020718917
atyqqd2lhwdbwcti,0.0
zeeqhj7mzzazkxym,0.0
p5dibirjxnyvz2us,0.0
tepxnqhyprrbm56d,0.0
vi2kzqo6qac5jyml,0.5457564121027043
naqpsk3qfdfued4l,0.0
wagy2ivukk7oeurd,0.0
b4wr5h4hrq344kys,0.0
rnhq6lscqvsuthns,0.0
quzl5jqxkpfiznam,0.0
6e2mlb7nrifmvuud,0.0
mornw4mrekixq24g,7.732191419465972
vbscbpl2lwksxlz4,0.0
ya3dihid2p7jnblw,0.0
3k2cygckrh7p5hu7,0.0
b3yl2gwo3wrzggku,0.0
q6mn3jtapx4md3bf,0.0
ewmxkfl4yudpocgy,0.0
bdd2auwbsw5turcr,0.0
wblebx4oj6xeal5n,0.0
k7phbntj6rofa7fc,0.0
gqhljwc25jo5m7pj,156.69031260614042
ihdsleo5p3extzz7,70.30286618125504
274wvhh4qo63rxup,0.0
2nlmxzjuk4hwrv7e,0.0
n6wc2rm2ymmyhrbq,0.0
rhsvve4c3feeaobz,113.6656244071983
bzcup5ts3aotwv3n,0.0
22ufauzp7e6x2l5u,0.0
cgt7i65alo73345i,0.0
dw57dju37mvsoeui,78.28119661970725
x3o37rwjqgif2fdx,62.14645010683743
ebyta76msw6tec3i,0.0
t4dnossfos3cg5dd,0.0
2jlrcd4xv4bptdjy,0.0
tgax6z4xg4hw7oy3,91.75020482269
r5gitvcyd7y4l5pw,0.0
2s3vcdbwarwjruwv,49.027220504474265
b3eznw5dt4kj2ci3,66.94698662531123
jjrrompzfgvbtxb7,11.800003325595396
2vqskn4ueanh55qx,0.0
x5dtjuuzbfo4crpn,4.508135070058753e-05
dnmxgjcldvgago42,0.0
ium7dy7nbf7zhhiu,10.711470173364177
hcck7sr2l6kkciv7,0.0
qot3ae4gxsba73ii,4.546042393195777
fwwdbro4yqmjfl7t,0.023431314590241604
jevphiwkvgag2nsl,0.0
ry6h6qf5lgfn6di2,0.0
yrgxguugr5kieaar,0.0
fg57oqx6ink2mcm4,92.16804261034468
vahfmiuut57pogeb,0.0
ytreuz6mg3iccm4m,0.4773405684559457
ispzr6vvyvjea6yw,0.0
nbpdnw4nvg64gt36,0.0
26gt67dass3flwso,57.830906103622475
7aadr3ox7pbd6gaq,6.157297872773637e-05
ok4nwpwgvbe4wxwb,69.2796988640408
dp7sm7stdmbzq3xn,0.0
upyfdww7b2ciea4y,9.116948164647605
c6dh5yqhrgug7qzg,0.0
jtcmj4acllwjzhri,2.0580084175784092
47g7kzxp6ingtbel,0.0
d6brtiyfcpe6pyr2,191.51300801296352
yrz7dts672scwasc,0.0
2v4glealpdj7ixbf,79.57835216025511
zj7evucdpcysdg4y,0.0
2ik7klh6sbibibdc,0.0
6m6ow2t2prxr5ow4,0.0
x3ccsc7a4rdi3gx6,0.0
evee76xttu6meb6f,78.30249304386
yf5r6bhdnaygpcz3,56.16419471090626
o6bp7heiqkdkmhxk,54.370779879834174
afyvgjgsu42cl3xc,0.0
rlyyw6nfyu2ynwyn,40.11870812132306
bmmjrwybjnh7ubnc,0.0
sttafxhk2etobuum,0.0
5luncheqmx6zf25q,0.0
2qvq5ktvha6nhkxw,0.0
mjnwycidypisx3vn,0.0
jtdz43szld7txqiq,0.006585466008536909
paevbd2btdl4ygcy,0.0
nwpkppey3qeufrt2,0.0
x6bnbyuqeu3s3awg,0.0
7jdqwad6zsrj6ycx,0.0
eh652vfu7jc2buxf,0.0
bgexthiwdriz6vll,0.0
6rzfyy2ioodx56cj,0.0
j7uj6hqgasdhplfe,0.0
msjrr5tfh3smrlul,2.6459458502446616
gwrcg7tmmale3uzw,24.97652472144797
o2onwalrakqzgeig,0.0
dpy57k62udfw34ac,0.0
3kjswcmot43xpzpd,0.0
mbjx45il4xt4a5ng,0.0
j3goqc42wk3r2icu,0.0
ivofmsakqenbpirb,2.097297013913852e-06
nuqs2yxhygm54hym,0.0
dhnqmtffzywvxrkt,0.0
l33xls2xw5xdqelm,0.0
pmlolx33luibxwh7,48.55682351715919
377vzkgm7f6hwkj2,0.0011778778709773086
x3ia7f2szlrmtdvv,0.0
76gvkfzwmpapt3yz,0.19535474413260265
zybwetn2uebsgo6k,0.1879634315426326
l4gy7rn76cnzmbgx,104.85735418737144
vzcrxe34ygeuygbc,0.0
wv2pj4macpyanxfh,77.97687601871925
4rz77okyfdycc4oj,0.0
43nfhok43gtudlcn,0.0
b6rkr6w63o7dyg3f,0.0
qunzdafde2upjgwg,7.558991981940339e-11
xno7hokloc2et4zx,8.02397595196453e-12
rc3fazzntksmmb56,4.124660347200684e-05
mvhaahsekfhk2gbz,89.32127515123335
sr43oj3p6cutvqkx,0.0
we2yl26a3yyzfabe,0.0
esh3n5g6mca5ik4a,0.0017593292707893196
ypvdejpcv3u2kcwz,93.35136801071181
vpjjqkw5db6cu7ij,96.84529991444025
rach6ztefhmxgzzh,0.0
d3iqzx7bjvdwfaro,0.0
difyiv4aq4j2ep4j,98.63024914021693
msm7ycmupuod7p3x,1.6585859050157539
c3zzomrk6o5ei2si,85.54369217759972
fcu5iltfv6zb6xp2,47.56250477078877
3n5sfqvqqhlguirc,0.0
khhslgy7huwpd636,0.0
tfln5gfv4fbbk6ni,0.0
gk2j6kj6qg5fjfeb,0.0
4nwmxpmntqu6hzng,9.79432568492492
yeuwdwbv7vtokrrl,4.031218182667968
4jocxg2dwxwc6ziq,0.0
abezrfhfusvndug6,0.0
dr4srhtnfczi6sgt,0.0
mm4o5aum47dkk3j5,0.0
e5cicws2xkvbvo5j,0.0
634ng3nivjq6n3oj,0.0
y6xmjbdqtcex35tl,0.0
jzmvvz3mg4xh7ays,0.0
p7ddfngvtg7c6oma,0.0
o5xu7fnl2ek6fp3f,0.0
wff72tjh4ugqgy46,0.0
yb4uq3kaeunb5baf,0.042650459420996774
apf7x5ze7mqid7kp,0.0
ub43xnsp75vty5rz,107.16460102031166
lodhywciogm3nfhg,0.0
v6mytjs4w7e46ibo,0.0
iugkiyjhh2sxpaq4,0.0
52smgxk5nlhow4iq,69.2728768799962
ngamrrs6jnkjjcga,0.0
h6br7lbil5haxyo3,377.91321654738647
eia25dve3q64ngpo,0.0
fxe437ny5k32uvlf,0.0
ls4azonhcm3rgwsq,2.2536921134007066e-11
6qgzs5foqrel2sxx,11.283681015993293
cfjmtc6tm2hwkz2w,16.251489647034703
bduhijy55prrcwvx,304.89239271517494
urdwtl74uhlecmp6,2.2536921134007066e-11
pfownliyyyaso2h7,0.0
gyvqmgv4b4iur3ag,1.1710373739692097
ppjaydbbuoer7baj,139.46510274256042
relhslmvkikceoza,0.0
pylzxiv63ioupl6z,0.0
nrcl4lpq3rpksu2u,0.0
tr7reihhh7qzta5c,143.37572229115924
7vqwvb46kb5st7wq,9.542122706971156
j2hkylado3ja2oqw,0.0
6b4nprikshcmmbua,0.0032401723083772213
wt7tsefvch5qfdi2,0.0
4lnyaqa5etfp3zbs,0.04511821274684655
2unatois7jq6xcmt,0.0
bqnpau54adzzc2om,0.0
2waq6pfrhjxnfzw2,1.3039215805411402
sgbiqxtgrv3pfe4y,0.0
uc55izfwvvofakoh,101.94844320350774
k2va4dmyoickpvae,0.0
svo6offhjvk4gtxu,2.447470734136369
vk6kxlfhoc2mgvwb,0.0
43lzgka5ovpj2v4s,0.0
fbiw67buzaxpkdsl,69.57304749728787
3vbziie7sv7czazn,89.84291721940781
5tkpmzxoplvuv6gz,46.17490989039061
dfdyajkuvalse3a4,0.0
goow4u2iufnnil52,0.0
mnobuhuz4srv4kau,0.0
oj4hbiuvw6xgaa3h,2.174855322302221
fghmmmva5qmjr6ea,0.0
u6bvxgp2udc7okbz,0.0
olwdh2sszzlv5soz,3.22547917508281
hkyyjsenxfhbsxh7,0.0
rp5f6tdmqtm6ewri,0.00024011756458328082
7upuwmaxxf5jwefu,0.0
anbslkfcqv6pu2bh,0.0
fihs6mpmybzmbk47,63.916284649340355
ndf67ama6wqzsche,40.560981688249214
c6uin4q2bvvqgrre,6.072945722501262
uigsrso2tet6rqyk,46.84644583259141
n7m244mp7i5tfuzu,0.0
fhl2tnengrk47xqy,0.0
kxhukn2w4tb3cyzh,87.815613792624
caqyn5jq36ytefsi,81.15383826392264
lrl44nv4t6q3ozxf,1.088109811410589e-06
dwni7bsptcuag47z,0.6286958803108965
pacdzjk46aeit6cy,381.60490626562085
p32ar6bfanbhkv57,0.0
q3zxffmuuwmgepfx,80.15503094472518
2wer77mpavejv55l,0.0
yjbxszxxvdt6riny,8.655401729095163e-05
vteyp6psitkrw667,0.0
pcym7j7j65fahwcq,0.0
w4xzqvsfdehzmbdf,0.008683730145617548
gbeit36htwzn5dyf,0.0
dqo5atelghu3zhyd,0.13190162401426403
7psniko4jzlbhepj,51.07367215050754
p6xiwx2kwxumlxtt,161.5126297929496
a3gqksvcilh7zuxq,0.0
zmym7ibomd5dpgxp,0.0
2p7ytzpw3bdhiibp,0.0
vqltx6a366cz4ji7,0.0
uoz7l2be7nusxqxl,0.0
jei3rl7suanprwnm,0.0
7j63brrdypzkrycl,0.02804085141856895
f65pwg5oow72wo3u,0.0
4u53ubblj2n6kwvs,53.71612095744227
dxtsfx7vj56gmtpv,48.597889847283525
tvbuauaz64wf3wpd,0.0
ojuglg7c4irva7be,9.736887766824561e-05
p4ahpvpz4ere73l5,0.9719390844152019
23mxyx67s5fgbea4,2.2536921134007066e-11
bvsv4akfsfoaualg,0.0
xavvv4jpqg6zpwo5,0.0
wwnmhgh73g67wsld,0.0
5qbuwsijd67e5bfl,50.525525588606826
igxwdrh5ye5tlsof,77.50775757802417
teezx2wx2th7v46l,0.0
et5bx2y2qqxhunpd,0.0
zqc37sp5ylb4cutx,46.788161381440624
sywmx67dvi7d6nde,0.0
bpoeef7xwibagbtl,75.05330526998787
ylx67bh3juiylrt6,56.34138865473326
jc4ms53ljyss25ru,77.54214576244917
ea4rhiricaaviqdi,0.0
joiuxndonwtzmmae,0.0
kta5yz4jazuqwpz2,0.0
2xlzk6fygn736mb5,78.98368378286854
5m4zfuqtf2qbkswd,58.56092609732647
rpl5ezl4ainn7gue,0.0
vfiabxclesvdagzw,0.0
al6a4sanjdg7ymf6,0.0
wsficsonhrmusuno,0.0
2wpbsnaxo3nhzbbg,0.0
dubmljijfzdqkpvc,0.0
zeo6ifzf5n77hpcc,0.0
r2jjfythuz767hf7,47.45201413176727
dlsj77mtal2goakl,0.0
u6fy5izslmuurppj,5.095873058335931
q3wye26rbfjt2ndq,5.075572094577706
okytzoj34mua2mom,0.0
xluoqggvsufo2y4o,0.0
gku2h6wpairsp7qu,0.0
al33rijfp3c4tval,40.33753764130032
ft2plx75n6gxsy7i,0.0
evybp2xntpfsczcd,0.0
sjv7pvfxzog2pws6,0.543751184765508
avqd6ebzikhhulzi,0.0
wdxsf7lk7j47kobc,0.0
ca4sd5oabiqmjjc2,0.0
ilakhiugihh5wz4e,0.0
uvueoq6p6dyuuopn,0.0
z7ensnfsuj7koz34,0.0
az7c3nb5mwfj3vee,0.0
4muwwpzc3end5abg,0.0
unxdqcwp3u2sxhma,254.1134406158751
tc47acd774pzb2wz,73.60958899731202
yshizdpep3htfvph,0.000833805507133214
elgqh3alefml2ars,0.0008453644506339967
5rbcjlvhgl77tmcr,0.0
c4qti53sj7sttoog,226.56058918447428
vniz3q3z6452yevr,0.0
w3urwkpnkw4ie64x,105.34052550183998
s6q4muxxfihsfyfn,45.17026124922846
aixfjuxienugi4a7,56.97101687444845
ozdya3pwsjcnjqwq,0.0
b5canqnrwvvomshi,51.24804376281564
q6ll22cv5voslno5,0.0
sx4kxsemqci4ig2h,63.83294251849717
4qjd4d7r4xz6qiv6,0.0
4erfu5pdbx4n2bkn,0.0
vovmij5tlkouhw3t,130.4561345510909
web6x52o42rc3vdu,0.0
lctis5vizmnnyfyw,0.0
khyncoeddattcuzm,0.0
l4letb3ryh5s2hhe,0.0
lodapsq2rzib635y,0.0
gnjtessvv64g5j76,0.0
2vxmheifcisgddh2,0.0
dyeeajmvv74hb7qh,45.09420899376494
zvwy6bdkppeuya6n,0.0
myrvve3sgljv6dd5,91.8343130168355
6imos7i53gbajird,1.320919050691587
57tr6n3aysnataql,0.0
cgnrbg2id42hriyj,0.0
woldoppx6pc7fbpu,96.40217716160785
6rcdaldo27zgektx,0.0
sp3467sulgzfkg6w,1.1499146658438641
6wz2mz3aocrjp7mn,0.0
xvrr65td5xthpbhd,0.0
sogrovosxmp3xufq,4.445235166324424e-06
azrjkdnwqvacqekz,0.0
chgsxzp3bwochqim,0.0
e5pa6vda5aim3o3g,0.4781200068640561
jyglbewsoln6ppq6,0.0
ymlg5bamo35r5vbn,0.0
3zudgk6quxehebnp,0.0
lyzgo7jtnagbrwxh,0.0
gpwc2ocqvtea5jdc,0.0
ztkitiyfxa25qxzq,114.52575615947228
k3z62kud7by4hrab,0.0
ubgp3dx75d4vpm6p,0.0
4edzqtumhavkhoau,76.70676318927599
t5e5fuystheflrqg,0.0
z3sqkmlutnlcmprm,0.0
ks6ec24hvr3pmmya,0.0
idv2n4xhi6bzbr5z,0.00025730993762645694
m53367kggl3lch5q,0.0
fv2tjm4qtqqztvyc,0.0
k2dlzbjfyeb7lqst,0.0011780092966965617
ps6xj3heyy7ofjqo,1.5962927743186577e-14
qmezfmck6h5h2kij,108.52046160194848
5xhziv2phgpofwqk,0.0
tmudvcgheksvkrk5,61.49875613534862
kp4vlwwufbjz5o32,0.0
r3obrfkdtx4djrlv,0.0
seiv4bvym23ky47u,10.023957572174927
jrsuclogzqewdgns,0.0
unh5cu5xyj7qdyxl,0.08518724171219907
bq6ulrxfdwf3g3s2,0.0
jdsl65d4imuslcox,5.089729759714446
oyfd5ebz6xabh762,106.87496348990229
bgvbsmn5jizae6bc,0.0
wdg6uxilxn7lp6kk,0.007117750526703598
tje5vtg4wcfb3dqx,0.0
3zgujvopedl4fh6m,4.5427234587284255
hsldm2pc5pfh7m4k,0.0
45ygfokbt4d2qwdt,0.0
ughiknup2ezwod3k,0.0
t6d75ip4pc6hycqb,0.0
3e44oly4fst52nfc,0.0
56p2zyqazrz2tjmu,0.0
ypfurfs6escmw65h,0.0
w5csxwktkwrwqlhy,0.0
elccaujub2rkmmf3,0.0
exngnnk5rgdsegxf,66.59320254793542
q4t2liax32pddpja,0.0
bfpxfa5jjmspbdos,0.0
kkggzam7m65yjq7b,0.0
goyr5gbfmauevkgp,0.0
lzn3biuexiktfuas,0.0
fj7sxji62vg7sb2q,0.0
uo5zboy46jbcwlzi,0.000833805507133214
lmexrmlzmi7iq6zt,0.0
l3una6owexv4nrax,0.0
zjrsg6wrxqunpg46,0.0
d24ddskj4q6rbvqm,0.0
5ugjfpbocqscd4hp,0.0
aao5x3l6y5kqvlxz,0.0
dit7h6ad2ctbqvqf,0.0
2ygix2fojsoi7v4j,0.0
2b47amozmuzff6gf,0.0
qftf6dxml2sdizrt,0.14079504122597075
zhohk2sy745ogowe,0.0
fbaejm776unrwr2r,118.26674509092078
ilbpht3b6ekaemkh,0.0
gpvovkkx24kqnk7e,0.0
kvz6xymko4jnmmb2,0.0
oagyj2snk53khfef,0.0
wsbyzogvvgl3s3qb,99.85361075835615
pu22d3upkjkdkp3b,99.74104277139884
6qe2zpowftuchr2i,0.0
x4nnh5obzdac6uiu,7.20715749942747
wd3khcvxttqccghi,70.66122205964662
ooh47u74sixeikbn,0.0
uct6obgbmclqa4l6,179.78176086901084
outpct77lc3qmnyr,0.0
ij7wx5stbhsygaj2,0.0
2ljvfjacenzdhlar,0.0
mgyoqc3l2ofiy5sn,0.0
jrpu7lqgzi5zss4t,0.0
azbet5dcjnk62nic,221.3358123843893
tikkd6kve4k2tyrl,84.70005685743261
yl2loqezwbbfws3m,0.0
4wllyfibcf6qmv2p,0.0
u5wmv6fr6bpkpuaq,0.0
m3fnscpqcjqfsrpp,189.40898629286255
lggueiij2456ezer,121.72323795655359
zxdohm3mypbhreo5,0.0
pved5uxxxei35feh,137.24388504445648
ixqhlwgy3aehy3er,0.0
aho4q22qfj2vr5iu,79.36966753277088
7ryxazzl24yfnkl3,0.0
soc7kvfyzbhf442q,0.0
ons3tuonpkqtqsur,6.139781419777017e-08
2dqwppa5p4pcgy5o,50.17035396681526
l4q2meii4geqtzn5,13.55208561259446
kajxslo5grhjej44,0.23235762850430233
obrpbtjduorqfcmn,226.8883949854387
fzberw764hobkioh,198.73511937048676
2l367y2hefnpqh7z,502.4652621322681
acxfkcji6k75ncxo,0.0
ibz36ntevhxnr2eo,0.0
lfnk5gryfpr3zhb7,0.0
gtj5y54tslrascbn,0.0
olfrrnfxl2vcom7d,0.04074423644639938
kgkzq2vqdvt5qff3,0.0
xaxryfofem3xu6r3,0.0
jh7dqpzwe2gaiqvf,0.035151779197625736
ccc3pt2k6bmv7njs,0.0
ug2ncigt4tvwffig,0.0
cyn34a6dyc5qyerf,0.0
ylnjoy6gdz3rpkwx,0.0
la6dqzoggjgeydiy,0.0
sad3z3oi3msgchoa,0.0
n4gocr3eitjt3nuq,0.0
omv4i4cgtjjsnr4l,0.0
4cmkw24e5lv33xmi,0.0
kucygbgzqir44jyf,0.0
kyd67k7b67qoa3ok,125.32211927083787
ts3apk7phggscsuq,0.0
2zm2fvwsitjr7ou7,0.0
2qcqhovetx32cmna,18.24930915156063
ef3cr5swbeaoqen5,0.0
7izeudzfrbqj52ge,0.1768282068822168
6rgs4dl6qkfjizjr,0.0
djtft4n4ov65m7nw,0.0
tzjmbq5wqdzverf3,0.018612586048286455
iddidszmkbrda2q6,0.0
c737kk46wjjhq6th,0.0
sjuuz5i56hyu2y3g,0.0
mfriz64pn73mee3g,0.0
dtaforgvpilhpx4a,0.0
xuzc37gofruhorjf,0.0
tmbblrjfb5nbeblk,0.0
b4h5to3yjss72lxc,0.0
tjdeamrqrr6mqui3,0.0
qzzugocrcxhv22em,176.6043872480396
vhfvjbsxavxtf2gy,0.0
a2izut3lhenvdnvl,0.0
lfz36aj5omx2cfrq,105.56007007852972
xxle3zclzlyozjom,0.0
fc6oh2dhcubl5dzb,0.0
n6udiz66ewmx45jj,198.16821786194149
rrbjyi53vq6absix,0.0
eprjx4oy3y3lzjfx,0.0
d3c3ib4mxmmqti7h,57.81993681415679
abz3ipsbfk5ius23,0.00016873202534303574
ikryucpco6accntx,0.0
rrcxiwz6m2b5g6qz,4.132582143240018
op3zfpwyb5yfyntl,0.0
axxfstsyklubtprs,0.0
3t6buqpebcmindpp,0.0
qnz5vz7w7z4o344a,0.0
4wou4wqvr54md5hw,0.0
ex7cq2ktxzw5lfgq,0.0
3ss2xw7aiakawsac,0.0
vr7yktr3rym7cvlb,0.0
gwrzsamv7mcvtvi5,155.16700496386272
wfp6vatgyzyd2hpu,0.0
xjo2h6iix5gvq5v2,0.01243942249558792
hq5lcaj6shrsfxz6,113.31021598462698
dczq7kohr2iddpuh,0.0
xcf4644hr42l73ti,0.0
6srbrjh3jn7zbah5,0.0
gr7gnj62iwy5c723,0.0
c3jilkemtqg32jqm,0.0
5vof34akb3ckkpct,0.0
7tbiszblm4jwpucs,0.0
4swe2t22odkq3jyv,45.864587998040236
xqa2eys2uvmqnmzf,0.0
fiqfl7u4yvqnqb3q,85.78283596343337
mr6pnmorkpiykcgd,0.0
vbanohpbfz4v3deh,78.87343724045328
4bdtwmh4tiunzfiu,248.56802362802364
ucjzahwyiz646bjn,0.0245785917777836
7k6nd55ed5tnhxkr,0.0
5iofwpkvma5gmkby,80.13235784419732
srrlx5gextuy4b5i,0.0
zjx52lsgipf54yea,71.63511322445413
z5n2pcjcpqfkk733,0.0
i4vauhnihwppfxqq,142.70206546005647
7ycs4sjfvagdgm2g,8.376065244176699e-05
4azly3clrsawc256,48.66687203602712
xiflvcvyqdyn7eit,93.84524792744644
cfrw4xz6icbjov3h,0.0
ws444jt2mtrlt4cz,0.0
wkkw5svzoeztvkmk,162.1634971814711
qxfs7v4tsq3qkdwc,0.0
fvzogqjq4kx7f4ad,0.0
vvtbyamdmkfrwcwa,199.73977245381693
bk3haemn2mciqcul,0.0
ty3twt3ynfn5im35,53.33471154257413
uywiziru5ijthelw,0.0
bonivzp7jhjbicb7,0.0
gnr3adzhuifwz2ul,0.0
uoagpci6eef27srf,0.0
wsyhcqw4htftql3v,0.0
n6c325bessi72crb,0.0
x2ebwsq3spcxky7p,7.66085092597506e-06
fhgzbbqyj7e4rqep,0.0
72gmbah5rdmkr4s7,0.0
qjawfe6a6ld76iaz,0.0
nuvhufwve6ibkusy,0.0
a22h64zn2j4pkcy3,0.0
hybosdxggz52izsm,0.0
lz2hzxh7qhorihmv,0.0
ihx7cynnqml5yhnf,0.0
5iis5pab7jyyo4g4,0.0
diezvlbtupakljxl,0.0
nhha2nf3x77pu5xk,0.0
teswekvv7n64qqtq,0.0
wqoex4u2sogppmcn,0.0
4zx7xnxvmmrhydyb,0.0
tq6ewptz7gnyudik,1.171764806484704
ccltovtjrwl6prhg,0.0
hduo4xsy4ablbiu6,0.0
tnmjenv3nvikvty5,1.1173778540089747e-07
uzvu7sgl6nv6uldm,0.0
7buw7vhgsc3rrg53,0.0
7n5js6njwnzmzvu5,0.0
kkv5waqafefwqvwt,0.0
hn4g2fags5axqpgu,0.0
icc5gdwdtdroc36s,2.5600550665202917
ht5tyqxiafor7uex,100.69320291367211
vjc5a7ntwcio4zok,15.65450486456966
gwuct4sijrjakmt3,0.0
qfyakot4mlym4g7m,0.0
c65onjlfoo3uazcq,0.0
bwhxhfcj772keedy,0.006268851197275842
pe7tnkj7wlk7vozd,0.0
cqiwjrzqvs6srhxj,0.0
jigu5423fnwlhrvo,0.0
pbr2mhffybmnrlyi,0.0
7gacxepn7rlcnu5u,0.0
4ojx76qadsqvh2ha,0.0
whb2sak7czap7elu,0.0
n5c2ca64i6js7m36,125.05918381122646
xu6ngpoca22yt5fk,0.0
ybrd52lidxn2edqz,0.0
wwl2h7w5hm2qpluw,0.0
axstviqo5trtjdr7,60.58813426903566
luxdws5vdklfbgpr,0.0
baw7u7a333wypfs6,0.0
cnqcxzf6r5nolwll,0.0
4ptzmnr6hr2frqmn,0.0
dbh4omuprg53tjdt,69.74838199940295
oqtsbx32psu56ylk,0.0
gph5qyohmjycmcbn,48.69451416382283
hkfim5ecytbskoeu,0.0
7pmr5tfzmem5fgny,0.0
pfdxp2wedrilfo6i,9.714882642242822e-09
ky76zhlx4nljeu7t,0.0
s25vcksjsre3n45r,115.28137478780243
pu4isj64kkzpa5qs,68.84921169565287
izwzg47klyks6nwm,0.0
hovwsitspfzgdobz,177.3481354639302
alah53n2dfpurhay,86.29289497614296
u7nfjbuyzo5gxebr,0.0
nqxd6jv37iv2tdf2,0.0
66oyxcbsbyledo65,0.0
cvyxyky24ajw35s4,126.54331343176716
54hgq33r4lzzetr4,0.0
y7i2e32nvr2umsju,0.0
fja5bpe7w5atbt2c,1.5962927743186577e-14
axlr7ksalmnaoycy,0.0
pbskngs7bgbsyaup,0.0
73w5rhxzftarihis,0.0
xzncosqgzdzuxzs2,0.0
nvi3ajwbf3s7clje,2.466529071128265e-05
cjeztajzzd6xk24x,0.0008867448479068168
tqxykjukhlens7v2,0.0
5wnfdypzdlsbfhbg,4.689277025212644e-05
5xg7ykpxi5lcbmsl,0.0
qhwa7ni6gdk62l62,2.918882447632025
hwh6zxbv66be6ezr,0.0
csrzisybxflxfr72,0.0
f4u5e75b3ivox75r,71.78291715325436
tbivavyeuevhmuvf,0.0
mw37rmuo6qkix554,0.0
y35ul5yxyvrxlhsy,0.0
x7mpd6v7nuf4mx72,0.0
mufvlzxu2bj4xz6q,0.0
zv73hbyt2fjgi7mg,0.0
v2lxnvio32sebyvl,0.0
nqi3jue2an74cj5z,1.558881338246876e-05
qx47nj2bu54gwoy3,0.0
s2xouzumm442i5up,0.0
leqihvos5bs4m6op,0.466332445681973
njcm2ixgn4mltukc,21.824890018874637
2qt3y443hheg4i5s,0.0
xn6x5iq2gfao3tea,0.0
3aggw3nv2gr27fvn,0.0
esbclmt7oepn2ohf,0.0
m7hooitnqn2z2u6c,0.0
s3dhsx7wkfdruw7u,0.0
tdy4phbklgecza45,0.8521142743405234
7prccsmarnbqfcfq,0.17776632190822758
dnxwg4oxspg2cjuv,0.0
obqobltbxzdlabwu,86.81293672388857
gcer3fhec3xul2ws,0.0
b4evtim6rqqn5sm3,90.65482961483303
jnmrppgrdh3mh5q7,0.00012007342003988097
fjxc5qxmztof5s6q,54.984907242947465
vzue7gucnxg6sgjl,1.0722546728686055
wfhr7ybunhnkih4d,0.0
fxyuapw7d7yzjmcm,0.0
qicvrdqc262nlmnn,0.0
sbo6tvyk4vw5mdrs,0.0
u7vn2uhlgi6ok2t5,83.20330931580395
ectbizvertdw2bil,0.0
e7b7c67p7ownk3ts,0.17087801415193205
7knclny7k2lvi3lb,0.0
bpl53sbaskv6wuql,0.0
j76lustzmhd6tgfg,0.0
5ebmgzxpaicaefpx,0.0
tvrkglmlclkfo43i,2.8476931366183313
pp7z3tpqv5haakky,0.006714976247102569
3mscoupxdwx4eglf,0.0
7jerzymexvm6lgfi,0.0
ajx4rqzqdlahueke,0.0
6hckqebe4e4ebexg,0.0
v7xowod7jgkrc6vi,0.0
k2p36sabk2itifei,0.0
wbrlt2xj4ixizkow,6.058565770542548
x6rhpmrewswhrz5h,0.0
kpfu3o6idreqzyf7,0.14413138496699793
rdgn5ivfzit5vtav,8.48052216787099
tcdf5fe7c3uutu6b,0.0
rvm5goney4l32xwu,0.00023453559173561913
4hwhpjzl7vmivydc,298.47768472932967
pwguyftd7rqhvjiy,0.0
mrftt55fn65knfsp,0.0
24dtwwrcabau2f3f,51.615588800222085
fw3ko26xm6bpqnzr,0.0
t5clrydiucl3qwvs,0.0
tvzjwasldxtv3k6z,0.0
yxcux75f3fuuapff,7.646758689867965e-07
2bkc4usqaiyk7oiw,175.85707933358395
2ahzlvwznfbabbb7,0.0
c57xntm32bw4gix3,85.1123628669468
2umpna4gqc6dltfe,0.0
5dwakkshvkmivkjy,1.0309690346258351e-05
is6sgenzmzyb4vvm,0.0
j34bijbld43pcayr,0.0
cifpddrotcgvpv53,0.000406684919999987
evhdyxdrwejyq6xc,0.0
znnz54oroqr3gc5z,0.0
dp2df2w5aapr76li,18.751257875905367
f64mb46ibnt2g2wy,0.0
u5jgbb52rx4erkk2,0.0008336976332652178
ozdinsww2rz5txgx,0.0
6i3qpfqgxchesgus,55.55407806871481
wd2bim2mdnsbqqwx,0.0
vjyr5x55lpcnddgt,0.034435340903176036
p5w6fldtroyyhf3d,0.0
tywicgscvrztcaau,0.0
l5eqggveupznf7aw,0.0
7pz6i3qzlvhvms7r,60.351725001227585
6jkyiuq5xcygor6w,0.0
5mj2rdmazfuulqyb,0.07712998684437905
gdgyuhb4jhh2q7yp,0.0
eyawryhayptblq3o,5.654148526032687e-06
7rdeei3gyjh4quwl,0.0
i3kxqnimxgp677dn,0.0
gc42bknowxmnviie,4.956480474759131e-06
v4b2jw6wfywywrkn,0.0
rbz36tngguy2i455,0.0
2meflhquj64ffujh,0.0
ml5kzrimpu5mguxt,90.01955934399446
b7lx5qszmxthzq5g,3.8015927580971907
3mex3pczigqpwnm6,0.0
7kisrn6mvt76zf3f,0.3149289150325939
5634ibxhajoyuw6z,0.0
bad24tvfavaz26kp,0.0
bor6tk6jseljtfbr,107.12655329337545
ioyvbkdnpyurl4sx,65.7814910636657
raxtughgkzkvpul7,69.51769505888822
noxfrs6xu66yd64v,0.0
xzgcyvahbm5fgqif,0.0
2wpiunkxhctpmvjr,0.006762417513396318
cdwwuwigk2atgoox,0.0
bwampitrs3pvhvaw,101.99355121584206
gi5u73tnavas5y6o,0.0
3glgpo3wy7gydrh7,0.0
zhhjdhhhth7etzte,0.0
neh6fz66lj2pbx7b,0.0
k3filpmpud5wzond,0.0
6yj2qogtvvxedtqq,0.0
qnyegpsbxml3vrkd,0.0
j5jdwwotz7e72kpy,0.0
sxa4ppoaa2fjhaop,0.0
thle2p2pulkkpy2o,0.0024352080411932523
4srqtxwv3yr22ecu,0.0
us5zay73yrfhdvlq,0.0
igy2vqs5qctmf723,1.7490078651758532
a7kpemzsywcy3xko,0.0
b2q63lacwpy6ijbj,0.0
4x7nfk3d3ywmedha,0.0
c6nvlj7pmkzsktn7,57.79297385302552
vb34b43ii26umclb,265.68488593147555
xktte3sbnmpjkgzy,0.0
q7twyyx4ruvu27pm,0.0
bgnrcwqc7dmzbd6w,0.0
g7x3zqcaybpv3io4,0.0
6maossxhtnoqj3ff,20.18377803182986
3ykjz6qp5c6qj7mt,0.0
bdgxtxflcnaqknzd,4.134579093317722
e3b67ns4cs5fyixu,1.3498565824911959
4sb4kufppewumxke,0.0
ihfwvfkw2rj42sqa,0.0
jfyfhurrat2u6lbg,0.0
p2kqagvh2juuwsp6,0.0
hrn4sxb5i5agr3qa,0.0
qyz4cmoafodvdg74,0.0
gjxlil5rwvesauws,0.0
4tai7g5ji3dvxyff,0.0
m3u53urtw7zax3bw,57.49608921981881
htm6mqaby76m3fwr,0.0
4hjmadozc2q62hqs,0.0
emkjz66eqr4z53nn,0.0
cpm7yscq6huu62b6,0.0
pqsrovek2lf5ghub,0.0
n33iv5twdmysmxqp,0.0
bci33f24tbxwosz7,0.0
4rpm3ajv3gjb62u4,0.0
we4dffmirk2svdjq,0.0
xkyar4zlc54whg5d,0.0
suqwxhlkfildq5tl,1.0996876830759257
62fuhhgs2shzuv4w,0.00023158282142060073
rkgu72tfyh5ugfbc,0.0
hrc7iculdtj2ygh2,0.0
pia6guhw6wpjm3jg,0.0
cu3weh3gwosnhsof,0.0020843754184080047
ligccggia5c3odki,0.005097036598510004
p3yuogbg6h7pa6z2,0.0
ejnvhfvp7ptnmd3a,0.00030627664128578903
yumf7ww7k2zv7o46,0.0
2t27wocgvfsx6aao,283.3839784037815
vq6jni4nkvbbqgfy,0.0
hspi7sdmfryzqib5,0.0
fzijg64sbemuhorc,0.000833805507133214
jkhrzfe3dln4b7fp,115.07321471876153
ozu3xp27srlfoisc,0.0
xb4i542qextt4huj,0.0
5pbrblqtzwc3vpty,152.237630339814
u3r6vlxe5av2nmcu,0.0
n7tylnrnbp2xiyac,80.43033313215281
kizfxqwzdlrkgxfa,0.0
c4cm5bz3fqu7htng,0.0
muwsefe7wz2d3hqx,0.0009561257314281615
je3nul3e3uvnz7c5,141.1648218801023
cfskjpv3k3mmwupc,0.0
bqxzzonfzebxnwnq,14.550037275773088
asd5zwq7axw44b4s,6.567182440442553e-06
dkhsb4dn7k3f54mm,0.0
it7krntgztnlicp5,239.20986393859104
oxybks2knsxju2qo,4.060128229902842
phg4h26tsyigpata,0.0
ip7lsjhxyaxax6we,0.11846716421826396
yqbpqcy74j5vhhym,0.0
4nivqrr56ni62zvo,0.0
r2ciul4h7k6j2r6h,0.0
nvxno2np77bpbjxd,0.0
gplyr7t6sa63fano,0.0011460394509540052
77iy42evqg6n4jvp,0.0
k6t65jxkz7mezkvg,0.0
rvfjxsdm6bxevzk3,0.0020592435338241074
3dtgmroaifayt77b,0.00013930014090518872
rzlclkkkwubrihah,0.0
o5cum4bmcv3nrv72,0.0
hwv6i7niqk7gy2ws,0.0
jldkvxvjlcppfqjc,0.0
2swshym4sxipzvyn,0.0
tokchasvkumrxgrr,0.0
fnhb2log5q5q23w2,0.0
qpeaaknhu7aeld66,0.0
qjs4fv3ojrqxsl7x,2.8673242604799034
mqadcr3ukmvtcpy3,0.0
labxvs3f33jyswqe,1.8779906194386445e-06
bkwye7qe5jn22yob,0.0
hgqu3gcd2tcn4ill,0.0
7jx5m5mkd5otgu6f,0.0
jzxn2otuxisntzzp,0.0
kn6uv52hgpte73ie,0.0
vsnh7oi5dpt3adup,0.0
7tlkhj4s6kcpajmd,64.92067915930852
ga2veicq4dh3mqt7,11.504108261437704
ixcq4pxqkdr3nctg,0.0
efsqirtu7h4iysz6,2.2536921134007066e-11
btmpngo52nv4trf5,0.0
2kqjqjudir72oftc,0.0
3lvfbrfb323ey6xt,0.0
s7mkzebnpx6swx7t,0.0
7fqh2ujclxobi7he,0.0
2xlbksckgvpkjxgj,64.29206746420667
pp6p6f2pbmhiymvl,0.0
eytkagf3jbkmubaz,0.0
jnl3n7wr6csdu2mt,85.05113618849977
rlwbz67nlyhnzhnt,0.0
tih6mqajqcyeci4q,0.0
bqzngjiu2tvjvdxu,21.65396305674745
55oxsolaxqx5fsod,0.2300981309905294
jg6curd2hda2ksc6,0.0
txqqitsdyodavvsu,0.0
xy6g3parkicqtp5q,0.0
ncs7crtam4qvuecl,158.45345495629866
dv3cjz7czonvwxtt,0.056072725434824895
uhknlgd6zmezll6i,2.2536921134007066e-11
vqexjc652ndwhnfp,0.0
e5futreugulrt2qg,0.0
d67e3en5xb2ry4ei,0.0
kebz3oqrgfn5yv5m,98.57110617499436
epzm6hy2czhhpxnc,49.41091391634504
7prwf4qyjpezm3pu,0.0
r4uunpi7u25khvla,0.0
ai7bgysaha5hem4t,2.440007127923243
uzi6ix57b6camlnc,0.0
rrsnkslbev7jics7,99.56675335551309
ztoy2zxtzp3yqwu7,0.0
khpdcov2uqbe4xwk,178.45482830814404
eurnsnm5vh45e2u4,0.0
zbmnd5g3oenoktv6,51.19785532324816
k5hhebjcj6wd3q7g,0.0
p5rnzpnhmzh7gb6y,0.0
svrrrw4eba3zov4g,0.0
ka7cadbnxlbjnppu,0.0
2ffadslxbafhyvcj,0.0
6kryfesawpj724qd,0.0
3b5nlobf4a4z52cf,0.0
dbw7m4tomus55fhf,0.0
4povcuvziber4i3u,154.2663714662182
ketl5mht6qnaqvwq,0.0
fgbk3ig5r27ac74x,0.0
tebu626kuplcxdwl,0.0
ezrpcfllru4cgisn,0.0
6ukgc4qda2rdgugs,0.0
ypbcldsjbceyl2o3,0.0
alg6li7hdxldb24g,0.0
xipoozxz6x5dihrw,0.0
2bsukwrxfe3e5e6n,22.41210065641519
dfimalon3vbupmdw,0.0
dhj4aju6ruqhv46w,0.0
7wjt46xvaft7jkte,3.030608994188274
hg37dy6rwby2cvfz,0.0
mpcb3mpx3zf6wu7g,0.0
7bufirkgalnbbzvy,2.810808189178906
qhpwvpniuejjiuyr,0.9371401305791225
gctpgzormgkeimes,161.52999971650883
bumtmw2puy4ksksb,0.0
7pex5ha7b7mhoi5t,0.0
w6kvim6vnp2cdnhf,0.0
yig44ebgmwittgnx,48.45232828145651
c2y6h32aycz3rlsr,0.01907494188974698
ahbghdv35k5lr3up,0.0
jtgkyjwcavhcmd37,0.0
bapx2lf4kybsghwd,95.31422205596006
u7zfaz272jficfei,0.0
lucmnkkdtqlpsleo,0.0
a6klbunz646tuoy7,0.0
vviffmy77k3h3fqs,99.8276129591551
m57vzverdg4kkici,0.0
fgrpdj6avynngu6f,0.0
i3x6yxpaqe2oiinz,0.0
ewboj3thychbg74q,0.0
g6bygqdsryevirfh,94.47202594527747
55ypuxtao6ddfx6o,0.0
ry6hkrurnn3ueyqq,0.05774414992945475
4xbzdwqq5judsyry,0.0
6c2ghz7itsdqdpjb,0.0024977677713973086
4axnwi7ohx572mx6,2.2536921134007066e-11
nkt3ql4tl7a7mkma,0.0
olvuf4ufpy36gnhi,45.188260076449595
vntjuaepuhnq4v7i,0.0
nxx54y6n3ktdfluz,53.59508502523103
marrtc7v4ap5hp2v,73.76650503838303
jau6moe2lxajzktz,0.0
f4pebcllhdbcwq4t,0.0
3tpez2xq5jcuk24w,91.47527617966445
knvkohua7ztywqvo,0.0
wid4yxtjkak7v3nt,0.0
fxxofzyg75dre34m,15.106092095775702
pu3flcqiue6edubk,0.0
h7orugpyam6b3kua,0.0
olouitkj45hctlmw,0.0
amnf64paj5okiraj,0.5689660635096804
eqxvxlujogg5jxpq,0.0
hyb7ejg7dngfuzo3,0.0
nqtkfx3zz3x3stf7,0.0
br5y7pjk4xc425wv,0.0
smr5h5pxousm4hwe,0.0
tyrqkrjeex2zzwf2,0.0
rsjod4nj6t743bom,152.31728631211212
ibbghykmsjcsr4sa,0.0
3ip7wh7mn3z5h3tf,1.235769293241055e-05
adnxewg3y632k2io,0.0
djrjrnoui4tswwuz,0.0
rfwuv7zwq7iuwppd,0.0
msonhju2hbkrzddi,124.39452026613142
squyevz57m6wwedw,121.1173024061485
zotwb4m7zttcctte,78.81616126994737
zuayngoilehamlw7,6.321766231482546e-06
mexzwv7rowdxyxav,5.8282900274102387e-05
5bl46lcdhpenoysw,0.0
vkrmm23otmbbkze3,17.195407047917012
7discfcmufpq47kl,0.0
4l6w5bdvhyx2ucbh,0.0
gifacghp4jd74m2g,0.0
5vfxiuswnwpkl7uc,177.18407221564357
si6qqabj7ix6fal2,0.006579117341679451
pno3j3mtqtgd52l7,0.30644557725946925
x4lky6cyzqcht3jl,2.761845716982085e-05
uoybugbygv6tscum,77.97325235045156
gjz7kibqa4j7lq7v,0.0
rqhtyc35kp5ugayi,0.0
lcgkqt7nh54es5ly,0.0
ias5g7ublg5eknyo,0.0
gv6gbz35peicbbb2,1.307734960185532e-05
kotmelxxcnzegafr,0.0
3eyz6uqu2c36oljv,0.0
ke7f454g44f2i47q,0.0
dychuymwwlnfgado,2.386719176644577
a4ditiqsdmkcwian,0.0
xxyhc3qcczsyhvzm,98.10435643366736
bu4lavh6ytkfy4fa,0.0
j6oohgj4aexnukua,0.003912854554770484
vomqt5za5gj5lvei,0.0
btqw3gxuygkxyzv2,0.0
pqyii23cjj4pervp,0.0
usv3zkl35pjadbc4,16.798587169421456
rkpmgnt4jyiy5hnt,0.00033689775820615667
wea7bgpyuczxp2bo,0.0
35haxkg4zlothdgw,0.0
n43n7n3zfnjzvqv5,116.96949485953336
ex3amn25kkuvsnmo,47.971750305943445
zu3fry7v5gl5lf5t,66.71579311662063
egacehijbnu5oyat,0.0
p6o6vdl6hjynfmgf,81.99125087035206
cxg65rqlhgipzhps,100.57855174572067
qyejmqay3munk5gn,0.0
wbhjxywfdwtrt5zx,87.22696253703549
ioovmwuywd6kia5e,0.0
aou7ynzcyagfcxys,68.68917444666478
g7lws7j4jc6ilpoo,1.1638237159812912
v633upunzr5hfz5m,0.0
la5gqnwh6a4hbvnd,0.0
lh7m4klpppev33tf,0.0
gaxehll6nswezbq2,129.2440543799169
taxqirdxuervdugi,0.0
3o4qy4tmp644vbi3,0.0
xy52acx7oqzbeuaf,0.0
i3lmte2mvpv5v4gd,0.0
aorgtqd7wdlc6452,0.0
q6udrgkvt6tlmpts,1.5962927743186577e-14
brh76yat6rlpieaj,0.0
fvlle2v2obm676mp,0.0
42clwaspptdmvlhj,0.0
5fgkf4x47tvmfeej,0.0
76ujjxl2sbm3hjpo,0.0
f6wn5aewav2aq5hg,0.0
dubfjvdxhktyidal,0.0
grrk5xziqpgqegyu,2.9167894150933993
hr3c5yxul4ewewat,0.0011778778709773086
hh43lhdj6wzys6zy,0.0
3zylhgmkkkx2b73q,0.0
2kqc6cumyjltnp7r,7.817253187893553e-05
ej332bsxasoq4exq,4.316998671930455e-05
lsbyqqw5ez43gmr2,0.0
rkirrh2uordpffe6,0.0
lu66iciipn3medau,0.08640382201181536
raqktjdhy5i3wvlu,57.31900390989321
ure33azuigmbtlsf,20.176802784214026
hnegxfajfyvh4n6o,0.0024313359005128303
tl3zph7a47tao5ny,55.180532679744424
lgssynu7jmifggl6,56.581142542674584
e4sqgrfr7x7rynz2,0.0
jbazppvtv4in2eo3,0.0
vtgrdhlssdl4hvi7,0.0
rupa4ddl54jnt76j,0.0
6wnt2hjvqsg7jlsm,0.17955941852139587
xxzrkrf7mfffzkl7,0.0
va6tiwzyjuai6dlz,80.39679444282035
qmbs6kxvwyghx67g,0.0
s37gdn7do3ivtzkh,0.0
4jpy6z4o2klr7ydg,148.42115850594905
6rpraa5ges33sjyy,61.991335486130424
5cdvfnvtyakwhnay,3.4683002764671135e-05
mkjcp7goh4heud3a,0.0
aabwkgmq3kwsayqr,0.0
oyuueiypumrmchao,0.0
pepd6vwk5apmfw63,0.00393431870797413
dcwwymvbes5aucdr,79.78628335646972
gvprfcx6yaqebee5,0.0
lqoem3vbhfah5ajb,3.69634245699446e-05
bawfhwbuhdpyzf3b,1.305557329620021
s2cznxm7otiaf3qa,0.0
7cdbpt6wtzgvxhan,0.0
l53bf7akovubkwoa,0.004759209372531657
4ud7fe32dkkayfwk,0.0
ytmlskis462ck5xm,0.0
nwevedtsxxq6kx5s,0.0
cn2slioywt6i7gb2,0.0
sdkx2mm6yjlzhmkr,0.0
naehvgd52wpf4xra,0.0
vaznjjkwareadkb3,0.0
pjf4iutaornwgyfu,0.0
smnj7ross2tesmjo,0.0
542ullx7trhf5bfm,0.0
wzir2dxgel22lcke,0.0
cmiatblt4ukkdowm,110.67942351483487
xcnogxgqfaaxsocw,0.0
4fjzqhryygua5ycs,0.0
mhhh4wrollsfha5u,0.0
lwb7bf2zpszark2u,0.0
3olv3tg6fpkjto6x,1.7409044408048967e-05
5og6oipicylhkfmz,0.0
ofl44uefacrwaqk3,0.0
klv3aefr4x774iol,0.0
ky573hy7ejbrexha,7.815103525718377e-05
dvifgotcyz24nscu,5.040532126002704e-06
wf4w75q545qgyhkx,0.0
wsdeuvtnuzbbteox,0.0
gq536yw7x3fwzoos,0.005989507789264285
ogiulate7wy2lsus,0.0
o4cvrq2azpqdon65,0.0
2hg3y64gqpmlqgh4,0.0
lzutt45ezebhugmq,16.653375026385415
ccqfg5hpaceaz6nq,102.82963328662828
k6yxqdy67pieydzb,0.41027913820049094
ki6xweafusfqcgbb,0.0
37bd3f5xf5wwbqsj,57.76260204241919
2j4w5m3a2lhcqxaw,0.0
d4c26ry7yalccqcy,0.0
w3uxwytopiiotrfz,0.0
y2pqr35lwh6l6r2p,0.0
gtwjwws4kyq6h5kv,0.00045405672922143827
qfrdoxfd46barv32,0.0
yewe6f7arffmd2er,0.0
aqvlhibh22etd425,47.997920550228535
6jvsueikafyvqci7,0.0
5wxboben7sjynytc,0.0
6azqbalba5gk3g5n,0.00103338021616425
g4wlwkkdx45wlqqm,0.0
suvarnfknyvk5qbq,53.54144777707994
7mrdobqqjpcqruxh,0.0
njxtr4v5cgtxlia3,3.881702914874453e-07
sgarbn6p63bfxplu,2.5556164393054033
3msdntghbpg37ges,116.32296147609277
kxxh2gehhajt3ovl,7.05660616589504
sp45gvlbjm3udjr2,0.0
ffqqclxr2sstv7dr,6.3620478189188745
ympkis5qni2gzvzs,94.3691929300671
jgqcx7ryjbyem7zg,64.18963921004891
o6bmos5hek577owq,0.0
4zoqoxelkw6fddn5,189.60902634295593
myvqa6bjrl434dyb,1.5012005050016826
34xr6iwjmdhguckg,0.0
3ngou5gwjljmq6vn,3.6499291267755485
es5lkatlbv7dv6rf,47.65018831398728
bbvm5tcpaqh4sno3,0.0
xz2zjp5fmibhtifq,0.0
fnyopbwfvxlhsx4w,0.0
zfwsbvkczwadc4pg,0.0
yqk7xjusszouyjxt,0.0
jrwie5jv5uxevkke,0.0
lmr3nvbt7nph4ks7,0.0
b5lxzbghybhtsvoo,0.0
aqs5jn3hbzqe2chx,0.0
rutzbyg5srhpoqp2,1.530562681602469e-09
li65odh2vcdtf4aj,6.654449548131708
exslcramodltvwgy,0.0
j2xnsclvydxqkvq7,1.5962927743186577e-14
oqpdrui4potxxxgx,71.23069321879714
kxycesuhtib3wiei,113.3434286341154
7o3ygn5tsyqhrivb,2.2536921134007066e-11
jaru75sgp7l6fkol,0.0
zry43bdj5sx3ne2y,0.0
36vnwexnyrashzdq,0.0
xuwdhfzfm4nqhj2m,0.0
a2tcy734kdjjiidm,113.50057107896669
bw4qne6xpcs2ywry,70.83397116393668
jdivzg4iu6xmsvnv,58.037364263404946
a4ygorijoxmoe4er,0.0
bw32jun2ufcyjyc7,0.0
uyavyo5v3xdd2kfp,0.0
634daeikgcrbhwxo,0.0
rc3efe6fe2fhnab7,12.450595784674196
v2ncrizsiculv7yw,61.663519657734966
ge67z4fuhedxirtu,0.0
ksnik2mryo7reyjd,2.2536921134007066e-11
ruj4rnalet2bknuj,0.0
6jyrry5ehpi33jwl,0.0
ya3bbavh7txxjlyp,0.0
h37meav2itzd3fqz,0.0
exrmcjzlj5khfys4,3.1030771327770568
7thjji47htkkcqax,0.0
hl2v2sxb27kyp2vs,0.3441960265342453
zvo2xmm3fovsvsse,0.0
c2wg3n37npspj76d,0.0
ji6foerumk53qucd,219.65365857193342
yfflxddmcfrkp4la,0.0
5x4gszkgjd5abjus,200.11511417735616
l4d65qui7wwo5gvs,0.0
gr3y2umwpoupuff7,0.0
4a5e4ivquoc2dwjp,0.0
mdpxk2lxsokwhax5,85.96748130601372
gkyorusvxp3apk72,0.0
iyvda6p4zhennjxe,0.0
g2quy7n35l5mefcy,89.4674905419888
zjaarzrxgqwhpsar,0.0
widtmbryb7a545vq,81.63864764394121
uwip3wdqn7pa7h2e,105.24021008175455
jkrwtxnoeyae2qpp,0.0
giz4euy475ammyr5,0.11799270880762314
cy5b7exmvuqjheff,77.3767616467122
zff72ehjonwduka4,250.59854181830636
3uoko3xptk4uhm2x,87.77194391646759
mww5i3k7iw7hzwvz,0.0
n3drl44qh36ggarw,0.0
dj3yh5wl4nixkiqn,0.0
cv4jaj6567ouxl7y,0.0
ft7fan7rr3uwx4z6,0.0
5ls5g2h37cr7gnt5,0.0
woanfkytoxexxesz,0.0
7eyx6a2nt6ki2wsf,54.41956593731396
eixioeqtbq7hbqft,0.0
rqx5upww5alxt6fx,0.0
hygnpjtnxi7kirxd,0.0
wulgsdpyrox6snok,0.0
7abpnl46uz6mfjbf,22.208988177241213
avtxvhxyiq2hd2bo,4.7776573026044514e-05
smmzaoyhzaiv5h5e,0.0
y46d3vdzfoinxtqs,0.0
7mvapvk7tg7uiu44,0.0
tmfg3m3ew6pkapnr,0.0
aaigz3smrxv4p2ux,0.0
og5zkhgw3hz7f3ie,105.90399282051027
qjvtka4ilij3yze2,110.02052017826126
api546tlyb653hwf,157.59447585544518
kmbtmnogyx5lp7cm,0.0
pt4amkxvmqge2ojq,0.0
m22mcyh4czpxbqoj,106.82585653047992
6lb3hppv3fy6mmsx,0.0
r7pw5cgpk7doiqey,0.0
36gmcajquz727tse,0.0
syeuk3zycsgl6rfa,0.0
ybzp77xflm3jeznx,0.0
7qkx3e4krvzinvda,0.0
gitoernasddryeir,0.0
nkpemnw22c4fyjyu,0.0
3j2rpjap2spr2pqs,0.0
delakwll6huukrrl,1.45399683756764e-05
mqqwjhuco6pmtfc6,0.0
5anrwp7kpzeyeriu,58.52343783574764
rcvrpuw7o5herve4,2.5269427734428422
taoj5oph3uqd4c2j,0.0
mrez52d4aiubzmmg,1.6834167180342786e-10
nc552xbyppdnnjnl,76.5084835869723
ozrvelneo6ewp4zh,0.0
tfd35q2r42gb37r5,0.0
zdf4azjyrcrredv3,91.78312316446437
bt7ocebxr4w6n7gr,0.000833805507133214
qdeq3e5qx2yp4exs,0.0
g6vuajeyxdtladpu,98.0309578670004
rfthvxfo4ohzttnv,0.0
myvpfajpw7mppgf3,0.012711800290272935
cpgojgaop3is6ny4,0.0
etjfgoinjekwfgzz,0.0
n2l2s27433u7znbj,2.4852979836671394
rbjuh5dwrjln36dn,0.0
2cjnc53eufxnescb,0.31814432522125113
4farkt7rdttgrb2q,0.0
3t44jgbsgqxfgym5,0.0
o4ydvs6tzqcoxrzu,0.0
4sohjdg2a4ups5zj,0.0
xgoqg5x3n4we7yc7,0.0
q3k7t4wwtqikpu4u,1.1173778540089747e-07
sniokwpqdyqqep7w,71.45308724721971
v7xfixwrpzvryxt2,0.0
ejmmlgdzwb4o5m7d,0.0
rg2vcfnwobxziizt,0.0
7kpuyex7gf2ert7q,0.0
cangxlpove6ymmj7,120.75523377149182
xqa7m2d562rwkq3k,0.0
lqzp57ejhowolngs,5.150439719589477
6kzygibrcawkoyya,0.0
6x5jmyseilachia6,1.7830104859498883
k7f2gzbcsrbjoeds,0.0
ndvq6przsj4vajlr,92.301875376559
ocgvs5ugdfgo6jol,0.0
l4fdv2n5jfeml6jh,14.63845440466935
yg2ydd5fgk6fhmu3,0.0
2y3vrg323rvxn4sz,63.26707284490519
5m6g42xinvupfh2l,1.381409545873108e-05
xvyfxdpradivhv5x,98.30477274309301
l6cuo6gyo4uir45p,0.0
bhegcz42gp7fr6w5,0.0012367048034497062
iutup46b46tqsvtx,79.45893431453584
u2zecw3vjqtcphok,7.886448235630878e-08
7nkb7l3elpjmf6w6,0.019208543494037677
ddskuvyrd2qhaqls,0.0
xt6vszfhpx6vjjwr,63.50288954682959
kzlinmnvfcg2zrjd,0.0
46yrod5utokfbwnm,0.0
bebrluyq6lvwugqu,0.0
73tgc645yancfgjs,2.8566362632673705
53mjtd5kapho6pqb,88.47894704777364
mcoey6rjc4j5nqxa,82.66930819927293
6zqd4ikz4ps4btmh,0.0
6gtpgffocgzyrjzo,70.3754990360458
7q2vbgc7iqppvv3p,188.55579798733504
7vaufglqosv2ilyt,0.0
hihrfvokzlrwt52g,5.53496600097688
nyav7jxvjw2s524n,0.0
i3exqehxke4o5b3k,0.0
n775reu7yofixukm,0.0023252532916601507
hqs2wlrj6ywxl3sy,0.0
hutjont37oyl5ksi,0.016811849792379617
yihqgjmv2ihu5trk,60.67954474567429
nss2f7h2h33oidna,51.2905880895059
4d7tz7z5yhmtbovo,0.0
hlukod6ninex4swm,0.0008335313661499116
zx7urj5xrjd2cmzf,8.275892821062175
jolsfl2u27uml2ce,67.95139242214664
kwyu3p5t24a4tdc4,10.73161640918139
d6prmzk5k2xvk463,0.0
v5bqlk44heiwotls,0.0
yre5jgkxxyu37qrn,80.12225317277549
cooryafpakia32ye,144.32160288382715
sxdbikzij2lvpugw,75.58264210731778
pfcjuilf7wmv5ewh,2.567980135114815
sqltkwll7xdsw2ug,0.0
ixyhn7zm43vce42q,0.0
majabdy2ilvud2x5,43.67584805765066
q2iwx5wk6gr2kruy,2.231729233666357
p7rirsih4sxdgzhe,125.49662669804485
yiby47vfrdxzuzxx,93.4290063795799
s7io6frp26rcojhs,0.0
r27uzdasertfj6ry,0.0
jm6pvg3bbnratygb,7.994352051989001e-08
uq75faj2prcid5un,0.0
mqz3hfacvqfjyxjx,62.73834655082955
ixifoa54khpomyzv,80.84066396440232
rkeq7slbu4frofc5,74.01065276583078
fweoyp47uul4ghie,127.51455762554968
7biimpgxmz23rdc3,275.38487982676895
r6m346gaijxp64fn,0.0
f63xh6mzk26ykxwt,0.0
k3xfbntgip35wc5b,119.19216167586055
ogcgngucy4xwcjnh,73.15073757574731
au3lflckrmsxjhu6,0.0
p7npgxzq63ddptwj,86.39333905725783
jdwrrle7u6chzxpy,56.782684351053845
ufj3ve7cxabic7ui,96.67160918422543
vr4agtq63ofje6is,1.0779286343537848
gvuq63lg4colvwl5,0.000427217874606533
tas3lzidv2rc3lmt,0.0
uuiy6jokjfy3c5l5,1.088109811410589e-06
5mtgxhz3rzqjlp7g,0.0
bh22jkyqm7y7i6oa,0.0
x2ayyw2mrr64vwl2,0.0
zf5envvmxg74iqs7,0.00023862870169768407
ot7iwi2tozwlhgbz,0.0
3d6duzywyp4zz2p7,0.0
twrk4yqdg6imqgqd,0.0
iiatgc2b3cq2wzg7,0.0
75vckg5im2rpqqzk,0.0
hzhkw6raf2p4a6gi,0.0
6qwsfbsmwaqxq6kr,0.0
ar2ohzdljqaatuzu,1.3941283939956188
4rqu6xkavcze2gyt,0.0
apb5eq5c5butcg2f,0.0
iw3kestrgw657ivw,118.79900430875291
m7eioztrdet4pex3,0.0
fgaqpgvpy6d7yyra,0.0
euq3uaiuv6ba2dcc,0.0
2bgjazgg3k3qkm3b,0.0
hr26tbk62bzrxibm,0.0
naoqgjcpnhwsorsa,1.5289893439854473e-06
cq2ab4hy25dlbwhe,0.0
nas3lqapa77yc3ux,0.0
ttjlx2z4gamndd3d,0.0
fuuesgi24r7oaaq7,0.0
zwwdxw6gexobljnz,0.0
zekd5cabsjcuaf3d,69.04513805234825
z3c6in4zeu7wltqi,0.0
pme3f5dau6amkkbr,0.0
uv6jd4dymqaez4qn,0.0
bfpbrpmmad7geydz,0.0
wmutcxhiaqj455yw,0.0
xtt6py5qk6j3ayre,0.0
nohab4c6g62pit7r,0.0008335313661499116
wqsufncglabyspd3,0.0
un26frdgqempbc2a,62.00974693210943
t23ctimjm6cpoari,0.0
7rz3mbf53ngzeubq,198.83242655051703
kqt2llpmij3n4rew,0.0
hkxtlnjjlj3ioc7o,0.5043229842966023
uyo2gocnq53edx5w,0.0
mp3i3h3z4lgnl7h3,0.0
xujy2g5ldjzd6a3d,0.0
izn55fdlahak4lys,0.0
ghyj5l6zarccw3gn,162.6664539036281
s3ltgnzpxdahic7c,0.0
74dm66mbrmmnwqdv,0.0
63w32p4zycczpinl,0.0
ztcxrod4cv4wdyha,0.0
pihjqodh77pm6eza,0.0
fvqsjm3mufqrtllt,3.781851833972638
ji72ymolc6csq6fr,0.0
mt2tly5r3qpvdtjm,92.55970521865032
wjzpgtg7e72kmxdj,0.0
kcqghnvpnkubrslf,0.0
7hky2gb7mwwmevq7,349.97374404094023
iawgiv46tgkaohn3,195.5073585586906
jv3zdbnwwwmige7u,0.0
ujcwxs3k2v76r3am,0.0
ondxo3f537da4j4y,0.0061501438014440355
eiof7lwyuotliyr2,1.1173778540089747e-07
apnitzgjzavrzg23,0.0
bxxwuo23dcyx3uvb,0.0
2yt5niffk4b5gepv,0.0
gtl2rfhjh5gtq3sf,0.0
ei5cn4fpeqa7nxl5,0.0
fcak3vk34gzxs4jr,0.0
gh47yvg5xilk66do,0.0
qljpl75wsj6ci47p,0.0
3dol6bvqttm6rpv2,0.0
tp4gduwng3tyiwvx,81.86773906482837
ixsov7xnagdsobrp,133.2369780876453
pw7jpuvjsiv5oipe,7.886448235630878e-08
bffjose3cxe426fm,0.0
kevceekbmkby6ylu,0.0
vna5gqx3xecplbwn,0.059375949819679835
t746pmz3mmw2zbem,0.0
cyjzxupbpqtqfuct,0.0
p6xmf5sutlfuvd3x,0.0
vivwxfrsxfj24h4t,0.0
rkhdrrlir6hj2yt3,0.0
il4tu5ocrrtw7iuz,157.87983345811926
ggvxbuzn4jfmxjuj,0.0
jgzprqvplag6lcwr,0.08441783048997842
dhndlohr4kdc4usu,90.23728186698239
hfqrcdb4rcawl7bo,0.0
tk4xekl4m4nlxlwx,0.0
s52nof2waqsmbmwu,0.0
t47ydzx4hzvv7kla,0.0
rnwtvqkpz4xx6sdo,0.0
k7vpzuhncui3jc7f,0.0
i6vn2e2ddrclikuz,0.0008335313661499116
sqdrqm67iapxbace,60.79338197748466
nmcodsa2qpwdnnlm,0.0
ol6kwxmuw4czhfm2,2.9898723728207234e-05
h4szgbal5uvzaskz,0.0
3dlbwgp5dc7glt7v,0.0
2wji5rayo5avu27c,0.0
irx36m7gkfa42idj,0.0
ehjfzqi4aogxuca4,83.53331404455011
xl5y5cfnegprxlre,0.0
xnkync26a7ogwew5,2.944194780074208
3mpwz2ktahkqz6eu,0.0
jhu3xwx6kjc3aekl,95.24387914602332
tfrhxjubjjrzyxuk,0.0
h5crfnda2gwzd6bq,2.2536921134007066e-11
sg2h6fth5fkc4xve,0.0
6fsvxjo7jjnrascr,0.0
fxfc3yxli7cjilnp,0.0
axwep6kpr2htww23,0.0
pzsgienzwhlzel7m,0.0
vzd4bshmqejbcvje,138.7928955153747
upbk6z7qze4363gb,4.530944126517537
yl4mhnlnjiug5bwn,0.0
jpokkintnhjze54g,0.0
faoc5pbdsxb2wirq,175.45297290244628
rsejsldqj7zex57w,0.0
7c5xplpik24msb77,0.0008468856340204464
v3eu367d5u3np242,0.0
uibvph3r25zy2rwq,0.0
mudxzo3qufj5pdqi,0.5018574456712285
4gz6xfkpsbwmohw7,0.3287030839846179
4b7gif2uv6skcf6a,0.0
omahe2x5r36grtqg,0.000833805507133214
yskltfvlpjeu3gqj,0.0018229112967781168
xlfvklsg4fquwwcs,0.0
ysoantwnilkgclwk,0.0
jnbx2a3vjmwy44gf,0.03418921237074998
f72t4hxq6acqssv2,21.69884403146094
ergm7mcmwob6mmo4,0.0
rt3rdneodmwajyle,129.32334022136942
bbqyiqevm2itbrg3,1.5962927743186577e-14
yconkx4sexpp6i6j,0.000833805507133214
wxllk7ygekarftbe,25.93432711138929
7jxyw5hk35j4rymw,0.0
kngwqlpfh62omwhd,0.0
tfjg7cbpypkmhory,1.5962927743186577e-14
waxkzvo2zznlcax6,0.0
piforbh5nymmukie,62.72295323472138
lxidx5zsyolr3n5a,0.23390845094646234
vwsrtnir4zk3j2qz,0.0008173946801057936
s6iihmfhlu2onqnj,0.0
ahztpumaojig6kgv,0.0
i4ifn7t4et4jcofb,1.1165333451365217e-07
hkapjd6hxsi2r5lg,119.1245854129551
jgzqerbjy7cjgtlv,0.0
mi4yhgzm6jwx4j4d,86.1102929747373
ohpkwnb7h67ni7rk,85.9133506158072
4f3symitfqgpjhfk,110.10752548251801
vdingtlu4afdmzjz,3.3505743575557476
ctubbltcx4oq75md,7.434076100971045
xhbk4qy6gsdjf34w,14.07148592953008
udgu3jk7mwu7ww4z,11.639029102874819
6ejdjc5am3vqt2sc,0.0
7s5pb7yiqetkmn3q,0.33578765665778965
ledvmwu25iu3qzyi,121.8445800210726
fudh5clq2g2jtaxu,118.525138307879
axtza3rp6ouixaga,0.000833805507133214
hnwyulgsempm4i2g,0.0
k26ek5ji6xvhpfu4,0.8432675460064178
iqwe4imu7skmon3g,0.2701426544528711
zashgachc6o34iwg,4.840942966765669e-07
p5znx6ulldv4uln6,61.977575123160904
5zfb6q7c4sg2vksn,0.0
aag2gr7ewrlpzzhu,193.9763434523551
eafifasjkrgyzgh7,0.0
cpievrs74rkt6wmk,7.886448235630878e-08
rf4lmgxadtn4p4ps,0.0
b2o42sn2unxtha47,84.3281781931083
v6rpu5s6iobvkytl,0.24466298290992208
a4byjywtzwe6duph,80.0038521548973
rafy5xtx63qwoe2m,0.0
rmvqqzkeyvjjnzj5,0.0055092421439186185
aegkwryvfitjbme7,0.0
bwngclonb2bwrwcf,58.10499412337686
ralwa5ueseeplsvh,0.0
ahd5fo4eud5mmjgy,0.0
dwk3doeqxqccdouh,0.0
eqodhmto6d3f2dt4,0.0
bhtniujh6fxmbt6i,59.6308892236941
v4rxtv5kfnvowgod,2.767679335537305e-05
32jwpc7zhr5zphqs,0.0
q3ohids7omcdfvf6,0.0
o4zyfldsb6bqhh72,0.0
7lpa3p34jshhrbvt,0.0
ns3od2p6lhn737cn,86.51866114170441
rjbqqmbke5e2pihj,0.0
dmtswgphy57vmml6,0.0
jbmzfguyc5sc4rcp,2.2004315998240704e-06
y6mrnx5mudawh7f7,0.0
plcfcep3ejl3k25b,0.0
hphwby7nk6yvqbfg,0.0
mdamqaihmky2rvrf,0.0
2jbvccs7xrbt4pkb,0.0
73ewdcio5ndvnalf,1.5962927743186577e-14
desjwcra45lg5j4t,0.0
x4up67bnfbanh456,0.6065839538078531
ym4esdnp3n567aq3,0.0
zaahjuyhpufbxpop,315.2723246223467
suiktlgqjwmk5lpn,90.79144680366737
5yv3m3xnbs5iqtby,0.013518147596454559
ylh5pwyz3dazvlvw,0.0
2qk53lexlxmbogum,0.0
ubeijltebtksfx4w,0.0
hu53gzr5nypmvus3,107.67487263570729
aefrhheghkcb2xeb,0.0
bnkuirpowhae5n57,0.0
llok3vptk77kdatl,0.05288263714812552
jcbnpjflqofe5ees,0.0
24c2pod7aub722ho,55.28605729344972
cgplqhdq5hpntjof,0.0
e2symkiw6joa4tkt,146.73794068834803
lxhhetyr4gulbbqw,72.82075372254874
6lz4sr5ptgyjfjq5,0.0
mhv3j3xhczmkssse,0.0003314341878309429
oxzxfuklnyoakjqo,0.0
euj6dcmitj7ibjoe,0.05235545526168224
wlzyz755v5ounvqz,0.0
ea335k3vujg3xatt,1.0221134628235617e-06
ymn3kcnwdt3dgvbx,9.247705232802949e-05
oqwsxvebav3sosdd,0.0
7v2jyyifwyn36r4k,0.0
ihoiuygnatfif7xp,8.262899338420645
t2ueo5l6rp4tosmn,0.0
eiyzjsu6mcrvggzj,1.956161273138024
5wqzeuqks63jz24g,0.0
rekregxnke73imem,0.0
kfqpkuiaw27csxhr,3.651206042939021e-07
5dl2lvmbrbkmrhsu,0.0
ruswchtbxqrr4kx5,0.0
pmrk3v5fvhcrxl6y,0.0
pgzo5scsqzblblyh,0.0
jes2ipk6pjecvxs4,0.0
rwp2u3vmhkedps66,0.0011780092966965617
5vbvej6r6on7yvwj,57.57278366414383
vbmnqj43j4dmv5ji,0.0
frsi55ylruouq6b5,0.0
fy7jwwc32npg73rb,0.0
cd4erd35bfu5i7cy,0.0
aujul5xmsyhj4i55,0.0
2cd4oa3twhauodj7,0.000407355894055788
ikdzvxosdonqouow,0.0
vr57rl6y2pzhi2vy,0.0
jik7kglm3g4faz3u,0.0
6e7wxfr5bczzlsfu,0.0
artr367vbozocvao,114.21243454650043
mz5u6n6tppyvhcas,0.0
l4236jkoalrgrjsa,0.15558694879224336
yfoqjrumjs43ybzk,0.0
cao5tjw5sovgu7f3,0.0
piarzxsuqiv4upbo,44.573369011512185
gymuvqa5hvaegs4t,43.0174109410569
xfoozodpvokqkz2s,0.1813701857400027
guncd3vygcs3yukd,0.0
adsiz4foqplnsriv,0.0
qy42cgr6r5s4v3ii,0.0
ijiqystsw2vrjcfn,0.0
ee7ezgti4rwt6dmy,0.0
g27k4ez3vb2ugagf,0.0
dnporsbsmjzolwvp,0.0
seigmjiqmpii2ome,81.48536289122185
da3dtbpi5dy43jun,0.0
csxpwogwjmvvekqi,239.7331614471039
zr7hjfx7dcyngiqv,0.0
vew3tp6laqed2bad,3.0263420626969083e-06
fvbecc4zgo2fkyp5,0.0
fleycpbhgerat4ou,67.96621563546852
73lcybbc7yhzdyff,0.0
l7tscavkbogvhnr4,0.0
32pugo46ibkvy4fh,0.0
hllc2avx2i2ciqdq,0.0
q4bdji2nbqcmzape,0.0
qv4pavt5mtkwwwlm,0.5635660054221083
o7rqybndnyqk23et,0.0
e7ukhxsp4r2j7wcp,0.0
px2fahdrmcsks4os,0.0
5jydi6xuxpadopbb,42.985530618205075
xtehvgee6tll4k43,0.5080287724868704
6xvcq4khjaccryy6,0.0
k7ugkg2pp6opszq5,0.0
qonchaygnyxlouoe,0.0
zjclkti7dmhq2n67,2.958203547031175
oaeakpvsiduih4kd,0.0011778810753126912
dtfsxndjklhypqtx,0.0
3sis23hmtskbcw5q,0.0
3poivx2arv732uzj,0.0
m76hi2bghhl2xfuy,0.0
xhb5qbtiyhimyxjv,0.0
xpjibajsgnwdfulq,0.0
uj7xw7cysfkuct34,0.0
nhokgjr47v52xfo7,0.0
upellfxc57af42mb,0.0
rh376yo2uhb7mtie,68.27012627146334
hfyqkizq7oxvd3ms,0.010795144908835255
sbk3irr6ngku6qvw,109.98098559785655
6w7dz44yjwgbqsp3,68.25731849671234
xaq577ccta2gqwc4,0.0
chf4xzxrec6hggrf,0.0
memgikny7fb3bd3m,0.0
jl5daqfnpn7b7n45,0.0
bju3de4u4tgvazfj,0.01228165388613007
g2rc4aurmvyz6m2n,1.242278984566792e-06
scl6wsanfwmti4wb,55.419963068289306
4zaqjpytrxkpb36s,0.0
qlu42klbpikyx2to,0.0
jeqzgwnpvmgly526,93.63691245214268
iqsz6zq2yxmvawsw,0.0
rd7p2b52iiiokzus,0.0
hxqz3fzmhribrb3m,58.79269343186364
y73ckhg3xii7bdns,0.0
zpjauzsxkbieuewr,0.0
nwzletnexwl5g7pd,0.0
oqtocxvuz3rt27mp,0.000833805507133214
pp3h2h2qklt5zgu7,0.0
kfyoojsmrvg2rtpv,0.0
gzxedthevqsnssah,0.0
i3soie2qbm5jsvfs,15.273748562376673
r7z3ajxuajwobrcp,0.0
3sft4uaiv4mwqt5w,47.221974833258315
mqvtqh3osnvjwvdn,0.0
ktnv5vmu3fbkpouc,0.0
dkxs6ancoadifn2b,44.93215179093171
wkvcfabjgchgvdsz,18.77278021407918
zcp5l4g2osgiuayn,0.0
ixmv46uclikglzgb,76.65476680967944
zhnhxqknuem4dxeb,1.4044075504192466
n7yppreujnac6tqe,8.02397595196453e-12
v7h3t4bdadhsz5la,0.017180577676171455
o4dckxhgyjpkm55m,0.0
6cdwv42eokkxkedg,0.0
pw2e4ew5y4cwlcow,0.0
imrdoqx7sdr6wi6q,0.0
w3q3agstm32yay4r,0.0
ibyvnquvlkyhrbut,0.0
734fdek53yoaqczz,0.0
qxqbqagw2or5stux,0.009376505972555063
n4fxszwp7gu46vlq,99.48988931701973
mo3uexqay25ajvzd,2.2536921134007066e-11
zlm7vsdabrx74ixm,0.7105599752105628
ibm6bjjhhlaohoh3,49.71386440371688
qnax5ddno2oydm5d,0.0
m7r6mscw5hthtiup,87.26874047489378
3ehhhqrkyxrgmguu,0.0
rkpkq57n5wfextg2,0.0
4h2reng6m76q3smf,0.0
os4mqs6a2xi2klrt,0.0005797886951778607
fjuxtlthgw52g2lg,0.0
ok37gnnhawo324f6,92.97753575868323
zwojms6kqd3o5ago,8.02397595196453e-12
orlefpwtyuno5llf,0.0058277246200577355
uawdnl6oz45ojl5p,1.5669118817945569
db5iiykfyhsm2mon,0.0
3vnzohhaax44hxxk,69.84575569607009
usmzeu6nwygq64m7,50.12690839912762
aodcnva7uetcbqtf,0.0
xtlgqj5ws4ezs5eo,63.57799356066556
3akdstkvhapxtgap,4.811487314887881
dub7onfbodgxnezz,97.45721185930307
gyrenrylsqrufarf,0.0
m6wuf6rmncrj43ta,0.0
nmuqti4qn3it3e6m,1.1165333451365217e-07
unfruxtkhbbjcddw,0.0
mdepllhk6spr7qew,0.0
p2mzk3kuebop2qmc,0.005093303721492359
6atmsvautkpf4b7d,0.0
3zccg652kgw7o3jf,0.0
elpjluqu57mgsd2m,0.0
dazag7ntu6q6y54a,0.0
tscxgmhftjrrie46,0.0
ooduvk2dzefgn62u,43.48724705843759
brhse6kbbjzbtmgd,0.6961315023922164
5atj3njj4aiyxnpp,0.0
72w3q3eih4ceyyqx,2.7047212239438814
66mamkzk5kokvlk3,0.2282020608607614
okycp7p5mfw2yyer,0.005495458584908065
douo35agokjfjs7r,0.0
ezbo5tpgalgxacpt,54.78753447643524
mnywun4i2wa3sk4o,0.0
vvckoodu22ffzxnn,0.0
4ljq2ldrnvrcax5n,0.0
brtw3llx6gsjzw6j,2.975109991930496e-06
jyx6oatjewulprot,0.0
fphhguvo3l3fvzya,0.2664393013640413
d6mjoltzfgrvizhe,92.2109257502176
tb4mqhbtyfk3qlii,0.0
qrys62rlykvjkpj2,0.0
lndydvz6knruvkow,0.0
j7axl5zyw7a7fhjj,0.0
fkoxi7kfqr2plt4r,0.0
5atx7nxt5jkfyvbl,0.005097036598510004
urkel7bgx5mtfswa,0.0
5xtfenu5gdeinalm,0.0
eljwshd5sxqcpohv,0.0
ul7jyeagbo64ulqt,0.0
cu7jthimfsozgzbf,0.0
rpvzrd5vgwb4evdr,0.0
bsqfahow7y3v2bk6,1.5962927743186577e-14
strtl6gfc6stoyql,0.0
w7asuwhsqmfoxsci,0.17522165917972418
qpz3mprdogu4owux,0.0
w24ei42kikmwvkw2,0.0
qcagvztbjqgexy2w,0.0
ynyp634vjfccdbd3,51.48675874557045
nwfbilqznhof76tu,0.0
jzn3zmfioxlqxr4a,0.0
veab2v2uxzgoempi,106.991753837614
srmeer566dqor3ri,87.14908950556143
3keoj53qycseuw6m,0.0
wkig5qzslckcyqtp,0.0
uly5iopj2bm6ut4s,1.5404644447492817e-09
yjby2ti7oiym4znt,3.540335959350326
avvaspec3i652tea,0.0
gz5ywhevdce734df,3.1837358214968057
jgcpqp6f3wz6n3z2,1.1847904148784653e-06
p63ps2emkzid2tks,0.0
eg76225ryu7croix,0.0
6ypc4zhkkrxmz6gz,0.0
lulc3fvz2rfxky4p,0.000176372537364234
yvijjns5i4aedknm,0.0
isxrqnjwobue564i,43.33863037039488
2mlhcqgx74mbz2se,61.0758406148808
frbz3pgoyq3sudzw,136.97378867152773
ehrccd5vqswtasci,0.0
fwp6adpwdz53dvtk,0.023654994518604838
ffflo2ezirfv7i7p,0.0
5ks44k7w7bm63sw3,0.5608899747091822
4k652yljsj6ph7bl,2.640463052061482
zrinvmbgukrswddg,0.0
pdm4oh7ky2qad65n,65.65681899728645
a6q5rgoyiunwql7c,100.15251307120192
74p2kgj6w5khpwf6,78.32319880183198
avrkucc3ez6it2e4,0.0
slwc4qa3pmbd4kov,0.0
phlaclgctfrb7eon,0.32251401152597475
4b4cnohsowqfhrqh,0.0
vgzchokbdpwonf7w,0.0
2r4vwnjgw3fzvgwi,70.23418063058975
tthwmfsuxay2dky2,0.0
txc5enldimuynssr,0.0
oawph4blbhwsthud,0.0
vmp33tnhovrxjskl,0.0
nonfzzhy3d3ostqs,0.0
wiofyxr5sl3gqmui,0.0
whbz6nee6q2qhxdj,0.0
u5zffuyjyotpkp52,0.0
3r6wmqx7vz73y6v5,72.71855305307015
s2auhdz7bbspbs43,0.0
2lv56s4gzitphyhi,0.0
xirvarlfhstq3y5i,0.0
khfaaxx5miayudrk,0.0
3dugndvizlwilmc4,2.2536921134007066e-11
acejzsqzhajram5n,123.56257542524818
xxjoeb6xnbav6ywu,0.0
vbunwiv2uy63yd3m,0.0
bg63mgfwwl5hlser,0.16899654820112395
2n4ct75m2ywb2b6k,0.0
qxu6udijwrn4dhg6,81.63055827740757
rivi2mqa44oddjpd,54.92088039690823
nhfs33yhui5j6t3m,2.2536921134007066e-11
fr437ty65drl53g3,6.583472967711362
mjvqgk4nym56reef,0.0
rw656sekggivu26d,84.297747247096
uybqifqqsddgilcr,23.942649800136447
4rfbdahtdnzwkrvo,0.0
eho2vakqupixm2p2,0.0
bjmlq5dvam4nmhb6,0.0
smtogug35sydjolc,0.014661747463200411
ajgrbyzu3b7mrvpm,0.0
5lcsgehga6cglka3,43.49942709076794
udyqdf6a3ffdb2cf,0.0
mw3i6fnphgay44nt,0.0
v5sv6df7f2avcot5,0.0
bjkb3oafqgkixmhj,0.0
zauzgvi2kcaocimv,0.0
4uyfiw2tf2vlyomv,0.0
tgnothvgc6bckgt3,104.45842260398935
cz3z34brhuhg723i,0.0
ll6pqb7r3jmqnbqk,66.86114516371502
7k5tavyl3la7gyn5,42.704815098116995
uahlxzmx5zooeyps,56.99215272790573
46qnxvfertotxvp4,0.0
xvxkx7mdt42qbfut,8.02397595196453e-12
kme6x42tfuuuseob,0.0
ccowqwpshdomyogi,1.5404644447492817e-09
6t7lkrc5raq52pw4,0.0
htyuss5tmfff3avi,2.2536921134007066e-11
4psk7xahjmox5j7j,0.0008173946801057936
rlogjoule2ao7gda,1.5765687042725156
bv4oxrbcf4wgiq4t,0.0
dufdqwt5ohi3k2ia,0.0
3x7zsickiq5y2yei,93.25466506874415
kgpgpmnj4bg7tkag,0.0
kttrkco5y7t7qskv,0.0
j37jnddwgqg5ci44,0.0
hayhbhkrgwj3dndh,0.0
zv7byjlq7cmvksf4,0.0
vmushdyxzh3ottuq,0.0
pbyae6d6ksg4s6tg,0.0
3ivnoxtg3qmgeomz,0.0
nzkxlhc7s67tbvch,0.0
o23bzqchrplkmcj3,57.48167695178665
ufvwsoabu3n4osmz,0.0
pyce5vu3l3nvn5fe,0.0
hlqolpb5ptse6gua,16.165033313409374
2w4ismavocdg7p6f,0.0
3qk7fzq3iopqoqfq,0.0
l2vvjseru4m3yyz5,54.830037969697884
fi7jhmrrr54wnhzl,0.0020596744113673474
3or3sbgrte5afy2n,0.08231291887781401
myexa3lfpgkskime,0.0
y4afizcy3ddbt7pm,70.75498114619245
gmp3wyfahjinhmb5,0.0
tddot42gayut6s6y,0.0
ya54lqu35m4xsq6b,0.0
texyxzohgup7pdta,0.0
jhmqwyu2culgllxv,0.0
j5hccngyfi3xrpi5,48.201560204766025
2x2hkqywpqi6n5ey,0.0028719090817807534
7zyleuuh2i7f6aee,0.0
mple26ghlkchxpo3,0.0
jrv66cmsjczbt47q,0.0
ck6xl6n3cy26a2r4,6.634010690993246
hyoihtamzu5dqokb,0.0
4tlthds2mvy7y6bl,57.41208011717511
5je7uk7b2lcamelk,0.0
xlq6qzs5i7vf4vuy,0.0
zp6tnqacakoocn4m,0.0
danuqn6witgow7ua,0.0
tyshsvqybpcohfjw,0.006441309588825463
2moffxj6ihwyqosb,288.2263953491263
em5zbmbbgzznewjc,0.0
yop2324monxuggt2,0.0
xw5xqfnoa6m3jb3p,56.35495045204429
vhvl5ih6wq355e6s,133.87806742934822
luamhixazmqes6sx,0.0
quopnt5fax4bmdt4,0.0
zymv7333wa5gsgrw,0.003784939041615953
4nul5bb6jy27iimq,0.0
gevp4b3rccyt6uq6,79.20488575513451
soh6bi6jc4wjjte7,0.0
dp3azokahrf3cbn7,2.9951941650105565
hgzvuw2u4wc3xzyj,0.0
6n7qk3mgmex7aiv4,291.53308458727554
xu6q6mll2npr5zar,52.55428982124896
u5lyvc77jviuou5w,0.03136895782439047
d4lvofdantn2mxa7,103.06565585372562
vi73ptc5vmhulh23,0.0
xvwivcvf7s46qxxk,0.0
nrcjdypbjbgcerwy,0.0
3np5easiu4xjjnv3,0.0
ar3rh3c2pc6dexpr,0.0
aax674bgg5wc6jbe,0.0
25k44vqj7lca7mcy,130.49900241194356
2edgbttorgiys577,195.45715032773904
6sn76mye5vo3fk7h,0.0
ftjrvlapqaxmjuqc,0.0
hav6a2igizjjsgho,0.0
kwkjuajjsxfqn33s,61.744599054226285
g2x7vvodgij62ovp,0.0
osbiiyw3tladibuh,3.630099175286682e-08
3czkhhjras3q6yn3,0.0
gvytgnaqhhvvxrxd,0.6539865803486185
xacs3j5ocr5wxdx7,54.80193370093485
cxuxwkmqosnos6m5,0.138805763870537
ikr3jqwudsehnpye,0.0
sa5dvtjakoxztzl5,0.0
bbjfx5qlrrngnpkr,0.0
jsk354zvpksfjyyi,0.07736037755731033
5pj75nwcwcpulstt,0.0
u25dxxogijdgsdzj,0.15913927347460488
6r3fsnn6vays7esk,0.0
zlyla7k3mwz4nvfh,0.000833805507133214
bizrkvi2uo66ck2s,0.0034207641374012854
ttezhyr3opjmst2n,0.016968206010381896
kgxibhjbdenxw4lp,0.0
mi7r3mcjmxzwttwy,0.0
nwqhgzdnlnzthbzi,0.0
pwuqozrk6zqdvhoi,46.09376488151264
kwtahcjk3ibf6e2a,176.67131614672257
dj7of7dvx5245o3o,0.0
w4lb7cm3h6mcb2su,5.898875386269768e-05
3g2q4pofukzhlfof,0.0
efey5y3zszdclck6,0.0
kb3t4y2bj7hkhwby,0.0
jxqtkb4wuen5jdxr,0.0
jr6j3idgfq3mv6jd,0.0
nppou5xarddxhqln,0.0
23jghdwj5kqhuudx,0.0
wiy35krko5dcicqp,3.886278331965834e-06
acuvnx6tv67tcat7,0.0
zimuaclk2kijyz4y,0.0
xo7iqujvcvt7kn2w,71.42242343040998
jcddmhok2rhvdepd,0.0
q3v5etqq65i26hci,0.0
e7t467myq4mxa77a,0.002848704578450993
ey3dgebianevybor,73.30185237968503
lqotir2r2orgwh5a,0.000833805507133214
ye762pnzjstimatb,0.0
24nxxgj4frbmzcrt,1.0859340474865957
wz4wm5m2ocvzw4zj,0.5294369630774874
fumebazrxwsvdvj7,0.36572005893593323
bowfjhwiiriv23gd,135.78849091910533
ez4fmwn7wdynn25s,0.0
h5gtqztncqk6xllt,99.03083747858534
7shffvk3iu3hi7bz,0.0
xje6zhwzejntubag,0.0
4ksguthkedcuvhkh,457.87282133939254
snilejusz65michp,0.001242915982087237
wtirrnkwfe4fvhlf,0.0
ipc3t62jjsvzcopw,94.1952886103642
iyzv5kj4v7axmrpb,0.0
4weg4zspvuejytvu,0.0
ibqlmmcw42yeftz6,0.0
qnm5hu5fnwtgimqz,0.42697794536366174
67iirttanlojqnhj,84.56960495302195
bwlb2jddxq7cpjpa,0.0
w7f77dsqa7pjelbo,49.2860231324498
eecl27vffiirromm,0.0
shq6wm3cbbapiyyu,43.060300364439314
ltzpgaxhomcrdj5b,0.0
nl44sb56h4hgyye5,0.0
dw7tvcntconlmzo7,0.0
i5agtbo5iw46g2wf,105.4121612650802
pwnncnwvhwffvmbe,124.65860415613915
bg3ihk3hf3jzqqxf,0.0
ugspsruuoccblmeh,11.5553181242873
2arzy6f6g6hbshgz,0.0
zyr7kk2lrl3ghab2,0.0
zpw6rysrd63ovohc,0.0
nx336rgd4lxk2hft,0.0
d74fhqknneazh7yh,0.0
lzd65pnq7weyciqt,0.0
jr2yzglkxtqmisvv,0.0
nzhc24rssz7l542m,0.0
27tadcvhqhmplr6b,123.96381130194447
ebgoyp6hrsdtobac,0.0
7jdqqfjrq6ri6uvb,0.0
eqsqikp3f5da4lyz,83.31467803493342
lvbzebfuxxg7ftc6,0.0
to2qbkbwbavsa4ze,0.0
nh25jl5f52kjinrd,0.0
iipoou4izrqmuy3x,0.0
frgyvnpnalpwadv3,0.0
pdg4vqcn4shdsndc,0.0
q4a7lwiekrjvl4zp,0.0
aezndmlp4eieicjo,0.43108393066316103
3byik3bty342yamp,122.68419097895149
cmblx4mreqmjjrcj,0.0
tikxe2z7oet47wg7,0.0
m7iwl72wmyqft67k,0.03804080986376278
gvxnx3ezahvdfyeb,0.0
s7fkympzct3w36up,0.0
pj7wih2anunwkmcg,0.0
bvbbnn4dgwpqa3e2,3.9284339398291155
lzaugqpi527cogio,0.0
5jhprd6buzfie2hb,3.430464271433588
5ozmwxnkegd626rg,200.15853938615274
zaxc4cba7ra4vjjj,87.84854513599085
ayxcjwfz772vnvei,0.4174628673710656
bpuybuuas7ierwfb,0.0
gr7jjk7p4jrilaxg,118.0704212399572
tkmphgxwgyqiv4pf,0.0
4tr5aef2crb3ivm7,0.0
rgizw4y66sou2clf,0.0
kt2pg3z355wbs3aq,73.90678714009368
fvgdybeiklcrfocc,0.002087827593852898
c5xqwxwdiocqt3lg,0.0
xs4orhkf2jax2wp4,4.195596371809229e-11
2flmwwa4zg7eeik3,0.0
7d75uo7p2kwbc6ra,0.0
fjjtzo3caqwnuhfj,7.886448235630878e-08
jghzcqei5kfkyvaw,0.0
6jj2mnh6u34lcyw2,0.0
3ccdxh7u4onkph2y,0.0
jt5ims4t3t2vcl6s,73.65948665239051
5llkqvklabnux3gz,0.0
mgtsxrtsdbjsqgme,0.0
w4owel42hh3ftv5l,0.0
x3csjp53r5vx7mt5,0.0
sx5r7i5n6km4gcla,0.0
h2tssyjz5jqo76cg,0.0
jvswtlcmbzqnbosu,0.0010126488345133466
e2tpill7qmoh3mz6,0.0050932856877578215
r4vekzk4ya3rlaqy,124.29602194010502
cy3fvbck7x4iardj,1.6699384443747756
jsn6ounltpfwzewq,50.7730993379907
hzdi63er4rhrrfbc,0.0
ic72jsbyi7xxdmei,9.699199038910037e-05
iffixtxjawkjg4tm,0.0
q7kntie6hwxuesou,0.0
yntpvrjzixyyucry,0.0
hxpxtlb56g2rkzeb,0.0
ggqvd7nscevessj5,63.70849880900823
d3zn4jhur43ejhfy,115.78424550816385
ngw63tiqlhfpjcdb,62.12250017798789
f6ip65qv525a22tj,0.0
u4pg2imyvekavamn,0.0
leslsib44dslzta5,0.0
thenvim7nzmtnezl,193.84964834911202
4zb5eyaaj6eh7vsa,0.0
u2ao3wh6pq5yxgj4,0.4931503094138224
jzjmiwiqqmntyloi,0.0
eo4qypcivgdmjhs2,0.0
6tlt5masommzz77l,0.0
cavzr6mcvxcsmjsc,0.0
b7hiaep26fuysvhf,53.73283300325112
wmc55qq552oxid72,0.0
onw3avblq6vm4le3,1.1173778540089747e-07
i365lmkpgxxjyrim,0.0
y7ljgknjodoundsv,0.0
hnqrsxlz672wjz6x,0.0
65l6hpeqcoqhwutc,0.0
yk5vrgo3wxstlav4,0.0
q7ioktvwhkpop4bf,134.76343262811
gxrcu4olo5tthjza,35.54965862426651
n6kymavfema2ww2s,0.0
f2l4v3b4o7lpsijt,0.0
rpjc76lhhug5lqaw,0.0
vwsgox6mluacat7s,7.128040223086501e-07
23mlpl5mpor2xye7,0.0
etle4snu2zwjyw7i,47.79699712076226
ux7azhiyaclmi7h3,0.0
3xnafpe2jk52ocxu,0.0
urzjk42dt7gog56k,0.0
h5kh7gmtv5rfbkq7,0.0
3xkc6wba6m5a7a7q,1.871197247434738
3sjz2ointnscjro7,0.0
f274y6pm4bj5b4rj,1.5298972787420114e-05
chi6k466kvunbtpi,68.03910397379946
vxdo24mj6tfsabhe,0.0
65y5gv5vemtjff53,0.0
ml2lz5uaabcxzj3p,49.74459130301078
swsn2bdeyj4xnkxq,0.0
fhftjigkchwiqt2h,0.48113792649654763
exxajie7do24gt2s,0.0
b4bw6lunrnc4wqtq,0.0
5l6ysv7ea77i3cgu,0.0
xvdiph5gl3sjxto4,0.0
s4ykju6ekigpvusc,78.67175731398352
q7deqke2fvar47ks,0.0
wekexe4qauqsyl23,0.0
7f6lruhwlbtouvlf,0.0
7cmqxgxodxxhq46r,0.02052133570499908
lvuywuz7zcsfehyy,0.0
4qwc5vpikbmcd6mm,0.0
lujwp4kx3qtq46kh,0.0
3yn3drmfy54g52m4,0.0
theqc6xzdbebq2mm,0.0
x4rkpsiaauvmvrx7,0.0
adzk6gsauwtg74qi,0.0
xncy65zc6pji2scw,182.25181129972577
xw4iiet2w5sgjwnu,0.0020596744113673474
srxoizmbmaljtocw,0.0
mle3dfz34734luue,0.0
gnp7cvyrmai3xftg,0.0
qxabzd4ggb4v5fpb,36.43918100937537
bbsw2vaie6wvroif,0.09637920471453448
wb3etmphl3udb4nr,0.0
lyb6akwano6w75yr,0.0
tgqumggrhksghp64,0.9357811004429956
uadb426zxjkvia3r,0.00021594559923972836
afekcpeazzan4kw4,0.0
7hadm4t5n2ywekit,0.0
ddefmhk5y25d2dbt,0.0
2rymfhspu4uaxr4v,94.76578440576259
6bfawaq3fcpvkm22,0.0
naxjntlsuujue2zp,0.0
vz5o7d66e3hlnefa,0.0
zkq6k3pjshgemlgb,84.41842402995736
v4ekgbkuqmimddn7,0.004097080522447253
dndfgxmr2osu734b,0.0
rfsgkba4yajsxzwr,0.0
7dqoqomlspn323xf,0.0
l4qh7keef6kkpfkn,0.0
ttr6omeekgxxpgzs,0.0
2w5za5fvv2vtxkwd,0.0
mmkvonbjdwc7ft6y,0.0
r6fyuucsn6623jsh,0.0020595006279861354
u37laykitiozq4gl,0.0
7qfbrnlxs6n7vnvm,0.0
3dp2ogtfi6sdxxab,130.375494071429
fzueq3gh4h4igt3e,0.0
wgwdjakjset266yv,69.38220573015515
m34ut3id6f2jhphv,0.0
ppjp4krvazkgghbr,0.005401240216296451
u6biqz3ioty5n5vh,0.0
hsodwbpzcdxoajgq,0.0
ztjh5ackfi3w6ixx,7.128040223086501e-07
thsbcm7mel7bqn3f,0.0
3rafna7sekcv7fae,0.0
knazinthd56mhwvb,0.0
5l2okmna3mzxxig6,0.0
d657kka2eat5vejn,1.7304556293060684
qw3lk2di3sokuuo2,0.0
liawlsjpis2cmuza,54.76250065894699
twdqarqo5k5rjtal,0.0
2kexni65va7imhcm,0.0
tlcgelfwth5ce5yt,0.0
u674yrchfoiv6m7n,101.05325047328083
4jdr3oqcz3lcpdqw,0.0008335313661499116
anvknsia2h3ykdzx,0.0
ueqqcdpudmhkelf6,0.0
5f4a3rlu3j4bbqdh,1.1569355514703046e-07
v3mqj4iujwe6kdux,1.5880057401769161e-06
qil4eapqfmxox362,0.0
qujzs64ltfkjglig,1.8389018727434054
x2a477sdwrtckxad,0.0
fb74dan42vjyux7z,0.0
ies5ekk7cfttl6nt,0.0
6lu62mmjonkfpqb5,0.0
bmbuva5ilcuwdqng,1.530562681602469e-09
f7v3h7azvoaefcdq,0.0
nmhdkkl44qtt7tce,0.0
kgxwdi25ofvs62xm,0.004758945204964815
rx4der5thkr5nhss,0.0964697554038278
d6bkv5nl5r77ghqg,0.0
e7hutb7z67cuyhpl,2.6187260387031213
y3cjmxeo4i2degys,0.0
cpbdo2liu5pxb6hg,0.0
6aejw6vhxpwh67gf,1.4982374217432028
lcxartdub4ii2pqk,0.0
dnu5ayp3hno76fla,0.0
o2x6jgh4ehwzx243,0.0
l3fmjwzsr5iirgiu,4.753763229445369e-06
dw5p4cyxezr66p6t,66.18449442486673
mixnp7oryzxbi2jh,89.76798081521396
ajubwp2sixa25ehh,9.699199038910037e-05
mebfs5s4mt4tfe2s,0.0
hnmopxa4rgjnjybd,210.37044448034396
ijw5o7lwk4jvdwwq,0.0
2pbmc6mlit756t5i,0.0
bztfcn5xd7ewcuct,0.0
ndwjcjrepeiv7ypa,0.0
ybrzomr5rdgp6nus,153.70801143180643
7m3kjib6lsnfzr4o,2.5249274736950564e-06
stmmuywj7sucofnd,0.0
3mpgsejkaa3yb36l,0.0
cdbvtdeyqnjkhfdb,0.0
nba36pybi2pmr3z3,44.37247218817009
4q6lzun5rqmj5zbd,0.0
fbmj5zbggehyqfsi,77.18392512316414
ntbger4xfrkdtfwz,2.65370924632226e-06
o2d7vmwdcsdixogz,0.0
b3zieo3ev3k65jlz,0.0
v76lzjji3ayei6tm,0.0
5bnghlhkqvdndj37,0.0
pzymwo4equzkcka6,0.0
6pv67uljnm6dgxhc,0.0
r5xehg74ozqnvw7d,0.0
n5wtskhtpt563f2y,0.0
2b2rxvztwkj32mk3,0.0
fqgkz7ozbyptw7go,0.0
xkn6wrnuf563fcp7,0.0
p3my7kljlebkeska,0.0
zwdemtw5qupms6rd,0.0
x67bvlqe5alcbad2,0.0
ah7lgotburanclc5,0.0
qmvcjsjjx6ezjtme,0.0
rlxmqmaigoevwj5i,229.15276214721888
pcow3evotpuhuy4p,0.0
exqbi4svw4bxdxlu,0.0
nmjnl6mc4ylcj7ky,84.31663242429116
mkfmnkl7fl7ytv6z,0.0
dobjauwte4tkermq,0.0020592435338241074
ydroqb74up42eaes,0.0
3onlxr7ppnrmax5l,0.0
g5ao76hu7muni7bv,0.0
uajgdusivwby32l7,0.0
okgly2cmg4p7czzc,0.0
5ajltblu52fimnzc,0.0
chg7avgnkwiax4tc,0.0
saotf365jyfcnamb,22.984886096340194
nomu32st23nqbw6m,0.0
eymwmimmfycy3ifz,2.116686873936781
34qboh4o2vvlrr7d,96.94530591825205
rjsizx35f56mawac,0.0
d4jx24xzpwk7d6lv,0.0
mcqlcesaq3mgczdt,93.06597624022244
yk62yjuhxmuluo6l,0.0
xm5qzianf5t62yqz,0.0
5hmg2ffdk3qnbhac,4.801982825354532e-05
jeltcih6igfzlxwp,252.68690771029372
femqhyh3pwcjwfeo,0.0
uh6itdoc5yl4xlif,0.0
luhymp6cfmqa5ldb,6.426191583367622e-06
356zyzeqp3n2tj57,0.0
4wgrblqweicivlvb,0.0
5hnfyrjyb4dtcamh,0.3444365413919825
tathag7h5clafsmu,0.09681117004913069
5vpzbkzkvm5rmncn,0.004572426795597297
olwngy5zyppbnrsh,98.84053352419514
jpxbzkentxdostcd,0.01987989247458224
6z3dgj4w6i6vngxt,0.00028903491059010595
uypxncnjgapzbwy2,209.1977767547379
5uyeg6amgntn473e,85.17965907660141
uiquupynomsnq2p4,0.0
lx6yojslrchj2ni2,0.0
b3rkmbmlfoc4ho4u,0.7778316861290715
tl2hkg3upi6mp2by,0.0
mwsxdh5amwpgoxji,0.0
yxp2tzpoj2lcvogh,0.0
duzulqvan6zaovmx,0.0017791176172012432
cn2udjt5vmfbeqnr,95.30172936838521
57lhj2tlxcfq4t3l,5.382942434313822
geiyl747gtbpxsvx,0.0
3kz7agshwsbmcsl6,0.0
pyqyexnjyuescces,0.0
5urnpnfzvuq7qwfy,0.0
pbwirqto7vp3kdmu,0.0
x6bllyhywswhltaz,0.0
uvdkggvlbm4rvjek,62.90909500045205
rbprdlkfpmbeciv6,0.0
ajqyaex4i56mwiiy,0.0
c43p2hcl3ft4oaup,107.23586898477654
wuqsoti2gblhqyr2,0.0
v5y5gkl3s2kjdzdi,0.0
sba2auiezfyl2bzn,0.0006505722908107196
f7a4erb3j76bvhtb,0.2677790760103529
ggwnrukxziyiwb2t,0.0
ki3h4qvvbfliy5of,0.0
yyqyzkdg7vao2d72,0.0
7opg3gjffpghsmbj,0.0
nrztveqb52smhyzd,0.0
mud2rwh6uflz6yar,0.0020592435338241074
mgqlfivb5zsq4doq,0.0
flavwkmmavwugau6,0.0
sue55wh52lfrwepw,79.0100005113739
c7ul3uxxxgjtrgru,0.0
pzq72fntf2j6ouhg,0.00010850988277927126
ocb4wsg3kxapgjqz,0.0
ir6r7tz3z4viwkow,0.0
2opboabmnueqgsbz,93.2195592911332
pvor7ieeqn2wcydw,0.20607091490151289
aa73zocjtdn74c2b,0.0
v6zgixrdazuxmjyh,0.0
65srao6ziyenfkxy,0.0
6idzsjzt45rmpoac,0.0
3briv2rpl2mkmpv7,0.0
2n7ixdmqrabik5ln,0.0
fjx5urx657rurutf,107.5384365725195
emkv7umlq2re3gh3,0.0
q7gmxskfh4xtpk4w,74.13978331999999
nxwbve3gswovhmx4,0.0
2c5q453zwko6rdhr,171.37503259637793
vxps4cskhi7m37an,0.0
nu5eij7okusvymub,19.632391116238768
urx632pyvcjndsji,0.0
542beo4kbjzkpolc,0.0
mjgrow5ogm64tc4g,75.99199768959278
2jpo6orxw53p2ysj,0.32767259561842416
3umfsgpyroakjzrm,9.519074203414075e-05
36kpes5sdlf4rycg,0.0
e3ea3oc7a5svis5u,91.9145501316064
irjeq7ivn5dvihkk,94.18693983010968
woelthrdmstm74qg,0.0
6zbvumtffl5wyhlr,0.0
oyf2sqimhh22jfj3,0.0
ggaof64ovecoyhr5,0.0
63bqita7n6jv5nz5,0.0
nrececjc5yodonmz,0.0
rrsbtiwnvf3so4nd,0.0
5tcapn6fb7qcyp2k,0.0
6bstt6pswawnaktb,0.0
csojqecuidmdvkkt,0.0
auy2nh2oqbhl6w2v,80.24794346335514
g3nydxsfrukwpljv,63.4343107160192
qinlll6wpdrm4gzv,0.0
njy2pe4s4566bugg,0.0
myiuuef54tpsbeoh,0.0
zqhnbz65nxi2bxd7,53.54487878052976
2r6wf6kz6uaezavp,0.0
gdzk2jxtoki2pzgk,88.91513502849918
m7sn3yupqqqxn6az,0.0
lp6s76kucwqempxp,0.0
ne2gwan7lljctd3p,0.0
52yvj4jzo4bmf5g5,119.80558734376724
b53pkkrdtye4id3v,0.0
eg7b4wmv4nv6lp6z,0.0004435557908391531
yc2vmhcecauyit4v,0.0
h3jck3bzt6vbjlq3,0.00021369508475879194
x565qomkrmy3wrup,0.0
caorvxhdrjuqufzs,0.0
ypoeqnelihzy77cq,0.0
ga2vdzcja3hzplgc,0.0
tecbiene3zlhgr56,0.0
3fnl53aqsoyawnz5,87.19254740758747
7lwi72ffno26lrpb,0.0
leuepcm7yrtggb7s,0.0
hrzfg6idcjrkeiea,0.0
yualmrayqdtwcfuq,1.2146932460970081
3ok3kxo5tbrymldu,11.089235271573866
jt6gkfc7l6twqptn,0.0
minneatnsxolfshm,80.33621835534139
xe2oqf54gfcgh456,0.0
mdqdarvh7ylf5yne,0.0
4x5fkihz5jplk3gd,13.095890941592558
jja7xlcjawbmhoha,4.181924447435662
ubyszauhxi4ksrsu,0.0
5hzovtmlmyglfb3r,0.0
2d4x5y7akfsxb2nh,68.04001748109904
og2nkjtt6tuomeg6,0.0
vmfuew76wxper4x2,72.91530808329176
5ejvclgufbp6clke,0.0
qjduhmh6cpramxa6,0.0
s7mbc2wctvpqwxpa,0.0
u4elaouif25i4iui,5.3252832349343625e-06
rrtoekyxaa76zbze,0.0
fq3bgsc7ww3k2liz,3.394842008286832e-05
lzrroopxeh6okl4b,0.0
5dcynphjfl7yvujm,0.0010974920748370992
75l7l3mwjat2rj3d,124.37593363936301
kym6oip3woytezpf,0.0
afhmrwg2ofm5oape,0.0
np6giz26ugk7sd4u,0.0
c2takb25j5vfp63i,0.0
ljroaz27jtrydbtx,0.0
ui67mypczcyo2dsv,0.0
zmjbycnhyrcupmfc,9.699199038910037e-05
5twcg7ejtewyczbm,0.0
t6ss7owdwjnflhpq,0.0
ky7y5t2qiv7focdc,97.12179596018885
rznwik7jiqa44l2t,2.347376134911332
jlgzyn4pzqjseeqz,0.01292595606609355
3vthpadsyfzuyo4w,103.75761823339221
gfimyorfwsaw6krk,0.0
go2ua2qrzr3d4lct,0.0
emulwffr6satfgmo,69.03079634438123
7dluhp2sx4uanqg3,0.0
u2bxx3hn2jfxyrsg,83.93833045563821
u24akgb2jw6va2o4,0.0
66odeu5j5557l27h,0.0
2fbovdg2hjh4uctb,0.0
f5zjbx4ip2sq2wdx,0.0
5a2qffqkvwsbeida,0.0
qsqx3seq4ntbuuyx,28.48611145303785
wwuvx3bwmihoaukw,0.0
sxopbxb2iwq4bm5a,0.0
5j27db6vhtbggnls,0.0
lg7g4afihpzn4t32,0.7766625919445173
63gxceca7wiomun2,82.26208679609007
waxqcbz2sjgohnnm,0.0
txhl3a6hyomyucqe,0.0
hyvu7kbgwke6qoou,108.81604513198174
owflu64jte4x6xmu,0.0
7hr2sjz2ihbp55zq,0.0
yt224lxsbwmkukri,0.0
u26jzzs32mqxx3ur,0.0
jdznhpijwlfjpz2g,0.0
xvfdo4njubeqyneo,0.0
wh4x37pd6dlv2vnc,0.0032051671991600006
54chfh2dnbntpulj,153.06674811023512
2ga4wic2dolwkvkv,0.0
f766pat4bctl4fq5,0.0
oximpanusruofyt3,0.0
ga2fyr5v3i6w7uyx,0.0
y3qboyedlas6trd2,0.0
jiqfljzczwsy75fs,0.0
kdsucgdrg2qmsrgu,6.447152763623754
nj7kggn3fngkoaoi,131.31046372490397
25h4pdf2hqfi3tlz,0.0
c6noykxlvwxoai3m,0.0011257820395939328
hh6qctpofewir7fs,0.0
rygg2lrtf2lsf3ai,76.88373188247914
l5fmhmikpamvkuqt,0.0
af7r434bmgouo42y,1.6063633852910015
tyqqrleseb432bpl,0.0
v7lxvv6hdkjlhosu,0.0
hgwclvyl6nk2t2kc,0.0
aj7o2hzyot2ef5uf,0.0
bxfo3p2m2d7bbbu7,0.0
fhokffglsn2gtv4b,0.0
hfkxnnhiz4lxsyck,0.0
75xdkc2mmrsngh3z,81.84936112003204
sb5zcwjssgz4ph6i,0.0
dqnt3rzmqrjkgizd,0.0
vdu3w23iumks3jbf,3.073100121194441
udnqumfoija3oxdb,0.0
kur6x4756oympl6p,0.0
a4m4oq3f7y5vbpky,0.0
3gztgnkbbpzs4cuq,9.657866971814023e-05
fa6wu4umw6fydn3n,6.590006222137305e-07
nacxze322shgksfe,0.0
yutj5xi3e4dxhy5n,0.0
p32636o26bpuffj3,0.0
hmvq5mzs6rlzavru,152.65694532158722
rpuvl7g6hlnynhcc,0.0008503896302278966
ox4ggwvhcfr2xh5b,65.41638343559268
7m6545asy7xondcm,82.80874245626674
frjaespm6fszwycv,51.82917060652922
o5d33dox6zsoir5q,0.0
kzibf6xiqrt4jwbn,2.8447211661299785
nulreeemwudkd7ui,0.0
yhz36t35awj3yuee,0.0
77tm3pqwzztfgkbm,406.85368927730184
oqvvkxubef266vpi,66.73955867656476
y7xxdu5svxqjpj73,0.0
ktu4fxiuwupsnpda,75.62818041149418
p4sqbutcv52kxwhw,134.66087951203258
urz3amzemalda3ad,0.0
mdlzuxkr2hmb24sp,7.285469831475982e-05
k3dazxf6s7gqeidg,0.0
iqvwf7s2wnkevz4p,0.0
yh25keixr576ghst,50.09641605493901
xvwvnfidbinefmpz,0.0
lujjz4njfliskfja,0.0
fmbsaplsvfvmpkqx,0.0
lvpnqgnwjinmw3wk,0.0
fbpqgd2vamagmgsf,0.0
da7xpj6tpi5o5u7r,0.0
ybiv3u566aglqw3t,0.0
vdmld4yjsylteub7,73.24390111237808
psrxs2gq5qnwpopd,0.0
nt72qkade4bicghy,52.81868394053187
hfe4joz77stqb5jg,0.0
a332ibr7m6uogxml,0.0
rfemlgithgnw3alf,75.02957275905226
u77bq3titysvct55,156.35805903235155
2f45smvsf57htjv2,53.4785154336069
rsrmyxmzgur54tpe,1.5418087459934982
mn6udgelthjan7pi,87.60975319095786
2l7nqdtingoxusme,0.48414301783025626
c4jdvp6fsajnlapj,0.0
5avsln3btqo4l4fa,3.6789311193382486
2c7si2iajf35uajs,0.0
nafocviwrfhqjzw2,66.94546371253121
zxbxl3dwxjq65huu,23.954029198210655
dexi3icawoplq76j,0.0
yfp5vg4hdiejzjtt,0.0
jd3ej42oqjalbsli,82.9502840284639
apnu4di7ejglksns,0.5422612847429029
z35vzpkuczozska7,0.0
qfzd3al7opjpwkgo,14.77760836531303
tnabhndcgellzbq3,0.0
55relnbejpe2smpw,0.0
jpudzwha6dkn4o6b,0.0
dik7cvsycatxijq3,85.9783899899433
wu2yabqx62isr64c,0.03192884216689401
tl7eixn2y5te7b24,0.0
ihw7mf4n57heojje,0.0
zzsst5r3y5cmtwnz,0.0
cgzp72zckbps5sve,0.0
vdx5jjzlry22pmdc,0.0
mcrpy552oduatjrr,99.49721636149411
eypy7ronov5mq6eb,132.25737583320316
bfgpwl3bdakj7ugm,0.0
iuimogh2amle2mko,3.379760244562838e-07
tmzren5ykjdq5luu,0.0
3gjvutgm5dgtacde,0.0
f2h3iz7ybm5rw4r7,0.0
elgprbgvzaa2fnic,0.0
5exlpi74hmtjk4ye,0.0
6bz3jlb4fl4vjpxs,0.0
tixwnhxum6o4vmuw,0.0
ldejegwzglvxskcu,0.0
t6nlbokfo3ybvrma,5.2094192157392385
rxca6vsnppyq45fp,0.0
ur24mgo2ldfcfg3e,0.0
vdfj2l4ohgjkpfht,51.58961487171763
ig7xvvqwffbcfiuh,0.0
br5jmgvrgswunn5p,332.96243126974196
ytn6sdcurq3vx47b,0.0
gdjnzgpojh6zsgci,88.87418568158122
5m5chlucoa3dromn,0.0
tcady3yfxggjztio,0.0
wsf65susl52kxyeb,0.0
2quupry24uk55u57,38.86249433875435
lag42jbaecg3cfce,0.0
3wcxbaev24vbsliu,64.58893303973193
vtn3ce7absj6bnnx,2.5042120435213953
hrltrq72xnh2s7de,0.0
rnb5exk3cfroxouq,0.0
xophijxrfvsgt2aw,0.0
5cwaml2wnuc5m4vt,103.77505286938356
qfkhh5n3jxedniyf,0.0
qyfk7wap7xwjuhlr,0.0
di3n7bbptiqsjz2i,0.0
mu4rmogm4z4vvr5r,0.0
u6no7mdbwqszqch3,0.0
fltowxul4mfpintd,0.0
verot4grrdn36sb5,0.0
p342rlajrpz2hr5h,0.0
tzdktiu5o7wyjulm,0.0
xtbhgxnq6xzfzcrb,168.08031174748373
u734fejjxd3qnu4m,0.0
ddjnzicwn27qdsj6,68.91987528319974
vjekv32detxt2lbw,2.031971212301451e-06
hb46zoskpq7zoroq,0.0
stdqadv6fcrdwuh4,0.0
e5jigaqqlwnhti2g,0.0
6ul3463ehhrm5ja7,0.0050932856877578215
27qldtpbd37h2sdn,0.0
pud52ex3zy6ksyut,93.36777712295023
5mmstzqybspqc5od,0.572909844194134
zdhamtlate74b43u,0.0
rr67liz6cn24by3x,0.0
qmcn7z4342tkycbd,85.3660126528036
o22loiv3lghadjqe,52.490705624902205
nluaszrkqvrabeff,0.0
zzrabdyz72pxn3kn,0.0
sj5icikcnsp2c5ij,0.0
s4tmt4npnfkq2efn,3.6227671822621366
7ekb7dhi2764ez24,0.0
h2fccsfnrew6xeem,0.0
s75zfyigbjtiyjeq,59.958189070339216
k6zavglrcndnaeke,0.0
m7syfj66zr6tg7t2,0.0
dtiotdttsuzqtwi2,131.42874352251093
xixvqpperbagixtw,4.2104119461648155
5ya6nwhn4xkkhtih,0.0
qdz5kteefemnqxrv,0.0
anpqsh7tzwhvfj4a,61.60753382257488
jdj5yfz53hs4c2l7,109.20294611378401
ovzjl6ds47bivkpx,0.0
7w2sjztlguzilhxt,0.0
gptw26ilshvcb4nj,133.87955558734546
c6ozxlj3rxoy5ch5,0.0
m4eocqukwefww6az,215.2766830183845
zaoocfubie4ayyr3,0.0
7ogis7eq4frkcglt,0.0
hvn4s5shnvepey6q,0.0
ou2mwv5yqtgtov7y,3.9686466552372614e-07
dldrypx3jlpo7hrp,3.370504505415125
lxtxaigkfiqthcdq,100.57464479814536
aehvk422mxjphv77,0.0
cg7bukgc7fx6b7t5,0.0
6ciqoa4pzrpqpkle,503.46133458714235
2xd2gbiumw5xrixw,0.0
24edyab3hvulxazj,0.0013638426975989184
p25vngw6sihxdglx,0.0
2yyx2fyt5vysqq2s,0.0
3per4gzxwpkwezhq,0.0
ddhkgb57753huqr2,0.0
zrqcs7ylbsjpahs2,0.0
w5t7bwg3mkdzcdav,0.0
mumgnxckdyvbmzus,61.231881271416704
nwvkcjoktaxz5nuf,70.48297002983806
zljoqzmtomznfrdf,0.0
ris54buv22jaxdj3,218.79925736648866
4xhowrb4gxdbtmlx,0.0
p2iink4bxilh2vz3,68.33190689267266
ka3fh4dophze5wdk,0.0
xipnns2nufigoyu6,0.0
qxe35mvpqfjgziim,0.0
qptnhe6fe3hs6g5x,0.0
i3ttny4c5bjbjxdk,0.0
qnnzp3mu4sej4rn7,0.0
gixnwsjh4xj3zkkk,0.0
paqfukcqtx4w2y4c,8.74867191435994e-08
cibmnfburl5jozri,0.004717834509126511
hhsj34iun5jjwerp,4.359744561513958e-06
tz42meidj3fwlede,0.0001355764620885401
o4alw73s35qpvoih,1.234225415668524
umbt4jsj25s2elcm,79.27669853152017
orgm3tk7mddm2o6b,64.11574808129649
jlrhyzbabstni4vr,3.999038438647509
7532a6xvlmkrm6yn,0.0
mi5hd7fetdboyi4m,2.0484768242312956
64ngxtebhbifd35z,2.970821488742236e-06
uwclwbdpq2sgmhos,0.007407109741512008
tyhjy2wonnm3bzhf,61.151745681459346
7suan3dvufaog7wy,57.23072588518792
hevcuix5afelve63,0.0
gj7bvptzlwbntqv2,3.0373542605201695
2u7xaxxzglqt574b,0.0
5ax47gb3rc77wirn,0.0
e2ql3vaih2e3w7h3,0.0
ponbxpvtvnwbwmk7,0.0
kw6lf2kuudoqvotn,0.0
livaod3abnyqwizy,0.0
xbh5hfqhvnszzlb6,0.0
a4hw2bg6whblrnp2,0.0
egjs4bkbgdagldvc,259.7232328119149
psmdq6psdrprxqlz,0.0
infq5fiavzgmrza7,0.0
pac7yk73svxv2beq,7.477221186827256
pwhcc3cg5zkckazx,0.0
fl63z5g6ns6bbjoi,0.0
ixmwkdr4nn6rmhxc,0.0
6sxvdgjd4hghnzgo,0.0
l3c4xncd2yvohepm,0.001004871122427693
mhalbffoexlvrpg6,22.06427198532049
fo7vgfo763iv2hot,80.07331577817119
rchci5quaaaq5iv7,83.19219365358722
42beta6wq5pkhyn3,11.637985619274248
n5imo6asx6bxw2od,0.0
z7xpflvmlf5q4r4a,0.0
iqsr7bswkssex5ma,0.0
23zffzwy4ymxwm67,0.0
6s5vqsklm4ucfwhj,250.89210636958484
bzbdtpk4ns65txac,0.0
5dc6gjlvlxrp6l7s,0.0
grxlbcqjl57r23zt,0.0
gm6kyfn3oa4vamr5,0.0
fggtgz2dgdv6jeb4,0.0
lubocw37ixqpmwt3,0.0
ho2bhl274re2q6vk,0.0
v5t63amfcirq3vuq,0.0
tvbae22ywjsyop42,0.0
iudapudk22spwipc,0.0
xid7lmxwitllujvv,0.0
5d2zarkxtvhtd5vd,0.0
4qmjsnuutqf7mqab,0.0
efy5h5h5yzn5kkub,0.0
exlfld26motv6gcq,0.0
yymrfs4jycalkvkk,0.008767992370054501
kpslgnab5j62pk7l,201.97478672369562
ayrp4fnyuvgwh3dq,4.01902878981757
lfpswovdy36kowa6,0.0
maswwov6dtmnmt2n,0.0
4r3aqzxvo7ys3opu,0.0
4k2flze4d4xkrk2h,0.0
43pq5lyuuu65dc5w,0.0
clgzrb2pu5ezpygi,81.89564405686939
qoxobt3ckhhcv3qy,61.480768413001265
ih2ejzma7vf4g3lz,0.0
p7bslvc6y6vxrqte,0.0
3isy4r6lao6rj3ed,0.0
hwt27h2jrclziy7b,0.0
sllgp5nxus5irtry,0.7984654397900042
j36xsqwwdkmyxer2,56.57346566225316
lpzq46zjmr363plu,72.51787927242012
xcvchywvh2obug7y,8.74867191435994e-08
b4tywhgaflb7eugi,0.0
i7zvfcwpcmbfbaie,0.041543736431215506
gj54icp7mbn4bwrq,0.0
mijzqpwwoayv4rwm,0.0
cb2l6flvguqawi4c,79.30819957490178
iu32s6jgu76e5ytp,0.0
7sqobeyxxlq5uwnf,73.26604208023018
owtfdnhyoeieaihe,60.41072571913905
fi3vrahb2jz3vd3l,0.0
5oimgizwgweowqak,0.0
jy6vf2y7husmbp2r,0.0
rifarmtaua4fisiq,0.0
5462cojjsjbugeet,0.0
gwv4tnqtlzecpywv,0.0
n5p2txnlbbsliy7h,0.0
cyrlhrq3un3uxzzy,0.0
q64mlqk6g7554d5v,0.0
zkrjwbpmyy5yav4e,1.5962927743186577e-14
7fg35dfshareyccq,0.0
2qnbnlxf5nvd4hxu,0.0
ffujur2623mrlipn,0.0
jthxcsykdefps4vg,0.0
ehxx44i3aloytxab,0.0
eebazkvx2ihjqf3j,0.0
76qjitbql3qzbsp4,0.0
4kpnwbmo4nfeb6uc,0.0
gm3pjf3a5yavzisd,95.99971112094384
f77s6mwbnolxpv76,0.0
ofczyabvaowx3aaq,12.311025886804192
adt6rxozeov4g3ib,0.0
rpgrjgfjd2bzpxli,0.0
3rj6efki4mlvr66c,0.005097036598510004
m5qnzbycxjbtqhbu,7.18554713492245e-05
ybztnrechf3xy3yv,0.0
ojax72bon5ycrnrk,0.0
sz2qruzq256w62md,0.0
afsahl7cnbq2luxd,0.0
mqzywl7fe6ku2dg3,0.0
tb6v4ateuo4i23td,0.0
um6mgb3bztdu5n7p,0.0
cfzm23agqb3hrli6,0.0
bho5v6tucbhsjnbz,0.0
ohu6fda327xk66nj,0.0
rsuntsysx7pwwdfs,12.563016290308836
o4z5a5vtjzz7kvxe,0.0
xiroxo2c7vbibz55,242.13716655399833
otgbydapsz4v6wnb,0.743107863809095
ym7dqp4zyyjg4ne2,0.0
e5cezlya2o543b4h,0.0
zfnpsk74lfzxs3de,114.23749499826408
kbr67udilp4vua26,2.075785807218816
7mlnam26bjvn7tzx,87.24165813049734
rgtsk7s6jfczdo3a,0.0
rxdr5ufaxg4dkrwy,0.0
5aidg6gxpgkunjnv,0.0
yke3z26al2bqjyz6,0.0
nyyh7zadory4nroe,0.0
3gfjr2qfsq3bh2ez,0.0
zgbbk6gi542crfsg,1.2431520669459215
nbuspagfmf2etxi7,64.10442771903709
og2co54ksgsusddd,0.0
242utql7pytv3s3j,0.0
hyyv2ep74ey4mvv7,0.0
wsnhgtyhzt5yrjvi,0.6299076200843117
av4nvdjrbfj6dilf,0.0
3rlk7toyt7xbst5l,245.00821880798503
vzl7ohokyc2fv7qt,0.0
vsslunyz6oo342fi,0.0
yxythee3au6nq4bc,0.0
d6wfjzh5gh5cuajz,0.0
da4xoa7vzxsi77bh,0.0
5k7be3kdnj44xigh,2.2440180576318305
ts3vqr75tzd3nazs,0.0
2jcxq2mnmhckbngt,2.3808222204644394
inxh3txaaopvbjnh,40.81245494390352
3ry7i2z2dwywhy25,0.006981052716248763
6ju7z6roirzsrzub,0.0014911041446698924
h7m6vqttfpceygny,0.0
7te5mzp7zdcllabx,0.0
teokp7v6ttkorc7d,0.0
z774dxcgsw535u77,0.0
ukraeyo4klq6ofpo,0.0
y7mnwdkp6timbdg4,0.004079286788058057
i5ggdfyctcnvywqy,79.07529995638534
pch5zzueqkywnklo,5.997141325525031e-07
ylyb6vq7ab7uoj5q,0.0
mlwvfzqvyrhow2vv,0.0
n55gl7e4637pt2dd,0.0
rtpn3ecnryub5nz3,0.0
ih7wqe35jt3ng5of,0.0
2alwc63pxekofz5b,0.0
uwjhfvbaff54rq3r,0.0
ssdzpfcvwn5b3jck,0.0
qov4auorfakyxpbr,0.0
wthae2pfg3sfvmv7,178.4700666368546
4sihvxdfo4uel7st,0.08181791489635579
bxce7p53pvn5rcqi,0.0
i4urqnydcrgvnr3c,0.0
2seit3irnqhzgowu,95.24415984174232
3u3qqdjgsdbx4exb,0.0
v5swjbvr3uxiqote,99.87023196905957
wlwprxjhpcm4kutd,0.0
xmdmgkg6u4wv3myz,0.0
zn4swt2el7e4bn42,81.4540670489736
td6r6inetfcuh77q,0.0
er25motrxqtmkmoa,0.0
be4ch3edugcnxbh2,50.44024810935693
qk57wvfpgp7fyo2d,0.0
aeg2myrqwbrx3p7l,0.0
2wfmrwnqsnjmwgov,0.0
w32w3xej2aofhfrx,71.93432109517937
lapjsgvw7lwmlow4,0.0
bm3sp25de6pfczyq,0.0
fd2pugvn6lujg5jq,167.2889121069681
pe43plibgqomzk7v,0.030966416037878905
eyhzsf44a5o22y5d,100.38986262168248
lpnhtmjpl75bt3my,0.0
6eojgdtskouwqijw,0.0
fxfr7loeyudgzx4i,0.0
jlnyxwwl7cxgjdfy,0.0
yaasdmu2v2rniefg,0.0
b7n2bzvc2t3holnb,0.0
piaqarcinrk2tbac,0.0
ghqm33dkfjx3fbc5,0.0
6u3zlnowbvm77w7q,0.0
cfhtd5me62aqqr2n,0.06001705569110304
3z4xoygbivdsar4r,49.04256619548542
rap6hbgso6tco5ym,81.84727175332672
zhhdy2jyswlg7bh7,269.7851784424429
rxjqnyxyrwr4uuxa,0.0
wsfdh4mtnpehsjdr,0.0
kt42atlrh273ftyt,3.4027632226206186
67jjph766xd5lkca,0.0
75mzggcomdo5dl56,0.0
pghgauzpuwqnchhd,0.0
2uh5dhzrp44bll2y,0.0
mgspifjbgzj7zfnz,0.0
nji2ulnn4ov7pixj,0.0
k6qdfs5mk5sigerq,0.0
tvfnabwzknxpsgxj,213.29792222045876
4ab5c4yttn4b7www,0.0
sugk25o4br7p7vom,0.0
ekjr4ag5b4mi6eha,0.0
6ss32hvza5l3hpfm,0.0
v3r45to7p6gamdhz,0.0
7rrm6iuabaqf5ryb,0.0
xtzy2exb7j225jak,0.0
jl32a47zf3a7jm5h,22.61195077674998
772cegdg5yrgks7s,0.0
wnm5zu44iski4txf,0.0
xn5i4svmawdcf7kr,0.0
oo5lzu47ofwj3yn6,0.0
ntuy46t6bqxndp5y,128.96879191887868
a3b6o7r2n7nfoz4e,0.0
lwsx55v3nfwvlwff,1.6873139785199216e-05
3ijv226so62n2gew,0.0
vafh2eweevoaq6so,0.6138632261309428
imrg4byrsvi5g5s5,2.225468199659716e-05
nxd2ugjhwgk46snz,0.0
mwb5ckxa62owwejt,0.0
plhws35hweqk227k,69.098477837789
uf2zanqcg72bgnnu,0.0018734948199533143
yqd4nm5v4237dxpg,0.0
lpgmjjfh62xkz3pe,0.0
vlamo4mxluvh4kar,106.12099110321971
676kjvzg4z3bqig6,0.0
tnopgbui3xsfawmk,0.0
ayqutw3zhb5teoog,71.9619542143453
pkhzavxghqniwohl,100.92919666299002
4kwh2winiznjjlka,0.0
lf4u6ukzfarcuht6,0.0
i5retdpcrdv7ygnp,0.0020592435338241074
caii54ra6wfcd5gy,0.0
x2bp7g3lfvegilg3,0.0
psu6ggmg6kacnpx4,0.0
nrlacafknmawillr,0.0
rtdctz2iy2cxuzaf,0.0
2kginhvw2b5csmj7,0.0
urpyqxgujvlcjdlp,0.0
vfxef3muvjm4fgr7,0.0
76d3q3aqs66tzs3r,0.0
w2capw5xwif5ztyj,0.2792696297977576
vrn2pyrnta4amr7n,0.0
axpwcskj5duwm6qb,0.0
fqddlwwbzkg42olc,0.0
rpu3o73w5rjdgf5w,0.0
knut2cbshr3dairs,0.0
hn7467euulcllvpi,0.0
qpbqfmsaieswwvyn,0.0
uemgckeghbrvdzxx,0.0
gfra6pnlym2x2b7l,0.00028155043556727543
i7ty7lrtrogiiiss,86.80216491963644
35jfot6um6qpbgam,0.0
bmaexgjqq5h6mmcb,0.0
kvxfztwwrgzghpgb,0.3910279630504619
e6r5w4cqvdjq6rgd,0.0
h52esioqvjbs47fb,73.22596850040232
sstgyit7stwypyqv,0.0
p54cbbpxy37llkgn,1.5092310647482967
rf3vwd4v55qr6b5q,0.0
e4rtbnu3g7zucyrh,0.0
wenv37ysyuggywsc,0.0
xm4vnw22b6uj6l3b,59.29151909141315
f76rmkthtdw4n3xa,533.8574830340024
ts7yszksjn7h62o5,0.0
5fwjgschujtr26oe,2.5632753775334
5wldnr6m524k7fj6,58.514166760159306
h33na4it25ogxyow,10.896748177663664
3fasxiendkris4qc,0.0
7pni7sa7px73lc2q,0.009097039547920615
xes2p4qfjfjitjej,0.0
s3ceasf5jlacsjyh,0.0
cbvayb5ero4cz4si,0.0
nt4o3tl3vgryicst,0.0
4tq6wuecyt2wjbfi,0.14350519510029328
xwktp4ezdemu4pur,0.0
4ifmuyyqt4rndety,15.205529227600534
bp3jaed2ooazu4il,0.0
na5bivsuy7qtlmeu,8.74867191435994e-08
3jpb6b5xugsfr2y2,0.0
xhc7qmy4uo7e3w6y,0.0
sqmrj63fraju4yyk,0.0
mqc4yixdrxiynqen,0.0
h5c7bp5j4letoz7l,0.0
tt5jhgy4w6vmxjbz,0.0
yep2osebphayywjo,0.0
nnqpr5lwtcv6lrlt,0.0
dszeoigjj2zwgprr,0.0
5thntsothes4d646,0.0
sbu4dmrum5iktbfy,0.0
p2gka57fhwrb4qjw,99.22040237603787
kn5p7u3gmysbyjdw,0.0
poblhjpd6e266s37,103.4888761429917
mkx7p7cc2ezpw7yn,63.38413050038053
n5ikv7tlgvenvu2k,0.0
nooogw5cduejrv2r,0.0005785828310211175
nzqjp72qvvqrofjd,0.0
e5ihspe7rsords65,0.006134177249235592
lllkylzxuom22uoa,0.0
5fyuxob57rjdcia6,0.0
nq2ucpj3sy3w6omw,0.0
mqalbpbdj7uffypt,0.0
qml47scze2z7sxzr,0.0
ssfe6nv6kmf7cnkf,348.25285779319097
t6cemhi4o7j3xz34,0.0
ms3lcns3ihkhdhoo,0.0
nvmabacc63w7r3ws,100.2534919867139
swl4p7ux4c7pcewc,0.0
pc55pz2k2udk6krs,0.0
lppccc53fosbq2ew,0.0
fty74ehk2xos3pw7,0.0
lqrnawem7q6fbrda,110.46938643814089
lr6ma4vim7wfpxad,0.0
xi7adhbzkbxgbukk,0.0
jzmofrb6cvzh4vpv,89.243077804428
wuad3zhjokzq4txl,0.0
amzfjwsnhy53i2il,0.0
47a643ivjgnyzx3z,156.80755911871182
tdqkcuquwq7vt47i,0.41940762236490764
rqada5fcbx7ouwtm,51.423766980001076
m3wbw6lc5qemaw54,107.85299106158949
uoywbb6a65o7pd7g,0.0001814737963017652
cgw2jahvejal57r2,83.2533267726751
iurelbq64p4sfmrf,160.8060781246311
vw2vpgpsvq4khjgd,0.0
ddy2hqrnqpbaootp,0.0
nxeaensgboc6wvxc,0.0
zj7y5jyacrp3y2q5,0.0
udfpbbzg2oz63il4,0.0
5pupevywbz5avvkq,0.0
jdr3r4drfdgbwv4e,0.0
ddielehgvtxfda4w,132.60425410081808
wcad4utkkx7fkz7x,0.0
5jmh3yb7k3ld53ow,136.46082827216082
35vz7rayxr67a6fk,190.75465187036835
lmpcbd427xv7ghie,0.0
eyjblapaazupmp3q,0.0
nvjm7k3wemmyv7et,0.0
5dc7mrzzqd4xx3s5,0.0
rhcfeooso2bxydew,70.30974572966127
v7lgegznd34pjgyf,0.0
eiwai4wdrnhnscij,69.80493649947817
jfb5xutolvwstoe5,63.581882814575074
5vagmco7db6dmgna,23.54010027263914
hrwzb2waz63sjxcv,0.0
klvapkhm2qv44tpn,0.0006171993106678387
rtbvqahqni5jeboy,0.0
uff2wbiwaz3k6gj5,0.0
sspx63wz3ovoxyl7,0.0
vqtxkz4m6yywwzct,0.0
tofdyfdvmijkllv7,0.0
o3r5oklz4dhhz2in,72.78420910253865
dazqmrwpstlhx3oo,0.0
zuxjdadj4znle55d,0.0
zxlg3othbqj3xkkp,0.011100437205051411
rkpkbdl72zgveld7,0.0
coxprkj6hv4ygtsa,59.33773271996545
bpbdhiz5mcf65bv7,0.0
tu2rxby6cqy35mok,0.0
hvhntex2qkic57kg,0.0
2o2ykahuxxp5r3xz,0.0
zi6emvo2hcdakymt,0.0
v3seuh4j5fryiqym,0.0
2kz52eddwhwfyns6,0.0
kf4hvlxxhkv2lvay,4.583349507029665
5yrz4xbeugub6gli,0.0
epm5r6iy6s7wq7k3,0.0
7voul7usmubjiupg,0.0
uuyb2z2kad7ome77,14.12672641731868
ct5zvzs5sme3iowo,58.99485402935809
ukwrsvkl4peifgxp,0.0
m675linoglou7d77,0.0
cwn62ladvl3qdphd,0.0
sufrmq3v53dv7k7t,152.6862347743208
taedk4vwnq23buyh,209.82034033348057
3nzcebwet6ehxgbg,45.92368724709063
wci556a4va3oocm2,0.0
x5ccposnq6m5foxe,0.0039047286016360098
xiumym7snwl6niak,79.32891539506994
m6h2jq32roduoccb,0.0
qvzjhgwp5iyic4k2,0.0
o5psplgimegf53tw,89.33382606813356
xmsp4is5bux3mjnh,0.0
npb7tncmsrqnt5fb,0.0
wgjcos7zgt7qqumb,0.0
oraffty6opmi7l2a,0.0
jrc577utffzfnurc,0.0
6gicb45i67je7mfw,0.0
v4bnoo7hsdhcbvez,19.209733727910507
erffclnoo5fiewc7,0.0
mwqsddy4hz2q4yfb,163.75650560901875
zafgzsu4ubas7nnf,0.0
6knnlpwetk7syhwx,0.0
xupywmmyxdqrw5ee,0.0
7a6mxjwcjj4lqpfu,0.22267115218213213
vtqeoqs772qve6ud,0.0
iaqhde5bwkqbmsiz,9.045091448566097
fjyxxd6leqs6dn2g,0.06417837444173656
irn7uaybootihsnq,0.0
y33xsvakqdhuupe2,0.0
ikwv7puswyvpaszl,0.0
l6cxw5nfualuqazb,0.0004990317446082359
ceakua2q7bzagknh,0.0050932856877578215
hcktop4kgfbywtos,0.6809267346827196
yaydhh3oephg2thy,0.0
ugucz56xxxreywaq,156.35030205827633
mbnxklanxxuv3a4t,171.5802729403394
vulxj2fifptlyimy,374.76630242814116
e77rroaiykt7tkhn,0.0
l2posa5ggt3sk3oy,2.1243023867506715e-05
nfkzgyentmyalupm,194.8417626757947
tzohw6jtq5wufzj6,6.367546442306561
wchrqifhbqfhbbzq,0.5206797903772153
duy52la6runj2vye,90.77537333244017
q4xf7ldssxgt34ye,0.0
jdwnl26iiqlpvi5y,85.10983407228761
jxsk74faycra2iqw,0.0
iwmnhwv5hebj63te,83.65946841970779
ca2bbbnoippcmq5z,0.0
jlyya3poclygvjjk,0.0
amor3ocmgwsqaish,0.0
aplt4asgfxaeu77w,0.0
bwxyklcul5mhbowe,69.45439814075482
nfn5idz4622lkolt,2.2714514240239105
trh7l7akm4iolmbv,0.0
ynkr776axlzk6m7o,0.0
6aekfkfykpgwwng2,0.0
erxybuay5vlofuky,0.0
kvlnznqq4r4j2wae,0.0
gp6dnpcq6kmyyh6t,94.24248998951262
fy6tejv7nffnw3j4,0.0
sst2pesxfclsjde7,0.0
oweneirn4wtwe6hn,0.0
od3dykgifewxinzl,0.0
2kt5l3sfnrysro4r,0.0
h6cmrtp6ihxa4sn4,0.0
eqnll4x7k46mfiyv,298.2963363035603
6b4mxkhk6ovo4i3t,0.0
whe6kdgus5y62bzi,0.0
pjvqfjnp2xyenmnt,0.0
k5iyo6sznswik2pq,0.0
sfmbm2orryz72b4e,0.0
fsbp4s2nufju72li,0.0
lgoyf6p4x66ba5uo,0.0
wdean5ihcbzkrbil,80.42979163978914
2kplwvffwi7raey5,154.60636605860157
caq5qskzoijhmukc,0.0
psfmsz46v7zpugm3,186.42459231785426
q3lnhjm2d3bukm46,0.0
swm3brxklx5v2rjj,0.00473384480889487
corqlojxd4aghq4d,0.0
775izo56223ffyja,79.56190478121758
5ya6vchzvl6br6tb,8.85952254871286e-08
jsfskndaztx2sc2q,0.009853745720329918
u5ugsxjessd7svh7,0.0
pq4utrv3kjog4s4v,0.0
hwdqilg4ehgoyqmv,19.51381850138804
i4fxpf4xstnuamto,0.0
mthepqgcmach5g3t,0.0
zn5bgzfmtluj7r2a,0.0
4lkoyxhuwjfzrtfj,0.0
mtuc6bcvoyxqms5y,0.0
snwtlujdrwn7kfd4,0.0
gljmc42ipisjvoli,0.0
5lyot6jxkmxl2t2z,0.0
kauygfitjbg6rbad,0.0
5xux2ed7i57claed,0.0
vx77bn6xrl2m7tj5,0.0
xonkjawra4jzpr4u,0.0
e56okdqkfq5r6p3b,0.0
nlwu35sk27zy7si7,0.0
ivt43gqimyiaztbg,0.0011256535603762182
fxgvxjpzs7geb5bn,0.0
gdn44az3wqahna3m,8.398343837687334e-12
3ktnyivxj5cutkn2,0.0008468856340204464
krxuq7qnbhqlbxkz,0.0
muvore4kdfalvftb,0.0
3yd6k5t2lptjeygz,269.4576878485992
ampdotkjfug2ovls,170.12612821547077
mjpbk3dpalsejvvj,1.308349977174312
blnvtejtgtfjfcwr,0.0
xr3g3j3zox3soi54,74.68599361371554
bi4zwc3mc4gby436,0.0008150521966969384
7qxdpnfhcudafmg2,0.0
kikawlmxkuo6sjzm,0.0
7tr4tn47d3hf3ytl,0.0
66khevjo47ozdfd2,0.0
ba2itz76dwor34z3,0.0
qs64z72wklavbyzz,0.0
trytbvxokayhio7s,67.38514773746279
7grev3rd6tcn7que,0.0
qnt7baaicvinhn4y,0.0
eg7iup2bjpcix5b5,0.0
hlalrhcx2egguwz6,100.05136467720459
z6dw5rcikj333njc,2.2311057977431745
5w4l5iu4cbr3mih3,54.25241463711297
2cckheiaxdzmgymt,117.02904533116738
yyvrumfiknrckxyt,110.33875215491047
g5ywzs7vuavwmebk,0.0
sero43zddubovrze,0.0
yrlubfymnpopo7eh,0.0
3zul5yrl4woukxbx,0.0
yjweltswb36xgduu,0.0
mtg7ybjrhgfrgkqm,0.0
icaukt3mmofp45ce,0.0
o3okduwc4atwaoft,182.0034546072271
lao5ph4jdpfpf66j,165.24043580691136
4y54jy53sbk6dxi4,51.8482077210267
enqmgu2jdgbw4nyr,0.0
d4lxm6pcdh5v63u4,77.7193888282981
dxgbusx55htaad7w,0.0
nckzacfjhx6jvfmg,0.0
npnaut53plvuo4pd,0.0
zfyvn4a3kytaetih,0.0
kqvj7setrsbmi4lw,0.0
5dcteek6e24g4gah,0.013509436566953519
sn4qz3ltsufvw3iv,0.000935728435986871
gdbv7rb4qplg7kzb,0.0
l73bhrovowyww6rm,0.0
wytt6hyq6qqqjysq,0.0
3dzh7rgogcxyb2u6,0.0
suzzkds72xp44wmm,0.0
4flzkzxugyprjgz2,0.0
zjhztezn3gs6ag2l,0.0
j6xnjqouglynpkjd,168.63647032508604
ht7ri32ffx6hc5rd,0.0
neiueu6tri532twm,0.0
iaa3iil2xjbd3dom,101.43349113875303
njosdahz7c3n2axv,0.0
4to745gh436humvf,16.420284297765406
mwphwumogeok3jw4,42.36129380492686
uv4nf6a6t2fczpuk,0.0
25jdgl4eipdhrbmj,0.0
muqjbtzhom72y2vj,0.0
bmzibzyisl7jxeeh,113.1950242527821
n6uecrdvkuakgpwn,0.0
zew6ynsntcrpokx7,0.0
ol7vkgnp2ea2nqwm,0.0
prxubi3tuoycyx5b,0.0
nsrcxh6x2ghc44hd,148.2255919800558
lf5mizu7a4hcl5ka,0.0
qc64wjkykpew6ubu,0.0
p44ct4mcuiz7fjrj,0.0
cgsywr2edxzau6xd,0.0
zauz4bson2sgh2mz,0.0
ycg4gpvhwmmyxlnl,0.00398272950404199
modpgwqzp3jyg32x,0.3841779178273999
oo52zou2no4sm2qq,0.0
pxtwn6h7vfthpvng,0.0
mrtuizmxlzbj552p,0.0
v6qdt754nboiy2ne,63.97475888669585
kxxmcjzrnodikrgx,0.0
fmoxc5psq5ntca4z,0.0
skzuaryvoevdflyo,0.0
ws5o5uvbcjpxfrdf,0.0
vnnuurflu2r776qc,113.26697369838851
aiujkxwzlqcx7d5t,69.04189212355466
mbitsolnf3tzd45k,0.001155698675128861
cfcw34xvhjwkikpp,0.0
2p3gazlltbvza67y,0.0
2kgzvp7ictadftl5,0.0
kypfysj6b3iksbzt,0.0
5pkpz7ryy3yv57g3,0.0
4w24yowb3cqwi6af,0.0
ztvv2xzc2akvmhmg,176.37872375355417
24itc2yxdyr5vukx,0.0
s5hllt7jimxtdcdk,0.0
bcgtgup2fpxfk4t3,230.53491157506463
wu4usxrfs5z4r644,0.0
vmaaunza5niph3ib,14.317937519934668
gkuh2x4tjnuu7jbk,0.0
hz7hhffycmgrueii,0.0
pbhnh25fmdwdg6uu,0.0
zsbvoxqzm6jbjghw,89.62166024658208
ofweyvdez5c5fddx,0.0
nu5kh77dr6dj6ft6,232.10223201630805
jyrjcz6gnpu5upwc,0.0
hfl3zxfha6rl6rnb,0.0
nfipvdelvjh6rkj4,0.0
zasya7ry3yzew4bv,137.08012067157298
d52k2sibebvbfgcg,82.116013411093
go5i2xyvwrqqhrki,0.0
jnf57lv7wzqlx74j,0.0
7qy6plic2cuao4a4,4.976256754536305
u5oiitewjwjcy7xm,0.0
34c4azk76pccixm4,0.0
a2ixvdfigeudsz56,0.0
jmb4oyuovv42kilj,0.009033659354556803
kvymt2ffi6jg6xdx,0.0
6png5nt3rojx5bks,0.0
s3kduvicja4g4ohe,0.0
53mq54p4c5znsyks,8.405358061974384e-08
bo6t2oj7xjq3hrcl,0.0
siqzu6n2redib4dp,0.0
d2356mzzphqk2oqt,121.45677438969618
qvb5fayhrfbbqnnh,0.0012216821554149944
kghge7bxr36yftwz,76.15965095509895
altc74k5hyzl2y57,67.92910479427431
2e6colsmlrawqxl5,0.0
odon7tfp5xtamca6,119.0218690342717
sffkwvfyds6e7om2,3.037231121528697
pm5hinys4kebmigs,107.9318410896893
emi324vznzvc6osl,53.18749069201178
zcz3n67hjywyc77p,0.0
bzyclhmkgbvwqad3,67.10430814945057
gjr7fnv7yegj7qlh,0.0
e3l76fx63lymzrsf,0.0
nxdl5syq7te2uosd,0.0
vd37xax27dpweshg,6.842088362692769e-05
64w2b3pntj4wrota,0.0
hfzxtur7zkfwulvm,0.7584773386063302
wcy3gx35z7qltvpd,1.5282742415763722e-07
uupq3czrgpb46tbv,0.0
6tpg7b25vtpl3fz5,73.5882768005689
rwjilqfdkicf25o5,0.0
lisslg2y2brf7flj,0.0
fg7jl3qm4i5wrcqi,1.5962927743186577e-14
ykcemh3farpq3vkk,0.0
3st75oyqkojioygd,2.357327254236552e-08
bj3cabgp2ecgyz4h,0.0
2j66d5beuckbx4hc,0.0
vslkmrtsvx32lqyv,0.0
yx5lxb5hnmrmnqik,0.0
g6i6sjzwr6fmbbzh,0.0
d7u6vv3ohojut5il,141.13940372152962
2cw2qwzidg2c577n,0.0
3jan2m22yb4usojj,24.629613770969527
fggs6jv6tawcaeqt,0.0
7ykn6nqqsihgkkzu,0.0011046743331525996
ym5zgfdvzg6e3bo3,153.25379921370904
uiz2npvaqpieq3zc,0.0
ik3lejr2scpsvphy,105.99200227432692
344fyvn5vy3ysb6t,0.0
vmj36ddzuqw47r62,4.1727968206255
lmpixtv423qpjgxf,0.001916551776050097
rrfghbrz3eplmrnw,52.45103234506565
sqywsfqapqhzqjml,0.0
hhultoritce6zzjt,0.0
5ybtph7u6jy4oc4h,0.0
mcmyneho7gw2bk2t,135.5492088425039
lo3vtyiu4s6anm2g,0.0
2deza5ifcu2gu66o,21.412783285299838
arnwz3m4yauvkz3b,0.0
w7e7gfwl3rkxy7pc,0.0
ueuhokpvy3pufahr,0.0
lvhdz3wwga2dohrh,0.0
r576ijigvlujaiuu,0.0
bszsrslvft7wd7u6,0.0
nbkwjl3aqo2nnegz,0.0
nsibucdexfhqjsgb,79.49432298846892
6zrtiak2ccwfog6x,0.8821940603024462
uvxkssfprzl6pcyb,175.2743562832509
455t6sm2svfcw5mo,0.0
ghaxqh3kehz3dd74,0.008595423416657082
3gnq4ntizhewethw,0.0
2mnu3igqijtwver5,129.64029011484405
vg5ehcttmr3xyyot,0.004668129052392941
dx7mknzysbnel6ms,0.0
w36ypx3i6bkyu36q,0.0
fkchp4xkcfylfrh6,0.0
wfb5ycswh27fs7u4,0.0
y6ooafk67kmv4tph,67.86171131440841
d5hoccymvilmfdbn,0.19784867636730277
szdxjreq36vqqbfe,0.0
ixzobxzc7d66wl5h,0.0
3of6mcl6ytctgqa2,111.14424446582049
fszfjmtateentnr5,7.302557289332018
dfvqnbqoxywy5e2m,0.0
fy5s57gdbqjfqzie,0.008361780041904401
kgqjyiraquaaohvb,0.0
kxrxdpfvhttpb43v,91.11009717223713
xesmuqlpsgzrqmrs,0.0
kmnvsyzcw2vhew52,0.0
tvw6k7d5ozvfdpfc,0.0
hq7svsycwnyqp4yn,175.99428328409147
x6w6ro5mphiw3u3s,0.0
ahlhzctdujbvkk3z,0.0
knydry2d2ugo5tpk,0.001102596678529005
lt3pa45zwxhrplkh,0.0008468856340204464
l4gdleucyvbgcolb,0.03352386346727563
y45aeaha6vmowxva,0.0
mn4uypwako6hk52s,0.0
h76ej7o7cjlqjstt,0.0
dvzsvvjvonhmt6pe,0.0
caepivw7k636hkzt,0.0
4cpehty5q7j3twx3,198.90192620466902
lgspozpchq4aitwq,0.0
das3rthxqqvt43zc,11.836059815585926
p3apjmnmna4qepdv,0.0011138231860326456
bmlcqfo5tsp3osam,0.0
uw2pmgxgqwhjojxc,0.0
l3rtlcoozavkna4e,0.0
d64p3s4cs4ykcwzo,78.57070256742713
fndzdssdqaolyrsa,115.11059842648669
xu65zqrwkad5726p,0.03568658585536104
3sxyoyas2b2gq6km,0.0
kso7agr5vbyzmor7,230.60696442711094
leocqs46g5xwibsc,71.80762385899243
zaguo3ez7pm6gv4h,0.025024248876567276
qotc6ojyu3exnuhk,0.0
zz6v7xm6pbnouiel,0.0
vv6rt322bahauzbl,0.0
u3qhkwjmdazri2pn,0.0
d4dyy5qrgz2jg262,0.0
5f3qv555dsczvxna,0.0
6z7tm54dm32qrfvy,0.0
wybis723ozwcc6je,0.0
bdcuis34nzx3zu2w,0.0
3dgdqz5ljaahwmvj,0.0
czosjhoghsjn2l3t,0.0
voerb7lnksbmj52s,0.0005730914713400451
z5uzmn4kvg23n6ss,0.0
ojfmv6rrdznk3fzz,0.0
lkrjl7zx6b6o3wcz,0.0
5vozgupf3v3etx3n,0.0
zxyx3avglw2wfx2w,0.0
dsyfrxojxvjrfjf2,0.0
kxcn2gqoxnc65osx,0.0
7lqgkw6ez7gmxtkz,0.0
moltgkzjn2ibsjud,0.0
j7imamiapzbc6jg2,0.0
7ecp6rgxccuos3qn,0.0
di4oxthv4f6xxhqy,0.0
4c3vf6j22p52i2oq,0.0
vp76vmw2ypvhdaxq,0.0
3tftphtkcqokm42r,0.0
vgg34jgyjc364yyt,0.0
smn3ravy6hmifopq,85.35670913444181
i2yl2zq7rkyfgfs3,58.08755163189784
by2al2nyxrhyto5v,0.0
wzdcsjqqviqt56d7,138.48726033675564
bg7xdclpi3rigemu,75.75987819958677
iutal6ehvsffib45,151.85220931105698
swbw3md45dps2pcy,74.0698911435889
r23r7xyjucr655or,0.0011046743331525996
qeuyjfo4ogwudyjt,51.31235951585022
4r26wwjvl4mllaif,0.00012155617248390678
6tbponumubo7s2jg,0.0
frykgoqg5fyzk364,0.0
c4o32d4ffxlpy7yz,1.0809146235249524e-06
nhsev4usixg2iiol,0.0
geuemzxdnjsobnnq,0.0
iqhhqdpobsoeblux,0.0
dtuxiaz3tmczecod,0.0
ojiiise7bzhlgxnj,73.95631014768898
gu2bylbjiuw2hxwc,0.0
xttpvhoa4qsh6k4z,0.0
hjs7ncatvmtlaxtw,2.3268319919829707
swb6fhcxixnfzieo,0.0
b774ggenxn4nnaf4,0.0
ivjgk7oenqxdky2e,0.0
q2uitjdkczzbeljq,0.0
swrexqnv3aryzsdk,69.94228772158417
bxiavhmkz5ffyggb,0.0
ed37ktulhlanboxk,0.00030462553540402845
gqoqb7nesxkbspq5,3.3613421295701382
iadxs6dlvbehfjrm,0.0
t4ntvig3oghgs6tv,202.74517905812635
yotqzujerfirorej,132.31782197418536
rkjuiavxoc4x7bpg,0.0
ukxcefaseprc2a6c,0.0
5a2xaqi7633v7bbh,0.0
ovcgu3guhs2hkl67,79.18983304526334
urkqspkhhxiqhdvv,1.2974028437873069
xms66n3yfgl6w3ui,0.0
s5hzuvhbikabn5et,0.0
xkezdjrchv3i3gwh,67.88678000516957
rhdpwucm2jgggstt,83.05632684605771
rjoa75mfldxsnc3g,5.567542792738994e-05
nnz3qyzoesmfesw5,0.0
mr53cyht34wcj6xx,0.0
mo3kmurpkz5d6jbv,47.67745972340068
h7puwby66e334orp,0.0
asht3h4lnh3hu2ys,172.70602700696114
5wzib5v5lzftwfco,0.0
arm4n5qoabo52pob,0.0
uojnl7kki7wmafp6,0.0
pom4tyoo2u4etxdu,0.0
sqedrujhgvam5p6y,0.0
lqd7lngyhh7opxfv,1.719230790578766
cl6idko5qrj2dhs3,59.06736635773372
l2yjppnwsxu7xfqj,0.0
6v2kx5netef3ivj6,0.0
3nsztg4ua647jlb4,0.0
6qpydgr2cub7zyif,0.0
funicu44krbh6vjf,8.65019550609831
wx73hzzru7iveevo,0.0
xq2c36cmywey6kc6,0.0
inwtwsjwyszz3bc2,0.0
tyrbgkomd7bapgpv,0.0
blanlttwheznk7am,0.0
ft7xxipcoxe64ya2,0.018032536193462234
f4xt534ardnzye6m,0.02445307593709992
nzndoqfujgswplqh,2.41862867674809
jnbd46fydtjybjk6,0.0
r7f52vqo4pihmq2u,48.7414368151438
ofj346ibgcinz3yp,0.0
iwkjgqxjsinnt4ih,104.62601056648302
sfc5ir2dyd7l4myx,97.87103114610595
dsc3oyd6dhyf2o7s,0.0
sb4aobd3a3c2ps7w,0.0
ztzuewpd5mtbn2ec,0.0
veouggrvaunrgixh,9.699199038910037e-05
zbpl7evwdihbn2vi,0.0
mc5pinkcyyy5t6my,0.0
v2gl74k3pkcygdbo,22.35112046355046
2pn6y2hnflb4qd2a,0.0
32a6wtoo34zo6wzx,0.0
wp2rgqqu2bxipx3c,0.04959504719123481
5tkhcrdz2u55q3zl,0.0
t53qh4dqifp5iy42,0.0
dnhqsfvfd4luihep,0.0
ajjzv2hot7k5wgeu,0.00018436925411779016
sxo6nqf5gtsxmibj,0.9541795804670207
nk65lue3r7upwgen,75.41325088789145
setenbhdgxlmj67l,0.0
fv4inxhmfdmv5h53,0.0
3buzuejh7ubwfhox,0.0
vnm5mqv5ul5sbbjw,0.0
wnseckxt2iwp4uxp,0.0
txsov5mmcxejwexi,2.155529624657076
3nigu6fyzx5qcpgg,0.0
pdiseurw7nninzep,134.89048180837455
pm7evyfrhu22ncpz,0.0
iwuihnmjf3asnaq7,0.0018379481203342428
hccjhgf3oksv4wi3,0.0
ghfsq2zme4kuflph,335.53091571760837
sfjxi56us24zgdip,0.0
o3lssbita32ojn2w,115.72816384903274
twvukt6pe3anm4ae,0.0011257820395939328
rhvtnrsfspkup7bm,0.0
ljswawrypsyw7y3z,80.48395797169107
urzj7lyg6l6mm4kj,0.0
uhpwn3yowrfrg2me,0.0
u6fjxq7pe5vocmiv,0.0
xjmxts256vekpnqn,0.0
agtnvmocgwo7fp2w,6.36820562137642
ualhvti6mghp2cup,99.72077427982377
k6xe2h3znsgcsnnv,0.0
v7piceygqkms3m6z,0.0
bsxet7dfjj5tyion,0.0
rllxpygxksmzai4o,1.321639428151495
7pbt5rujk7q5esgl,91.24277779666102
zy7nlxj4cwsw6npc,0.0
tjya3rwrvvhch7av,0.0
2cmiren6ptuxuhjm,0.0
ldaks2rdlrobzx6x,0.0
4t5pg3lejfoopdjg,0.0
p2z6sspcwbx5ankc,0.0
nfoyixkpml7obzaq,0.9776607287807725
bncyrsnv5cngspps,0.0
y36lxsgndbef7k6e,0.0
vx3qvff24ipcm7vo,0.0
l4qjfhe5syz3ircw,105.3279679814623
3pv6uw46hd7msyel,0.0
cpjn6bpt2dnkxizu,0.0
7o3pezlczpvlr5nv,1.3061465910787897
sun4dvqhcewtpg27,0.0
folr5y7q6ksxgyzu,0.0
wwmryclmhptywbmq,0.0009862538216986322
ift45zyplv7b66jh,177.68278052379097
bcf6kyxvm6dab74s,0.00041724575818893607
jzhea2pbulau74as,0.0
w7ghghphn4ftasag,60.336790138579694
cyq4xgdivo4yxoaj,0.0
slj7mqxcjpua6q6x,0.0
3fdua7nhsgoka5me,0.0
kfeatvvqyazepkgq,0.0
iyqgm6lwuzyncznu,0.0
u4snfbs3unk56vbh,0.01586263041380511
pans2bknhwrwbpps,74.22464786544693
mkoo6o6sbzzq4om4,65.69844850755184
plidts3qybya24t2,0.0
4nvxd5txu43wlxty,0.0
74nf4lfwdapmpw4a,0.0
ddv5ept74edl57zg,0.0
ge7xzckzvpt3iput,0.0
rnm5iapqf5afsxya,0.0
ojlzppg7q5gpxrwk,0.0
cunry566dwn7a6bs,0.0
oygeu4uc7upsgvwe,21.20700021490121
pvnbzjp25ryocun7,2.7462487810625285
p5atzv7tfqlhvnva,0.0
vbgn5wmwyh6eywlp,0.0
vf3l4jpen62qbrdm,126.11606871353634
ze23mwslmnyqmijr,253.78504884454506
m5kej3kfjzutpxd2,283.62246875141574
lmnz2ujazomusgh7,135.30832786574533
itfyolpnaa3wperg,86.32529448741008
5tyfbi6rkwfdfiem,61.763584981165295
xeznpo7o5gl6tszn,75.4261190958932
v45zdlr3qvm4fyrg,0.5727609830450713
clu3zyynybynupht,0.0
v7hp3gl63cfqf7zi,0.0
hyomnb2xwi24l3f6,0.0
v5trhzlt7eem7kjy,136.67009365909678
4byhtb4i6jshwdmd,55.59312335026853
pdll4o2ug63ldgyx,0.0
rvs2wmd64ee5l34p,0.0
od3b3tnejbhdq7hb,67.96791661822735
tztp4krfbi4ca5fm,0.0
lhulwbismxtjaobk,104.99400519806431
aabg2xai3ticfgql,0.0012005163732385744
cyujrdrolcjbw5m4,0.003389052749259973
k6xdnxkipbe7inzs,0.0
c4rmxqa2f3enzove,203.9560243581431
j5nwfzocyohjrh46,125.15546256797967
jbw7t2d2p546fmoj,0.0
z467oyiqcyvkjequ,0.0
7ra6jgv4tj7iez4k,0.0
cnlwv4duzcuy67v6,0.0
hzisxpc6xhkuydys,94.21561141598175
tnriaipcx65rikrl,136.69026402330877
7iccruteapuuflsl,75.3625587100845
n5qvy2hzufgf7n5z,0.0
d2tztgy4gtb3pojj,0.0
36ni4p7ys2s3a7di,0.0
dwne4rvm3jemwkpy,110.03631215913657
3j3yzgqcdofogcbl,0.0
byjaxlxajnouurf7,0.0
gzojzgeqrdopz7eu,106.66619776260983
3buy3az2r6nq6ijc,3.7700583611712672
zathnlfi6t4txg2i,0.0
ysbyuapxjngpftlf,0.0
52ktb2zjrc3afe4v,0.0
mjplw2lisa5iknub,177.5540117536457
eocmqml567z4qcx4,0.0
ok4cakmn2ky5mpdy,0.0014181879431905923
encbeh4axaokdxnf,0.0
c6dw3knukbs7rv6e,0.0
q5wkkhmiu2o32dht,0.0
m33kyldzumwxwbts,0.0
txyr7iyy4kgjuizr,0.0
iqtykxmtwxsyi77r,0.0
ap6ymlwq57eskl6s,0.0
7ylu5ak5wjcxl5ve,58.028348624940584
ekfcqz56kea5ntu7,4.49715099361949
4tt67hyknn7som52,0.0
eol2q6ea5ldbea43,0.0
tnnmcyajhoe46zcv,0.0
vjueq4xwgvay4isw,0.0
4hfdwjs5rqjq66pv,0.0
32lqwzg3g7pm4ev7,0.0
ppkdpypqrpgbq3xn,372.3568350543842
noqtn5iujbzdqwer,0.0
7aub5ijvywt5i3dv,0.0
zqtnyds377awfp7k,1.333991773391976
im7bonsqyyf3hgoa,0.0
fc53mmx7y5kqcvzw,49.2709974425217
jqe22dlt7blwetsx,0.0
td4mzqnmrudfidsq,0.0
fszutod5m75kbtzc,0.0
6nyi37p3ypi64m6o,65.67142282327187
jtkeehwx73xptu4j,0.0
lx4exvc4yc6khkag,0.0
czdcipdmkvjefhuo,0.0
v55rdtne6wgbqaoy,0.0
rd2sxvehuessjews,0.0
cgnwbishe3ppa6z5,0.0
piae2ln5b47qan5v,0.00933952491161274
rvjxsr4346bingc5,0.0
f45gceexu4dt5j3w,71.04303811152911
ompm6jbohteddpf7,0.0
vxgqca7zitbr3wlp,0.08283379053956785
qhvwbzshwrlrr2lx,76.93711440908237
lmkhmszxbwl46cnp,0.0
p3x4pp7crp7dss5y,92.30431959563086
wkpff2vqzaabp3ca,0.0
mlbze754tuon2vyp,0.15407476730716266
2bkjfavnt6skbf3f,50.81486188341419
air7njiyui23c7k3,0.0
i377w7fiocpz5uth,0.008361780041904401
jeqfw4kpwrkuwx4u,55.395979446974565
4q37qgxbeq2zpzld,0.0
gzkfkrppuhdfgz7h,0.0
td7yfulvydpqcqcg,0.0
pwwk4vptc7kap6pf,0.0737401155510914
dqcr6mc7yl3czpgs,0.0
7a3pkclkzjwgx5vv,0.0
t7my3znxvkxe2gnm,1.7792502543085964
se3q7kxdfl5mql7p,0.0
llhgixsnm6xkrqrf,67.69129336352846
sfkvmbxzjtrujgm7,0.0
b7smbooaxfxegbix,0.0
yrpdlcyhg2sacij7,0.0
bnfk6rm5oinhr2ma,0.0
nj5wckksuc4l4q3h,147.492931990862
qgi2hstd2luvog43,0.0
jxcjqxqqpgbodvpz,0.0
zkplrjpbatuavvby,0.00450811446393528
x536ms2aag7wle44,0.0
mtvb6cwhfoo3kkvx,0.0
6ihatokglq5qoos6,9.699199038910037e-05
pxyg5m5oq4vytpgd,143.08918191996747
u4n3rn63e64ybvwc,69.75256958741319
eiokqks5qrdzrzez,0.0
cfg22ooid2dnf66d,0.0
4mn5pzjktfojbl3e,71.16234299162063
dmpdov57yivnunfs,0.0
rwlppg4uq5cd2x54,222.55344319264776
bozbsqb6mcf5e76n,0.0
2iho7smfm2sd5dk4,0.0
fh46zp2gka4avl7j,97.59390515520786
dnt47kyci4acztzk,0.08342688339908748
ghlyrq77smlqmkfm,0.0
mckxxdrdb32rmyvn,0.0
6npien67hfxik76i,0.0
djw63nxxlvfbegos,0.0
5a6zu7cs5a6w4pbo,0.0
mgjkyjynwbl3umnd,0.0
huws5jls26nujmus,20.965598218620777
d3vr6zjhepc4cf4j,0.0
jkxtdpq74xdk2pe6,0.0
joccjmema6mjk6io,2.939941081252222
qwm2vekat63de32m,0.0
ddj6htgm4fe7l76n,0.0
wj5mnk4aorznpgu5,0.0
ghcmuro4up4uxwcm,0.0
7ohqoft3bjpybyr4,0.0
tsuluroxne22k2sf,0.0
yb5fjlw5twrvhpxz,0.0
nv2i6xyulwmgl6rw,1.7218164178620794
gmnz4val5zt7vcd5,1.9607018452670253
ptzc5ydfabogl5mr,0.0
kzwcjxxecd2dmkfh,0.0
jkfbex6jnngark4c,0.0
5wbeknb5aury4rio,3.289564781071572
xjlfseis2jp2co3q,104.35546489764558
vlkskbh3njcx56dq,0.0
45feszx35agezor2,0.0
7rukzmnt4fbqaq7f,81.28440962817834
y7xgfidvwcqvpdpu,158.02455701805314
uy4pc3sc6j6gmlio,0.0
hczl7v4uqjlxxaug,0.008361780041904401
6jcevwhizvizqpex,364.8113955150372
w4sdntoiipu64qgh,23.705160212983266
p5eosmxp3b3cajkt,0.0
75npsamrvulxocus,86.6181522377014
7udprmgmqx7qdb4u,73.67268004011893
mtoonsvvk3rtsf7v,0.0
j3kxs5hpapf4tbr2,0.0
pnilbo2jas4bap6j,0.0
72uphvwkvn7wuvqj,142.48561613548088
a35m3tagbtm3da4v,0.0
7fhw35p6eqjoo6bl,91.53149292498227
db47bg3zzjyrtiku,0.0
wf34klepc2irgjxd,0.0
uoqadbyijuizztsc,0.0
apdqrpjnid4agrcj,0.0
wynfwxfwt3gvedbk,0.026662719704625262
7qxontet4wrvf73v,0.0
42zqqey7pnleub72,0.0
nkyesvteca6ujvu2,0.0
xgvccqj4ycxdxd56,0.0
3iqylalyhnd64onj,0.0
pogmbznzpjzsjxwv,0.004662432130161622
l25o4ltle7gfwkh4,0.0
w4qf4z2ebnyzquis,0.0
phagsnexwpt5qpdc,0.0
v673iaevgxnxn7u5,132.76991206320469
ofxco624an2njh25,0.0
qczabw5xhmrvimn6,0.0
qj2ugs4vmngyfzyr,1.6079619587176217
rwq5fkxehx76hm2i,6.273048123750981e-05
idngvnzaar53qfyy,90.14496754267378
lxtlpp25fciabpy5,0.0
oxkjhtjtakdtgynp,0.0
u64gc5iz5qjhc5vj,68.38898215490805
smic6ntigx7mjolh,0.17953256807078177
hmy6wpcwdawlpdpo,121.95856301413843
tot7oxgsqcqlnyeg,0.0
lmadggtuminmnve3,0.0
sg3tttcqwx6hcbgc,13.127219139654276
7qcfitczmovks5ur,0.0
u5bblphpugsv5qmc,0.0
q4ecumscw3rmst6q,0.0
nn5c245rdc7ldeou,0.0
q2de3xxktj7zkjca,0.0
cc23e3ok3dm662qb,0.027004502200041167
iavkxpqavi4m5d5x,0.0
boweryqkkj7vvdqa,0.0
fohqiamx6cc77lz2,0.0
vwabohwny3bpx2lz,0.0
t7jmgzrww2tn5bci,0.0
keiz5ggtvrwcm63g,0.0
cvnfspj4ie53d6lz,0.0
ytxsv6urebylb66i,0.0
bzvjpthnmhtgxtpr,2.776718203138773
a7yeyd5h3gvoibff,60.039229366811
73n7xbxknssxipcn,116.1023868240065
hlbabku2ffhwmbzv,70.44217263869051
elkfsbxjo7nnst5m,56.7547641936992
cwgof5awpdrk7fmk,0.0
qu7loaqki2xrf3va,0.0
6cmk7h5zo24d4b3e,0.0
cxgltf3imizz2uty,0.0
ephsaayvciuz4zta,0.0
osdijvulss25kq6m,0.0
w3d5fb2673lamevf,113.76576347886146
yq3nz2cwi6c5zkqy,0.0
4rvhsg5jwtswdxhn,0.008362353394626975
uvsebpslzpvkug7a,0.0
4juo4tozgffvk2nq,16.46199944468234
ol5h3sa4bvfzmcbv,0.0
swgm3nz2klfp2flq,0.0
4edmqjafblfpa52z,0.0
5md3a2ocndsqfyua,0.0
4vxud46orbqlhpe6,0.0
dry5uikzq6w7qd5q,0.0
dtvtsopv7q6lv566,0.044694654575277847
hju5icihpb3zm44h,0.0
tmh5am3a4f3mag4j,81.06332019573217
njsxpysulojatyic,62.50005878041603
64calfburemyh4eu,166.3221139558651
kihvu2ncspfwf737,0.0
3x7brvivoyoupzc4,0.0
i7cori2s3mltbnfe,0.0
ex45n3kzqhfnbsmf,83.34635238031106
dhhcr2n4lsgekrna,201.78917547985924
rodhldz2w562zxso,0.0
4xeunchjlflblvee,0.0
koc6kqarlrwwc365,0.0
db3erbndqkoghjhb,0.0
ge5vllrigovqdz5m,72.00052130858512
n5vn65nlgl6chbhw,0.0
fuadbhype6aa5n5z,57.07693359485792
3wohnpzvxhsvwbku,100.39999209117019
fafy62jsetjwruc6,0.0
ztxroltjx755cdpj,0.0
ccur6u5me4humh5j,0.0
bvyg27zssqu2g4rf,0.0
do6ppbgiabekwe3x,0.0
5aobieakjbc7zm6b,0.0
pjw6lhrwkxliw237,0.0
qrimoycuusdsvffk,0.020547063568280007
l7qt3dqkfycynhos,0.0
eo2blj4zf7qh7p5i,0.0
fecrd3z4jr7a5whq,0.0
dtvnmufcxfbsns3q,0.0
liji3vi56fx6q5ct,45.579421359007085
yli3iiljv22eol5d,0.0
l5blz36cv73762h3,0.232421970247094
s67eai3dhxqsvw6a,52.59622566023116
r3tkfvw3qmzdjn4q,0.0
n2b3jgqpeg3fpw5z,0.0
haog5wkoudmk7z3p,0.0
ebvtf4pkvh7w5kik,76.3993944359081
32ge7eoctyqccgn3,0.0
3xlu46nb3hegfsmb,213.67203895472943
b5n2p4kzxpkeqv5r,0.0
fejr4z4xihsyglmv,0.0
3bvubxuvr66j23ae,0.0
r6lj527fyi2zqilr,0.0
4okqontpr4i5d3g3,111.51256179198379
obxfxy6cp3tvmwj3,0.00021714791096189438
44nkx6gha2ybwevk,0.0052909210936482815
edizgsyn5ju6jliu,0.0
ciev6puxqbxai2cc,0.0
6nregofktawl2b3x,0.0
ios5afathkci5wtq,0.0
2tisli7qhiqjetea,41.791506444191945
7c4zmpmjxwztrqpb,0.0
7pkigvkn6raclsh6,0.0
dvl425w7szhifv4u,3.411452209806691
dwdmkjr6go5zzvje,0.0
cld423xobdtf2wd6,0.0
2qsiw3vjtipmw54m,154.49149961174325
cgbfmv3uvg7epjkt,0.022089112450750934
liapxzwugtsqhhgs,0.0
yp3xnj32erzdr5wn,1.1823562286311515
y3mq5weabtyo3bdh,113.79875223541
7lvozdyo3zl7lqsr,70.47147849671019
4bzvp5y7pnraok2c,81.63792404815442
erlafxczvawwnlos,0.0
cdr2mvt5pzbudesw,0.0
cmm6zyy25ucrw2de,0.001034211128023093
zhy4jh6ulfw6ws3n,110.78856561434549
3axtrr2du7y4nuyc,0.0
uveufbr4rdmfaum3,52.456758562887394
nvu6e3xlqi5cdg4v,0.0
jezjnainokmurwc2,54.43245157178984
rzxx23qpeg2l26bn,0.0
diu2w4tfsn6s6xut,0.0
g737u3wjcdlc2h6z,0.0
miehqw7z47ews27f,8.604256789072716
yseuvqlfsc362ebg,0.0
cdz4zpfalganbylz,0.0
cpb5vy2l5indoyfh,225.9401183366022
he3imtqaqqxzghsu,0.0
neg7225kgzrjyfsp,0.0
utmqb3ithai7tqvg,78.77942089365045
zx2nqyckicoikesq,0.0
avzallxarls5zaa3,67.528903051777
544us4v2jjdqktao,0.0
ylyievusmzqs3khl,0.0
gwtyxe24pgowwti2,80.2671294706318
kzylr6eta5724eav,0.0
ju7me5g6jfyfiftq,0.0
in7ka6dhcdvfexrm,0.0
mn5ovrqjc5wuhb3u,0.0
5v7rorbkuvzhpp6a,0.0
vsj5kfbtajr5usjt,0.0
rpuhmug3qzev3ig6,0.01866096672186159
vyrwm55sfqwktw7r,0.0
m6ckgyqyqgylt577,0.0
u6xct6kswb6zsymf,53.41299383889334
impaxletfy4cbecj,0.0
oq4fedk7zi6jigge,0.0
clhhv7ql3y55sxtt,0.003460446096226968
o6fadoctrw254vcw,0.0
jit56azp3fhcqvp4,16.605285203039752
tnhnpvt2xfj4vfqi,365.1703892568205
6iragyonrs2i3cug,0.0
gt5za6xjxp4yy7de,0.0
vy7eah2gill4zb4p,0.0
bbd2lbdp7bjogkua,96.90196123659996
j67cz22ecwja5n4x,63.407448095043364
xr5sbtrtncdz4rej,0.0
fo6vtvdfisnwwtsc,0.0
wljnr77bziacodz2,0.0
df4mdpwzuj2mjhc5,0.0
rusx7r4mgmiq4xmh,0.0
u3kgzg2twkuvalu7,0.0
lvrfuksx6sclop3t,0.0
4vj4jrm3vm44vqip,0.0
rnmnna2z33jwl4gk,0.0
xswauamgq2wp4gew,379.02181971243573
wq4q7dsmm62ciyy3,0.0
vb44ql6lrijitj46,0.0
3ve6dtnzrtru5ed5,143.6810456606778
h5buoehw4ewuxacb,0.5913487341691418
aprlukoy2nk7j7rh,0.0
2le7oovyanaygo55,0.0
5ldfm2nh7bytijnq,0.0
oxkqz4eakkb4jixq,0.0
c7k4u6qe7xh2kxxj,0.0
aw4rnxbtxjponsvb,0.0
vljl5tvrbnuok4nt,0.0
334nlustn6zblhgf,103.46035709859568
acadeubeokq5mvht,0.0
x5fqabkhhoh2nl5o,21.281638668015766
ub7zfik2xvfqfxbz,0.0
li74zhb3i2j6csj5,0.0
ms2hth45eab6jb35,77.57546112942464
vzllwprqvb2tck62,72.5777628198417
jgbpg62unxyalapc,124.60930268974857
v6gxlo7saqslq5zj,0.0
cce6v4wpsofqxfpr,0.0
yh33o2ozwnqifqcc,14.185438261023794
io7qlf4nbehyy2qs,0.0
inf5nfgxfhqojws3,0.0
sddvj233k4uxcksg,0.0
crdlprob7mvxt3ww,0.0
nl2m47z2b4q2pcxc,0.00450811446393528
tibeckjuuihkzc5x,0.0
t6engo3kkjihski7,76.4172232282648
wpwsemaxzp3zqx4q,0.0
uvsem3vnlbtyc5nk,0.0
r3ajjlq2bbwm2y2y,0.0
hn45lr6hznitmscm,101.09928691018152
b7xerqhvao6i5g6c,0.0
z7jstdnxeceeyyv2,146.500103430278
utbgk6c2dgkyqv6c,84.43490073308926
qorjtcefqy5xr4dn,19.408035017315733
pnhqjt6pyel6psm6,83.56993504128116
6btaaggx5qz2nmly,83.44326080457964
srgf3tkxvzckvqet,2.877826667689459
daodd3gwod46j6v7,0.0
pnd2awq767re45wf,0.0
a7mffykk2gupkkqq,0.003551648850081175
c73rpgm2cbyk5jzc,0.0
cb2xxcjxum6jppk5,0.0
huiyypop5hndjbxg,0.0
dn7n2xcwy7p7ojoa,22.008406018582665
ju5vg4sbmifdonss,0.0
bwlvhrj2dgaylulr,0.0
w6xdb5toimerzru3,0.0006706609082971837
hsdrpvza7vysssvf,0.0
6t2fg2ugbca4otle,0.0
62mlvplvmrqirqwm,111.85208041108223
dxbxef4eu3ubeigb,0.0
3t3un37tscu3twzu,0.0
7u6xtkh2tjn4uexk,0.0
pxwqtmpo34rlei2x,0.0
lsktbckddb3eiklc,54.422413798723646
2bxz2fvs7dovutqq,116.98242400980179
4qs4ywotzctjjjvb,0.004031189040273927
oqp5owujt52av33f,0.0
tosczthghqsoarz3,0.0
jbsw54jckrhzdhw6,104.61455094217573
a5xp5xv24p6rjvkp,0.0
g3cqi5z4o4ysaydf,0.0
wlbsfysh5cv4bgwe,0.0
2udwyzax7mcki36x,0.0
rdusco5hjcht3kep,62.43342226869162
6jiyqivv6cbt3a5d,0.0
w45r3mlglfdnoi5d,91.29799362852361
zb7fcpsxc34cspnb,0.0
hrddss4q37r5g3cj,0.0
hyw2bocefi6cwweo,0.0
hsalsw4ljtvq7n6t,17.957466813025157
zrhzy3hrthpwird6,0.2474081154936582
6cwjulznuwacmezm,124.74907727638805
vzkfcyhum75hyxmj,344.3970058768733
ra7divh5ij4zkrei,0.0
omsdpm2bwghwyybn,0.0
uxcffbhhn6snalqr,0.0
eaaxan7qwze2l5ri,48.40678153442586
avfd4b3mm6hjgd74,94.78524146573699
32bohr53lxznjjz6,0.0
5lz2lxtli4im2a22,0.0
tzzigsfo7rgaauqk,0.00473384480889487
laolr4ejgj5bk5ve,1.935913960369207e-05
zztjmqrpsrowhpid,0.0
g5uy4jxfh7ekbbtz,12.097202110598642
w3ntbbnb4xzqycjw,3.264101382550617
oh2ot7fq7b76h5r5,0.008362353394626975
kog23rvibjhkrmol,2.615256281679835
qccj3jape3iwt5w6,5.586445716106969
eahl3or67xsuirvn,0.0
qmkkvkur7lnfntai,0.0
neciyarjowdigomn,0.0
mqusnxxekxt26xvu,81.09884001127152
75uzoz5btzrvdis5,0.0
o2mnrdarvlnebijp,0.0
vf6l6j3nlna4zwqk,0.0002113580555059432
kecdjrqq7o527at5,0.0
gk32pedapscges3c,0.0
o2oxofsbvgrem3ip,0.0
lybpwzpavhnolkzk,87.57336679257116
sk4miqqpuzfpdscx,0.0
fd6iu7kbuqzsedg3,79.71575912580946
l3kbwdrbb3kf4hsi,0.0
4jnuvipvd7sxkyv3,0.0
3zvjrlpdganvydw5,0.0
rcskmnrq7qiocma4,3.63676856400368
vqrqcbpd4227sj5p,0.0
sdbowr2j2a67a4ho,0.0
wvmdfikgananif5c,3.0831177576349256
ia6q36ysdcs3xinz,0.0
ejwischd65oex3cj,9.573412118427974
6eodyhrpghrtm73e,11.758701702678554
x3eldyxv6khj47lz,0.0
iodvxt3jrxoeffpp,0.0
zmm2ax4ng4kvmivr,76.58726472678401
iduxhgcanzoje44o,0.0
xldhv62lbqcnpzxj,0.0
hpic2ys6m3yfy6v7,0.0
f6226d3m3bvchczb,158.1395932839407
ojhtilmpgezi27e2,0.21463482759517225
tncgzek2oc2qqcud,0.0
uz6vrhcx5yfnsoz2,0.0
uwepomy7t4batqen,0.0
ceggrf2l6qphd7eg,0.0014207008722827129
bf2irs667c47lajz,0.0
l52heiwqteepjo2d,55.40405121974692
diajh77yc7277jlc,0.0
6xrfvwlfju6ozwun,0.0
l4holt6bzuwjwrxx,0.0
2acz66jvswlret3s,59.48449608184829
kd3mcygfll2vruvs,90.97510135722213
ze5zscwyhwlunoct,67.09403507362015
2hknuvh72dx77vml,171.63178983113477
vg6tnzenpkswwmik,0.0
mav4on252phhpbjk,0.8420227347984813
wdabupxpgjujmicf,0.0
tezh6ykaalx5c2sw,0.0
6a6lw37lal3evgbc,0.0
bppqoohbas2kijqf,0.0
76gw55rqbpi4mrgq,0.0
zhx57et32ngjs5rl,0.0
oquef535zi4nwdj2,0.0
3ch4aeeigdvlznay,0.002983413534571552
347exhsrkkevkwxi,0.0
ves2353gkme2fkm5,1.5962927743186577e-14
isr5bd7xdahesn4b,0.0
2brt2qh5rhd6ux4x,0.0
y4ndyzz76xoswopk,0.0
uysppeqdzlsqeqm4,192.2095851069294
q6lbccx5xp4fzxfo,61.4696940327675
43gfzimwutqyxxfq,98.61287811985663
cuhd2kwthsbjmjga,0.00010593687545489044
5no5begumslsmovh,0.0
3ez66ydpmz2pchz7,0.0
6cop4mzf75jcmnpa,68.97950826260684
7vb35kxlc35g2zko,0.0
5bza7dotpboaemh2,81.36954401857281
3hz2mw7ee4zb42ax,0.0011048016095159408
5lm7epjvg4fl3j4z,0.0
ikx5phj2p4h4t2th,0.0
boqfhu44brok5m74,0.0013985918759311772
b2wddyqnf6dhrnir,0.0009365100375884482
ty4vda2cu7vvubpt,0.0
rvtxmocy7fw5oaaw,84.84988499770496
elit7dmwtxctnhrw,0.0
vu5rv5jojlptlg2k,0.0
mtbaghilo7a4lus6,0.0
vucu4szjqpotbl6w,1.6922097833975425
cq7a4cq5lsxc5jrb,0.0
nwmopqibnsmxgqhy,0.0
fse2rwotuv33fvsu,0.0
nkrbm2lmwy6dx54y,0.0
engt2rmffmlht5bk,0.0
2l7dg6zq3jdpsaaz,198.68858925509795
55xmxiafpsb6qa2o,45.3802959033332
frptixy7bxxakvmq,0.0
rgva5ex2rmkhrir3,0.0
smnyaykxe2bfqjuh,36.10888975479243
z7u7gjmxqvblqftu,0.0011138231860326456
k6ahx27ucuvzmy7j,55.71518434701677
ctr4chnwdty76qpa,0.0
3inhql2jfigopfd2,0.0
crqi7a7el55oynrf,94.15370812764907
kfykrkrkvj5mo6gn,0.0
hplunyan254vvpjw,0.0
vrodswj3s7nh3o2p,119.29219239754462
uphajryticiz4nat,0.0
hhc2dirhm5fzxkcl,0.0
rwrcum44mscx5ehg,0.0
fn5vhzo6y2qxpw6h,0.0
qgpmuap4g46pg7hp,0.0
qbjzzwgqqitxcoav,0.0
eghkauusaqxopmce,0.0
zj3hfd6tbnarn6ia,0.0
hyb7achrq4spvubi,0.0
r7xnb2k4cpeatjfa,96.4770208158161
vnmccdln7k3bbylw,0.0
ld7rqk2d54fivazl,0.0
g3aa4uivlk3si5nh,0.0
o3p3hrj57jhns3ae,0.0
347hhx37yapoxivb,115.24867367928651
igmlpo6isj6ww4em,0.0
r34a5l4ctfh5jqrl,0.0
k5qduxsac3z26jcp,0.0
hdlhgjnkcova2eag,0.0
xi2csm56xrmb2ocr,89.39848308616664
66gmvbbhznmfxs57,69.59385111420082
ihzktu5coualgxyr,0.0
cfmjwqvoxwia7wbc,0.0
fngh755h7v2rkidl,0.0
sdn26dp54ywng6ik,16.472277259136234
tjbw4qd3ckj3h66v,0.0
bfemwfjmqybdlnsf,0.0
zs3mo5z5pzfzcib3,0.0
4d22o247qpzb33ga,0.0010220693203029435
zndoytahzudqacsq,0.8834745992642115
rypyy47enmh3pwc5,0.0035152487328430817
ekx6almgushica3q,0.0
2di7spwghtshgupw,0.0
icdbk7ux5lzxaoyp,0.0
obcnc3cd7quzlys6,0.0
6amvnufpecrhhoob,57.963310548944236
rf6626ukjhwrsp4u,0.0
msv5iwfcxgm6mpnv,0.0
svdg5dmmr65bcrbz,0.0
xbmmbhwz5b6bby4k,542.6534653153208
g2gr4gysx5edfaik,0.0
juhszgb4clayonfq,0.0
p47u6xi5ncomj667,0.0
dnfctyrt4podm2pq,0.0
uooflh3mxk2yzvj7,0.0
n5icvqpps4abd4j7,9.996035959267836
zd53nft3i7juiams,0.0
pj32jnovbrmgagrn,96.72893600316081
v5qncpri2b77pvum,0.0
nboc53xj2pzxax67,0.0
cevfbfhpepurxp4a,0.0
u4d2de5dgbrgkxin,0.3214122724254098
yqwlu5rtbaordcmo,0.0
q6jpnbertyzr2t66,0.0
ffrksfhfxqewstqx,121.93945145858561
5iurfkij2lqonnm4,149.26332081359772
iip5k3rptq5ste5y,0.0
bwro6uk7wg5josts,1.3921243267048524
g4ap55qmg56ktvbe,0.0
zwto4wkugceopimz,61.92171681850376
hcifl47mnd2da7rp,2.640935766499407
rcp5zrtero5gmgwb,135.11858891634594
tw367sscavdy2amz,0.0
slzvq6atelh3bh32,45.82390770945112
sfye4edpzhb2hmck,0.5690073103942537
5j3frbtk35olwvib,84.31607495172135
k5lhhj2bn5nrtl3b,0.0
rkjvh4wsgh23hv3f,127.22766087892475
jzqxaphinuqg3dlb,0.0
hhm2gcxzarixjll5,0.0
q665m6a26nujf5yr,0.0
piembuwqttzo67bk,1.6671600441725651
44dske5fefzn27vm,0.0
ulenoi2kpsvxzepb,80.48464508066895
qesixxuxyysrjbzv,0.0
v7ckpuhyabigfn5w,77.2177076377455
rz264okr4yegprzh,0.0
wyt7x7ve44lcul74,0.0
6e4wen2ligibv3yc,0.0
ky2krfm3gombapxr,129.24687171203453
i7mht324uewt4rzv,80.15165231453798
oqnmad544nbotqm6,0.0
o7qf4xohblmk6nnp,0.5895062591566042
cb4w2xdwizjiuekk,0.0
anoddpmzdsq7wy7k,61.86584044602685
2kbqj4hzsw4foj2a,0.0
2r6g5uj547iskxf5,0.0
wpr5ogoukqk5hhea,0.0
e5e7girvdpkxqzmp,0.0
t3djo3c4clyrpdxc,120.59233228322682
sqg3zxfm3z7m6p6f,0.0
fuindhyqf7d4cehg,0.0
tw6uhxy7j5hqmesh,0.0
dx6nfgcn4lsbmyh7,0.0
mhizzsqobppyj2aa,0.0
hbekiisqq72bh7ee,0.0
yzcswsxksi3az2pz,2.3016636283726397
ka3sxefks2lm2eym,0.0
jp7v3htftkggvvki,0.0
bsld5e62bhqu6yjn,2.8666136605540165
o4c5g2lcjzsjaykz,0.0
mp3lpho3splcw4df,0.0
ylvpfqhjaaf2wve4,119.54403560567104
y3szjmlhelfbe2ul,0.0
qz2bbh226vxit4sg,0.6827368233833142
k2qqiycwjcs5r3hs,16.14150195519115
h3wwwakjcqq6vbyc,149.82409076331234
crsgpxkrhhfogb4b,0.0
fgggtkfdmrkj2rs2,0.0
e4b6wfz45fhj4r5m,0.0
fifhuwo7mv46j6a2,0.0
rsx2lozldymlbs5p,0.0
xugupqdc74cdz5vv,11.177605919361321
g4wgc3bvgsdmhaie,61.110939864849726
z7yx3chmo6j7vsr7,0.0
7uzmryglmq7bkc74,0.0
vhhd2soh2nz7pibq,0.0
p77e6vkpuzbn6h23,0.0
44uoxyp6wwetb6dm,0.0
xxdcfze3knede5e2,2.2883738004528595
a5nckmwtcopiz6ew,0.0
zfgfzu5zooroh4ur,0.0
jxzkekntf7n7qjrn,0.0008942474116926314
jjcmtqchtsoqglrl,0.0
7gy36mflhdgjc3w3,0.0
oqsusag5ucsz25kk,0.0
nwhcwlhoge2e46xo,0.0
yoqoavjuvskm2h7g,0.0
d4rcd4t74rk5s3im,0.0
heejay533ddvkoc3,0.0
3xkokf3as4xo3ot6,161.89573165846804
cbl63dfkzjsezvks,8.848028526293431
mymhsem47rficlae,0.0
jdr5ctryyzp47lw5,0.0
avzcjmoldatdlgmv,213.22723682688127
tt5lczeids5z3idr,0.0
dh6jukhnqhulmmev,0.02084382670546488
khwrtitys57sou3a,192.63757702048702
pzvajmex4zibla4n,0.0
2577srvrz4ci2msd,70.22455674047859
tyudenkhhoobiuvd,0.0
o4rj2rg4qslwltnv,0.0
xkihf2h2yad5fauy,0.0
gj23lwtvin4z7qgq,0.0
ieutq6bv3ddyztt4,179.36960323766584
2cfngzupnch6odzz,0.0
e6wdpex6kcxc6qh2,0.0007343002221109153
deaskp5brniy7yyh,0.0
746sn2w2oagr6pnu,0.0
2dfp2bwmbymsax4n,3.370948703142131
vflxrzlrbjzltex3,0.0
4zztlgp7litu2zc5,0.06335284037567948
777qy4qkikxsekgp,0.0
ugokhhwogxehdyl6,0.0
4jpijlvqh2k3ql2g,0.0
f62qvcnnksqus2a2,110.18594060801509
rmh6c35ujcxikpe4,0.0
zfwxtkbjcd2wgj2o,0.0
3k57calyjpnffyp5,143.240465128258
r6ktmwhzmzywdoil,2.4793620198527435
tmymhcw4n5dhtjvg,0.0
uud5222c2bquhmae,0.0
ytlvj2nekcuncdmm,0.0
bavkjtk4gy2rvzcm,45.112007654142054
kmzqaqefxxdffdie,0.0
qsczgbkk2ehirhal,0.012738721808524704
6jx5rjux4ziq7g75,0.0
eblsdaqmva7gbn42,79.1911220927606
smhllgo5qrtte4pr,0.006982584148032175
psuuykrpeagbj6se,0.0
qpkribsktohzsxoy,0.0
vd6vgbupu2zaxdab,65.9339176062556
yu3ajptb2bhvfhdn,0.0
ujdzmzuadijct47i,47.3442693585604
ymwg3xleowvcevry,0.0
ghi4otu44sv6ci2o,0.0
ldq4u3hjvjttebj3,42.28622314172907
c3jc7tn5yobi267a,116.40910362616765
322vzui7meikefl7,0.0
iobkkyferxuqkcrd,62.11470585518175
ioqv3d4mkbmu56wv,0.0
etdrzqsvznzhehgf,0.0
q7zemoqqp3u4y3fu,79.9679110770362
fld3b7mhi7bgrkvo,0.0
n2strseho6txfobq,0.0
pymbqp6lq27ewkn7,0.0
xumo2wimusxo55qf,51.72719587229574
wokjqxl6cxcbnvx3,1.5962927743186577e-14
6epuuckph6j3jxyz,191.03802905282123
ulw2fl2hgfqg33bg,192.4764699941639
yh6igfbhhuhvhwh2,124.20105715767068
k2avbr4jqefacj7u,0.1160166370828049
cdndtparczjmi6xy,0.0
zg45xj5xntuofyzj,1.8022593879967284
v7jaajb5aexalm6l,0.0
y4beaajemh7362er,0.0
awsiminwstuzb6aj,4.158170596494582
vsgtsjrkdeufqrl3,0.0
hstvmatenmoybj3h,0.0
myztwyfr6cf5aa4h,0.0
qqal5ieifu4elznm,0.0
m65ytaj4yxvddkm3,0.0
vw6g3bxtl2mor4ih,0.0
yrixizxfnptncjer,0.0
v5nhd3pzho2y65pm,0.0
3mhsrsazx4roe7d2,0.0
v6u3fnwrfzuyedec,0.0
apvhklohxanyaz4u,0.0
jnenvbrhbwhdubbn,59.685699960654375
h4d7ccawosbicudc,41.56616499433015
icj6kb6bmifhabxk,0.000969176346616532
lbfnum2qiu7qx2i6,0.0
t7n3jcqudmt6uiui,3.343884857184134e-05
pjdznotymxqpwlzw,0.0
53as2co6qozbldev,0.0
n3zm6gitcpnmfvnz,4.447924854610812
7gulwrwda6i7mv5s,2.2360528206240873
vvudjfmsve4kpgjw,236.6736827364275
dvlsf6qvwvp3mblt,0.0
57gw2pdfv2wjynkr,0.0
rk7vs2a7vepqalfd,0.0
zfecmnvd5eh7ziyd,0.0
cwacbb5wo5a72v35,0.0
pmtbvemxbqjngbby,133.87135938866234
kldrrytn2j3rgxux,0.0
aadmiayaldfq5wwq,57.80025705167607
equqlyyqjdyng62r,0.0
w5kxklcjdrqycga5,88.09819662089176
d462fmyxum6dz3mo,0.0
hocduxbfphxp5uj2,0.0
schag42bii3qqpaz,51.474543741770376
2r6m3bxlwefmjec5,0.0
azugh2vfjqnoyj4w,0.0
g24tm7gyhuyf3liy,0.0
x2jk2ynnk2rpo7qf,0.0
4wizcte5oremuvog,18.89995045222542
ifv2w4ozrvgdmqe3,0.0
ty72dfm7oicfqu54,0.0
hz5udfka435tbovp,0.0
t22ubg3q2lf6kfim,0.0
5cfhmlqndf56q2pp,0.0
vwkikdaaszk2krc3,0.0
idnioxdlvnjeqvne,6.225274058134913
wg2fzbr6b5csukjw,0.0
aj3xyidmrhhzjzab,0.0
y2ztvmym2qdqdmr4,0.0
meukvi4f7dkypljk,0.0
nwud4e7q5pk67j5b,0.0
bkct6ae4e5vppiyt,0.0
bwurhhyfjwwa3dnj,0.0
rcfvth7x3l7lnqgx,0.0
y6px7o2cbx5uo35i,346.71469026759826
swm2dtzs7p655mdi,0.0
3hmy4vcqv6j6lbox,114.48521028722757
xpsmrvpxta6h6mkx,0.0
6ndtchas5ajcsdva,0.0
btp3idiuiwyu6gem,78.64135903528253
lfhtiuewfh6jjlrv,0.0
hjrnhmi6uf4x6ari,0.0
cwaxzb5ae5vd2tph,0.0
2mu4a2skywa67cev,72.90141934963094
q76byt56y4itzh2u,73.99394297884288
6a5pjlchg35o7aru,0.0
2e3s3ibbt2toaz7e,0.0008468856340204464
3jm4ifezr53ayrbj,0.0
3wddji2btyqotjqd,220.81735589084923
obnitzmnd6aqg42q,3.22680714786602
vleqa2aekvbilmms,0.0
2fcqfero5wvi2hrr,0.0
jdwpd5iuzjnhuwqv,117.95470808170225
2w3igcvmwkrjhs2m,1.8573676043062712
6fbbf52pzenj6rod,151.12795611945168
mnbgh4v7u4fsqf25,115.53584505962708
qtg6sleekqtvj64g,0.0
bszbl6qkqqdgqxg4,3.043412081433506
ihz3tie6n2yf3iwp,0.0
rx7v35k2cuubicxz,0.0853639500123276
amjvood6cp47omzn,0.0
74t6oefqrtb3gqbi,0.0
wgowar4wjtyn7o5c,0.004592550553130843
6owfsutbdxfvjkpi,0.0
3k4x5vullpxl75p3,0.0
l3vbzpq2pwrnh7mw,0.0
4oh76mdnuuwp3deg,0.0
fglemotsbcaozvw2,0.0
qqknllx635llkcrr,0.0
xbdmwv7byubbbjho,0.0
wglbwlssl2p4w7zf,0.0
wfqgktkckufteqoc,0.0
dehd36w5akba7tc2,0.0
i7w4242bkyuxtzo2,0.0
qpuw4tcxy2jlgn4g,0.0
i47ogfjs2zkc6cdf,0.0
4e4go5cylyy4pb76,0.0
wybaa5lzsudy6fhx,59.003173304350824
rfse7thf4ikqxvgr,0.0
jm3ehkn7ljcnxipb,0.0
2ukdtl3k5xv3fdu6,81.24556328394978
tdesfon2h5itv65n,99.36687137877412
d5ad47drmg6mr6ob,0.0
qnjxrnj2iq7l4ltu,0.0
yxgudfdapwvzgssp,0.0
b366t6zanxhj2fbb,0.004552716119490789
bp33wvi67ah6enuk,0.0
3qc32ljnh37aptoi,0.0
jcf77ookboser2v6,0.0
i4x7lvx363bcczv2,0.0
2tttpx3e4gyg5uff,0.0
ftsdpqrzpaypweia,0.0
v2gn7krqadwi7pdq,0.0
7rmrcbuzek74c4x6,0.0
6hycpzvtjivpqred,0.0
rr6rikk5z6zh62pt,2.5216815323793256
hxxmodgpfjskkdvf,0.0
a2kwim66plt5lt2v,1.1054128473910416
uxr4mlh7gk6bmoec,0.0
s6mwsl2jvmf2bpgc,0.0
f4cqur5ji756ksvw,0.0
sm2lfpcso4d5imov,0.0
s2rwisfenitcluqh,0.0
dqjhgd57n6u2vkk2,0.0
sria6v3mgijok7o6,0.0
ovmmmnmdljt37b3r,0.0
w2xouer7iodh5i7h,103.91817784254857
qmnsjag7hfvuuxff,0.0
lbrso4mg55ixoh5p,0.0
nyztrpbjfhx4fmxq,0.0
zparxpwmaaz4ixsm,0.0
hleft66azsf5wb74,0.0
dk35qxfwwd5mrtq3,243.79362206747157
ovylb7syd2z5i7jf,190.8392844040958
lmtcpx4fxe6h3a3o,0.0
kvqu3p2jkn6gcbx3,0.0
22uytjaipye2kscr,0.0
o577z7anvwm4mcvx,0.0
yi2iz2i4ln3nxway,1.5325148965741096
lghgbzdzeextl5or,0.0
miadmspne25kzkee,52.23441856222373
tsgypwjwxahmzycn,140.66898806982383
3b42qntp5b2aenjo,151.14534572388735
mi4bgb24zijxtaon,0.0
vzsmjdrtsygbqg4l,99.92710293605919
qh6wlflypfykwkwu,0.0
knubnaxkvmw4y3fa,0.0
hcl5z6txa6ynbr4l,0.0
3lmfyoqpguifpkdx,0.0
4vgcglw6somvjyrm,0.0
j54uhmu3jhogtqqq,0.0
4mfii57ggbo4i5k7,114.97959043083486
ulwaioti6dcl4jyy,0.0
eyft7gwemrepnvba,102.14762927960022
jxu5bisr6hhhd4qx,0.0
jz5tj5xcmaxs64lj,0.0
dd4kcqy2pexv652z,0.0
vrgadkphtiwt7bvg,0.0
gkqoaq6pwojwajpa,0.0
r2nd55abjjdsvh3y,0.0
d3jvl6yessjneiyb,0.0
thiwm35nksbaxhym,103.9581186744433
d4csvmjdwapndarb,0.0
5lla4muufyf7xuq6,8.225986118647922
laxyczgsvjmyohfz,0.0
vs7wtyrzvqdgypkx,0.0
ljsotcnloakuwh65,0.0
wubpl3ucutdfjl2l,109.78595383595628
7l45gstz7duiohby,0.0
lkmsqy6bcjuljblc,0.0
jerhozedjgebgdkq,0.0
xzy2ckzsuipk5ewf,0.0
juurua4fmfjzwdvw,0.0
c6c564ogjnd7lyfa,0.0
whqyreootsjmgelm,157.23484699729377
7p567c475j4btvvu,79.56813743499268
uj2bs3qw5fdtdvzl,0.0
7llaix5uy3yx46dc,0.0
ltkqzdtwfdfzno2s,0.0
zibtdsyjhubmnakl,0.0
asu7cwfxqmylmw5p,0.0
yyrvafbgacbzd4pb,0.8713738378053962
ov45frmmhoy4eiq7,0.0
q2rzqvqckft2piyc,123.81361582821478
7xbq53jlu6fdgisu,0.0
x2i2zabqz3pugqz4,0.0
4hw27g7pxxofr7jg,19.345233504704773
awmfh2xnhfbecx7l,0.0
slbqaxanjwf3ncva,0.0
p6rfcr4or573dzip,0.0
sbpttgmut36w6eug,0.0
wxgvx7hctyfkvufj,0.0
pohnzbx3up63fzrn,0.0
t3etvirgjveuikm6,0.0
hdmheowpebetbgeg,0.0045928100614142375
gvd5em52gnop3zyu,0.0
6iqwmepxgjie4v52,8.410815911462819e-05
bjikeux5jmjywpks,0.0
d7nmhrbspk7ogn2u,0.0
ff6pdjeie5rhohkw,0.0
slilutg3lwfpnn7w,0.0
4swp6kapuhizrkaj,85.24136800851304
fog4nu47dgjlo2p6,0.0
7e45n7d7j7a3tuc2,81.49803714414102
bgxm5qbk5p5ipenl,112.0406350548422
eybicbek322c7lqa,52.23218819258072
mtzrm4juh3bhf4yv,0.0
wzrdvyjwpzt3hzmn,11.054034889997615
qfye2jegkvlsahkm,0.0
f546nk3wgd3j5dt4,0.0
kyhokhklif74r3oy,0.0
2gmgduopipasbrw6,0.0
bmg6buccjhtgggfx,0.0
exss7kyyji6yrvg4,0.0
wanr2ytbc3ygvors,0.0
dq5cgdlqhdqegulh,0.0
a6dfuecyqentx5lm,0.0
pv7c7s2raomnht5u,0.0
lysw6v634ljrrpxp,0.0
ajkzhnotgescjomt,0.0010737441529198644
nsgbnkg663hd2iie,0.0
vkx2kyd527rhaqgr,84.20319847711998
mzhpdopa72q5a2aj,0.0
oyq7khjlllikpx2m,0.0
dkuqg6y36chqvlrx,0.0
jxzlpoip2bxfxmn2,0.0
afxud634kx5hlcax,62.88719647946152
mhxxuqtepmpxigop,0.0
oxug22ujmw5dx2u4,0.0
figkzl7a53zcygn2,0.0
jut5x73wcuxdzijh,0.0011048016095159408
6ekjtgc2cnlp7k7s,0.0
4vbytdoiuuml6gns,0.0
5gq5nxhbgh6npo6n,0.0
2adxt3japhpw5imr,0.0
szkoztq7uedzrp2z,0.0
qjp7pf3c4y3vecmq,52.435098674086724
o3wogcoquuylcvu6,0.0
qlu64xgz4sahh55z,51.30332541227633
in7i3hqbpuwgubhu,0.0
taeshwik2mnv6md5,0.0
d4oucfo55ksqa25p,0.0
qzg6qk2exmzya66m,0.0
a72oscmnijyt3ukv,8.090362693166432e-05
akz5bxyse5go6oau,0.004385014250973661
p6kbg4p3n7kuadhf,0.0
d23ejyl4gyh7kaaa,0.0
grqtvn4marqi7s4y,165.56526720039963
v3hldd523mxmgjtj,0.0
rsmowqingj6erpcy,0.0
ai65intcfqbarnyz,0.0
z57f4lspsfavxzpf,71.96253332155784
ao44gpni56omelmx,0.0
omawujqyasuqgy53,0.2807437434672651
mkullz6npnw34zg5,40.54249387922055
czin3yr3ewrjmrnd,28.517066676054668
scd4bz3bw6bivtu7,0.0
xzzvu5dmew37dbic,5.226700322405781
bpytseem2rk4vkc6,3.280758265717848
lo5phcs7ghb4r4pi,0.0
brqzzxrzzye5mu3n,46.40723858855749
ipqnv3mvy5fi3kd7,0.0
k36qcomroceyugkl,0.0
6n6zq5cbwy7gj2fp,65.0617863905683
q3xe6eqlys7kufzb,0.0
mrbvpa6j64qigopb,0.0
6s5wwwogvpoebnwn,0.0
skmn3j7hzrcaohlq,0.0
omg566i6e356gr6w,116.31153518074115
snfyngrev7qhezd5,0.0
vpon4vtpqiel22mr,0.0
tf5ax5z7yt6u6xjk,0.0
3w2c7p45537zwp3b,0.0
xy367u73wdg6hjak,0.0
44ufb5ef2n27g5hv,0.0
crq7h7rgvbtd7jtm,0.0
sfsgvkoai3wnj6rp,0.0
zfjrw2t7ccggmt2h,0.0
x65l4rf5676gaj7v,82.81280716281454
3wzh5klxpe7iv3lq,0.0
vwct6ogixmxcqkma,116.35451698654917
zqznmowg3cxtocbm,1.3007143805612684
pnks3wiexihpuohi,2.99014024429071
juvottvq4tqcfrv3,0.0
qshvuz5cmczocnhw,0.0
palzdqaor3fv344w,1.6844075630571953
xrh6z7bylb26fsdi,0.0
olewnureybccrjpb,93.85665472664424
vylyrhy4he3z2lv4,0.0
h5sd3c5lajff422k,0.0005937304447817819
udlbqrnzvlxideej,0.0
cepyxc7opv6sx2jg,0.0
zwqzwmx7jemabepy,76.66521677408267
azrwvtahzed3dgib,0.0
u4dommgauqdahr7s,0.0
bj2q25qgfabigyxz,0.0
qlaijr5cp4kxtomp,0.0
kooxyhotjrgrd6do,0.0
gbnzuqsejcplervu,0.0
shql3esqpofiwkju,0.0
3hmynq2q6og6ufty,0.0
wwcq5ycwdm6jz27n,0.0
4g6apwarui32wi6s,0.0
hd2xe2wc2zryxoh4,0.0
tej34raczao7hec4,0.0
t3eqgj3ks4klxhjm,8.783507242067373
xqppoqfse7v7xtfc,0.0
lm7l3tclhvgjtyen,0.0
qcpx6rge5dw2janz,0.0
zphupcmusypuewxp,0.0
pr5vyyvuc2gg6mmc,134.76518684200983
lkw6kmrvofcthahn,420.3509838987833
pblykgr5pi5ngzfe,0.0
47gtcfnfqjeix5n4,134.96656249347672
cwhyu6zajp2i7xdw,0.0
gkkz7fpvreu5grgy,3.1008627821737915e-05
yh627j3afcuwhntf,0.0
wz7acqu6bh3ct2dd,0.0
espjn5ohhlm6zpp4,0.0
y6farjqrjpypyphm,0.0
qiekntv54wlkeurk,0.0
nd5ud233jt52djb6,0.0
qi4jiv2p2ootrql5,0.0
miceybkotrkcjl44,0.0
4wedax6w44cjykyt,0.0
6weqafpdjickii2h,0.01755402849887223
swvipxvm4rdx62as,0.0
q4qpfvrsvfc3grz7,0.0
qdpvrdgldbzjtoqq,112.11481524794392
d6fcxmdebegjdysd,0.011057090246408007
fhbil2chdpplv34r,0.0
6ychwi6s3kfjxhon,0.0
rfgb4rdurwdiu522,0.0
wu3jlzlcytuvt7jb,0.0
wx36sld6uf6xyaef,0.01504082663102198
nodboobkgif2yozz,136.33259919223545
xffglrj545gpjqhd,0.0
ld4bnkem54eenz4k,0.0
btqw6lyt3z7pufbu,106.8190268397907
4oubcpnei72pcbyj,0.0
nu5qrxsgmzys6z52,0.0
oq2a7tjmppamlyll,0.0
bs3duybv7wunv3oh,0.0
psvte3b3bik7ipf4,0.0
77iiid424hv3nctg,95.66558704442326
f2bohcqhz4szkpog,0.0
b3ggkhu3szlsw7it,0.0
exwvx53gpct2jtfo,0.0
msj2vvtl4ddjsvnc,0.0
o27icogfvro45lai,0.0
3pcurumv3w7oc7sg,0.0
3j4lmrrekh6panmw,0.06401490016385669
hagk3varkfjqfnoa,0.0
3eod4xtf6minltg5,0.02216128056951984
tlfawtk3a6t7toin,37.59580711741812
vcwrtnmxfczi5nav,0.0
alnzb3wkerqgg6xu,0.004592550553130843
3gwttdyv6j42wbqs,82.44681558747813
linzzttzxdpc22ry,0.0
6yaamy2gslcchttd,0.0
x3apgjloteyw2mvx,0.0
ehxsjp4ytsdbs2qt,0.0
hj7wj7o4oxiokl3b,16.358387751429103
qpqpjw5ff6outi2g,80.23766527478156
zo3wmucqgaugv6xb,0.0
risb7jx45zcnacu5,0.0
4b76zx7fblhafqf5,0.0
4zg73rewc3jpgbem,0.0
dwzmmebxk4qfb5df,0.0
i65f6htppohlw5te,0.0015124906783902704
qo5ja4ofh4cayd3c,0.0
7657yrtn7len5iwd,0.0
3m6z53hw7mdjsj2w,0.0
4rrtfjqdm77efckj,0.0
jf6x7obf3tyjfgrm,0.0
ya5ighj2a3axe26m,0.0
jkre7y2yu2u7op52,0.004396492821328798
hakqiu2p7xjva6oi,8.405358061974384e-08
yec3bjiemjauogg3,89.0287699335722
dzb3chi4lepl7aza,0.0
6wgato6nxp36dqla,0.0
gkirgjxuzuyftpk7,0.0
foqq3fhnkz4ag4n6,0.0
4msqmkzkrp6474u4,50.820293329945315
zpk5gdbr7gqkjyf4,0.0
t6k5ley5e4wnavcz,4.390880096581258
7qskb5fjpucuydwh,0.0
wjzqdbzoculu4ac4,0.2752641889731356
5h6b67ghb3k57qdh,0.0
jeptkluf7qrico6p,0.0
fbpbomyiwfyjfl3g,0.0
imu7w6i6k4unntzy,0.0
pfrhih2rlxhnd7y2,0.0
chjn4xpcv65uwi2q,0.0
xfgknkvwo5g3tqpe,0.0
hp27fnwmvq3sodkc,0.0
25wgmuoqm6vm2lrr,0.004607261776632627
xgasnqfoi5uvspjv,0.0
4z2tynvqcxynlixe,0.00038651609626776367
liw3ij2s4guasvdo,90.80719387127476
w7ugmsgmicojxklc,0.0
67a24jmgcui2gzdk,0.0
x43d2d26tslmbonr,0.0008168748945435767
tmdtveiix5slf7cf,0.0
bynkjz2onamq347z,0.015639504290588416
zihibhlx5stvtzi6,86.15529214156916
jkcndwjdvecgrryq,0.0
abve6eb2qldfkhwl,0.0
axpe5npiwgpmcj3f,0.0
l7geqyxql7t2z373,0.0
25chuh4puhh35ryz,8.199700806494614e-05
pn7wiozwxwa5dvjn,0.0
3apcz5tl7roduzkv,136.7469330243605
pwezs2prr4uukxoz,0.0
fa3a2cq2cjc3gzq3,0.00933952491161274
dh2c6iomno2m2q3c,0.0
fghvhi4i4q5rjfe2,0.0
b55jr7jlyfkb5ybt,0.0
34bz7bzhfrlylrww,0.0
pnld4oqjmyr44oum,0.0
m5xszmhsqucrmszh,62.815277516398396
zsrf5qicl233i4qo,0.0
n6mw27iv23h5ya67,58.36237597138782
lnzl7bxjmnzpbdca,0.0
l3rviqoxbqfd6h2l,167.47210105607212
bohtc2z2ytsgfsdk,0.00556317511163472
xsuzgfxxsnxwys3z,0.0
h6mhtv35cvrs2rug,0.0
o4kgmumvwqge4eas,0.0
7uu62b4aq4a4epmy,77.21398656863903
uwq7pblx6hzthxlw,0.0
wlt2gijzo4d7uhde,0.0
k4gxsopoawx3qux4,0.0
j256hssx6cmutuky,0.0
m3tsf7ebzks4nneg,0.0
ka64dnpmackvsalk,0.0
xyhp6blgby7c7ryz,0.0
x645j6ivs4hn7ave,0.0011457180504007628
kziopssl3gl7ntbz,0.0
ep327hb35aujym5l,0.0
tmeo4lskdpyxbtmv,0.0
6leac27mjknmvvu7,0.0
s5auarojxzfac4fu,0.0
xig34geq3gdwpaol,0.0
bs3bon4xiqyydmau,3.799974395485168
7uacbglpptrfl5mt,0.0
xgegdp2t7xx4tlw5,0.0
wj5juinc4ncgqayx,0.0
m7lpx3jtodqyitaz,0.0
yi5pxcpgflxqnozk,79.66872928943155
556k3gil2dsl52zm,81.79178775859202
ornxgywsprbjbljo,0.0
6gy7ejhn5izgwp2a,122.88508918477586
ywr3oclwa3cvemwo,0.0
ozy5apgz3g3l7qsr,0.0
eca552xavdpgv5p6,0.0
o4hiqcodsfmgeurv,0.2577774076702335
mjxxj2tv7jqjhwko,0.0
ay4fhn5d3zp44goq,0.0
oqkudnz6zzihy46f,0.0
ay3n2fh4fz6ujfj7,0.0
qektqkt6qmxfvpei,68.07640917116471
mhj2g75e37wdeb3n,0.5278957070331156
aatkldxmriobg4tg,0.0
dpxj5zmjqbsx26tv,112.4098070386418
rnpkpvblwg3pt54b,105.38856690233351
sig64zwblqgoqaew,0.0
rtqjfbnq7vj4jbeu,0.0
xee3adbrtfks2b4b,0.0
3u4eslvqplnoahzt,0.0
e2qhx5exjafbpzgf,0.0
iqducvki3oxj7bs6,0.2973537067360674
q2hrffcbld6ion4t,5.3179320085721065
2nk2vqgzblxa5fey,0.0
pdbvurxe5dyjsykr,89.15367993463188
k2bltpzn3p4qv76k,8.264460241925967
zs4nucavje5qwfar,0.0
sbocsjcq3j43yia4,0.0
7imjam64v2v5t2jw,0.4824297871918811
ygfv6s6v4dy3l56x,0.0
wcknr54onznyvmka,0.0
rxugkpvzw37ptv6d,77.08426846541906
34h62fluqlbvvuie,59.328529367120055
bumznrz63rz6rqcc,0.9112387595576646
sfxgxllbverdu3d6,0.0
ilmr5wiwizj7x2ag,0.0
xwkeva27nxdbakmd,0.0
k3irtjurucyo2eq4,0.0
gbxqwgtclnhdnhoh,0.0
dnmorslxxltkoc7g,0.0
gm2abl6higmotah5,0.0
p5vug2e3uaaygroe,0.0
zgz6mwhqryy3t3ft,0.0
sxlt4vcgmrnqrkjd,0.0
c5u3ipecn3stoepy,0.0
iqvoikp2ocmutqis,0.0
trizm7repp46o3hd,17.780889126901588
jmjtwkyi54fvgwpl,0.0
hs6uvystudwg5ubj,0.0
kbzatf6xta7f2jpd,155.62460358433236
l4md7ywl65vmkzi4,57.22024861097562
djvnrm5bz6lxraie,107.53736412675323
xwlov34cxzzsaxk4,0.0
yd7pltanebmzvt5t,0.0
ohupnllbbmg3ouvt,0.0
u4kvmf3jtuc5j4am,69.26869016958962
3v7cphdql6kqcexd,0.0
iieq3ay7mkn23w7c,0.0
2ykhitzg7c5g4un4,0.0
2arnf44ykj7vzhnc,0.0
vhljm7rivgpq7smv,0.0
ciroyexkeeqfbsfe,0.0
kdi2lbcvr2wwaw5t,0.0011457180504007628
ezfampicvmlqcbrf,0.0
rxdgm4eyz7oebqj5,0.0
wzpb7jsvbb2mqmvr,63.84006582357943
ki2j7ijviw65vgm7,3.1425069215701598
rpouaenim76cyy4k,0.015639504290588416
ez2xvg7vz4cvhwgt,69.79125735253052
k2nrb2f37kmegujw,0.0
4ncbzgbhapxe2zey,0.0
dhwsuz2bjg6oy56s,0.0
32uk34vdzbtklnva,0.0
yyeynimhn3eksa65,0.0
36v77ztebviqcnkg,0.002098136064239637
nts4xiap7rla2cqn,0.0
5e7l6pbha6armkpx,0.0
oq7haarf26texslo,0.0
malbyfm4ad2bzstm,0.0
hc2avlwxlwscifeo,0.0
we2vrhyahv4cy35n,0.0
wzukcpt3vfyw3s57,155.27089898557784
43xl6mrg3uuc5bft,0.0
w7rpor6t577nh7ns,0.0
63ceiozjqdcjm7w7,0.0
w6zp4brtju5hbqui,1.3850425920767213
l6dcuditzrltkcb6,164.22430267000647
yqvltsaaewixize7,0.0
pnmvuxcmjqduq5vb,0.0
hywwllzot42excz5,0.0
ixm45haonqy45f52,0.0
j5nw5pdg623swwo3,0.0
txbfvubcbzdgf53g,0.0
jtihfui34amngse3,0.0
mhrfdv2sre6bikor,12.438437798749938
u6sazkpfrlkvvlaq,0.0
qed3vd7pynrcfaxr,0.0
zwjyvvp7vqrosnoo,0.0
rqpdtckdob4uwmqb,0.0
idmgvctpayq4ey7x,0.0
b6kbvvwure5othts,0.0
nofliom76ppk736y,0.0
hn7czhrdwfltmowz,17.836127292030746
siwnfksryxhdv4ts,0.0
omp63t5piyefy2ze,0.0
56kwljfjnheaheoa,0.0
l2vqyb7v4xdeo7p2,0.009961970534684148
oomf62gn5jecglrz,0.0
jskjuln4xbjde2zw,0.0
5vzeecoo2iym7wpw,0.0
mthq2u4wkfax5jr5,0.0
yeur3nqaymjhqpxy,0.0
aqlcyb4zpb7gnbby,0.0
4bebr3yuvotaekqk,0.0
x7qwdevq6gpuoqc4,0.0
24y4fsqgi6esmgcj,0.0
6o4mo76ygtbroimq,0.0
decrlgsywnr4kqmk,0.0
ysv3lvhousyjsh2n,187.71949669933525
oamy225mg576d7jh,0.0
sa4ufyxdchek7vu5,0.0
t5l3jwrg2px2eyer,0.0
4ekx5twgmgdhylhr,0.0
ie3qev7wew7tbtnl,0.0
hjquqz6mbsaahhnk,22.211529880488136
r5e55wivaraswp4h,0.0
rome2flai6rdw424,0.0
7dh6ulaq7v5jizwi,0.0
yu2bgibjtk5skkg7,0.0
fbs7dzhh7lczptsl,0.0
7ln2c4t7qzpzcawa,87.92613940824828
sizfygaoonobpffy,5.974296152061315
rjsxd7ndzbcf27z6,0.0
zfxifavjo6jj5l4n,0.0
cmtkys6f4wygrriu,0.0
fd34cc4xzdcodkwo,0.0
7fzmx7zwakl4m6f7,0.0
scftad5b4inctv3r,0.0
ilnap3xiyayampks,0.0
j4fdacyu4kkz5yul,108.94204040448827
3q5pmjoitv3fz3kk,148.12620023921852
4pcho6jokixs5s7y,0.006074043938506768
7z2v5xr6idkth7qf,0.0
yqjgmai6b56magbl,0.0
zsew3vucyuzpmn5n,0.0
qwvxdmydzlwzfxd7,0.0
2ya6u37enj3n6ixe,0.0
6opko4qtutoqdy25,0.0
nead6um2zqhtt3wi,0.7166942560669914
5nmxsp56k4r4nnbg,0.0
sh2rpqczrzqceoe4,0.0
qeybl4gulcel53qg,210.5013723557605
owbv4gk2l7ajvchg,0.0
oirrvzjdvjipt2oe,111.83717473161221
gwhxqnfh33ayjfsj,0.0
5mgd6or7a5qfcfe4,0.0
z3u6xb3tfecuqe3b,0.031114073136037344
vbcaz3nchy2wx3cr,0.0
vpspq2za57whw2fo,0.0
v23roxhqezhhclgx,0.0
6bcmyxfphjjpjdy6,0.0045928100614142375
qrzpz6ntlaors6kd,0.0038784160854816764
gip2zjusppbxqdww,212.62941228434545
leb64vg5y2pcvhgc,7.788108508911574e-08
dtuu6w6yieagrrqd,0.0
xcejsssc2vvnbg6k,0.0
5epkc3q5smwd2upt,0.0
fpg43saxoenme5aj,4.526458072833887e-06
m7l6hlyzk7teqrrg,0.0
gcabxutgwmnskqet,65.21870706855738
jaj5eodf6ax34xfe,0.0
pceosyd5xfh6ztrj,93.79889259852557
54pn5x2ywzrt2x4h,0.0
2yf2ac6k5tsfkopt,0.0
ldbl4ik5uky62svk,0.0
nk4ql4pmjyijy5ua,96.85745388929828
im7jweg3qs6suocn,0.0011457180504007628
s4gasajfxmbvqedx,0.0
zj7g75s5wlinfbyc,0.0
le73nlj5cffuskn3,1.9452914987668117
iz2fc5rqay55kpno,0.0
6stso7fgrzd4omtt,0.0
mktnb2ktevca7hmq,0.0
bpmlbfx4nqxitc5n,0.0
n4coell5zhm75lng,0.0
y562xisu2be666p5,0.0
fyj52keqjvc5wmkh,9.582600294683564
y6gkhm5jqz4angu6,58.95200438668307
gt3fk7gqp7amsowb,0.0
guzycc5o47khxgnj,0.0
nojchqkcfxfvz6uy,0.0
dx5evzoqzvhyksgd,0.23140721969303277
nk4tfoyyozgnrqkx,0.0
g2imiwz4fyayfqn5,0.0
ban72snd52yvnpxh,0.0
houdrtgmhnwcnvng,0.0
7bs5id2xgaj2bmxz,0.0
enkg7ootht4r6bp6,0.0
ingxrucvt63nczqp,0.0
23d7a4fnrqz5577f,106.61145265186639
7i5sq4zcu43b365x,0.0
y5japawfe7n6qbny,0.0
56vv5y4kp4d2d5md,0.0
drct23dlilwxlvel,0.0
fwnva2vq74gv46jc,0.0
bwjtt7hzjnykd4kt,0.0
fgxs3ldxf6plgl5c,0.26111164396137854
kh3dy2j4x2g3f2vk,0.0
r2ictcx7fdpgwnuz,0.0
j4c76gexxkybqx5a,0.0
2v44fftghxsaeaca,0.0
5fqtpyir2un2xtqd,78.66053153432033
26325sg7njezyr4d,0.0
asfnqwtvsfjpcd2k,0.0
rkvihizoy4bndnry,0.0
5b7objs6rzphubax,0.0
v55vk6foqvmqnbs3,0.03160102288628488
vqujspvyidnz7jtw,0.0
3u6dmspuz3wnvwfm,0.0
yniqwinz5oxtvz6e,126.44205615904139
bmh2d3di5onapdr7,0.0011942115000559547
fbeml637x7ccvgnz,0.0
mu2n7gni3k5jbxu4,105.596094869056
qwlcbtverdgoyfmd,0.0
htnn3xjfjd3r64wc,236.4698210228266
l4jeqgahrvvvym2k,0.0
4s32xc7nikownofb,3.055063422384219
c2h6awyxtzh43s4n,0.0
zahzv6giincv4w6v,118.86746668688335
wae57ppazygi3ypd,0.0
fawhuolyz325ujz7,0.0
swniy7dqqboxuadn,0.0
foysihw3rfsaeprz,0.0
smb5guc2htavoyuw,0.001104465950426991
xft4weuvafsczo44,0.0
dufrgw5rxkrkbao3,0.0
euywexdf5z5m3hco,65.49592214422161
hxnq2ncvl54e2ejg,51.067984888740625
7ngamg3koedw2skw,185.66356215872867
eqggaqwvvgtwxje7,18.470763457507918
52ddkochhdrvzxlm,202.26885272982724
5zrmjkmgbey252hb,0.012802733044225936
2mqynnfa6gpc2l7p,0.0
qpof2zalhhlcteqg,0.0
7v6z54w5p75s3hw2,0.0
dxer67mrauvefnzm,0.0
ppkcig4aen24p4t3,0.0
74q4wkqevxth5bvb,0.0
b5jb6mwxigls4xhy,0.0
dq5vhe3e72jjlawe,0.0
nwlqpn3ore65j5ak,0.0
ct3zoakc3b6sccd4,21.019639672374346
xfiixdwhopigpvzs,0.9615947266059339
bv3walelee6wgzxh,122.05935651061421
43476qq33yyfh7wk,101.4606785059924
bs7i7grh3jqkcoos,0.0
dez5llaw6cmfzbk4,0.0
ppfpk5gkihnn2rin,0.0
qfd4qncnvirlpkxa,64.88659356389893
xqzdzvtxrbodszg3,0.0
dtofzgxe2m5iwkog,0.0
f6vbu7ytk4hcvbj4,0.0
ndlyazbsngk3imga,0.0
gvwuhdi3hpby2egu,2.1012899890441914
wmv5yszpxjc4mhil,0.0
fvypoxidr7o4pyzv,0.0
kphq7es3eg6soq6l,0.0
4gygda3k4nyn2f3j,0.0
mvs3xdpkdxegk6zl,0.0
cjqf5ssbashcz3lv,0.45106606667949384
jf3fkggltglbr5tw,199.9080993670494
qmqv337e6om4nmos,0.0
ereble4r55dns27h,0.0
rjyavrk266y64uyf,0.0
iklhu7pxxqx3d25x,0.0
rdjcpwzpnrvkdquz,81.56064551522289
p4r3obr52yqbnpo3,86.07637600095464
ujwf4tlwx7lviseb,0.0
b3kmmfa3p7p65cuq,0.0
ocrb5uwebtzzpam6,0.0
ovloewubewdhrjbz,0.0
upqrktukezaqruxu,0.0
ngjk7c5jfhwqkzxk,0.0
bzmwjbkb5ue3v2kq,124.42067940993336
eu2ewunj6nfjjla5,0.0
iarg7lk5jfjle3nf,139.77646377968642
g2fsf66ekuu67zol,0.0
jpcp2gb6o7mzs55o,0.0
u5qdyjjwgj6iz2kn,0.0
7hn4do5xpzbeplmk,0.0
bf4zavedvpvol4vm,0.0
77tiarfglp45mvdz,0.0
ebrvi4cqkfazt5vb,96.41435301930889
g6evqols7sspufol,53.89267546826447
nm6tefwoivxw5etz,0.0
n2uboybp3f2334ly,0.0
c6qgacbfqgp5mnhu,0.0
zw6bevaaxqzcw4ov,0.0
vlxnmiuy3hgjqymm,119.23492763775413
uamvq5yv72aejdii,0.09523806653502472
75wdyupy4tutarre,0.0
llok3lbu66apjhm2,0.0
eiivl3jhspxlnr66,0.0
cppfzy5umbklbrqo,149.08839113334895
7r2p2qbtmtcd35nq,0.0
kgyuqduubxdmyvnb,0.0
oo64zolrmm5qfj5u,0.0
2fysujn7ehefykix,0.0
iwcq34rivteyy7zy,0.0
fbgvog7no7ck2oza,0.0
5jstswe7zl67wgzn,51.291028095737474
wku2tcqscmrbbxmq,0.0
uixldfqgyo2qlsep,0.0
i7lecwzwewexresc,1.1596838278315884
np5ka5e6focdqtdb,0.0
ftxpjobhlp45o62g,71.76169351699106
pljm7cyv2z4zft4r,0.0
j4w6z4wgahfvjdsi,131.11187558063764
namm7yc4zmud4jw7,108.10313013743873
lqv5amf4zmoyshw5,155.9574075784377
s2gz4cernnackeqj,0.0
yaawtlp44hbpbrzf,462.70965571177936
ualh2ie7ym7sdoks,42.757496633152925
ijwjfa7ylioy3xmf,91.5308413493353
ucmlee7a767r6xmi,63.05318125723962
3h6fhleuwpi5qbr5,79.60193609928534
nmrhpeycovk5fmsw,0.0
ef6n3kkbzlcwnf7f,0.0
szlzw6g3exm5s7dw,0.0
oi2hsbgc3ovikbka,0.0
wrrolc45to5otuod,0.0
yo4mvlr67dsszfhj,79.16233002725119
j3f7ambv5bglfc7w,0.0
ragrmrvtarqykbmb,76.35218744854546
eetkth4ds4izye52,0.0
qkftdv5w4imjbk2d,0.0
5k2kv7amuvk6jgek,0.0
juqzrrtgeixaqko6,0.0
fhuwxg73zzqiocee,111.54005732074162
md2ac62r5fnqqnzk,59.064266745058084
duphexi3lvod3brk,0.0
35qfyydbljmejdzu,0.0035518770629359955
4cqf2jg2lahdx5e7,0.0
p3oqfo5ms2ctzodq,0.0
qoge3qx2bmprlyio,0.0
4inwykh3tvxyfeox,0.0
4jmrb2fih7wkf3pu,0.0
oi6mibpxupxgieqf,115.1264978113463
yfprixstx3ucdfhm,0.0
c4rqtxj322advfnm,0.0
gvkxbzccrwenrwdd,0.0
uicsgbcexhsn77xu,0.0
ba4bli2y4u7v5kww,0.0
2q5n3xartkggjxby,0.033566186259096686
dvzbmrxhd5msikzt,0.0
oq3wsfwedd7amu6g,0.0
pimxw3m4xut4ndga,0.0
6uwkvio6lacrylbf,131.57147736860566
npy7wjrjnt2juo27,0.0
pqnps2xjha2g5yky,88.10815100836561
7c6hflojdlqozn3b,0.0
o6xdo4ptj4ts4eii,0.0
gkw76za2hfakmilp,0.0
adikwckug3mty25k,0.0
oo76lu6do7obtxfs,0.0
6nj4d6rxourke5tb,0.0
umnlptcw3w4lwqsj,0.0
62pxm6qkdrunrg75,0.0
eu7lstb5s5udts7p,208.5382397539239
63glxcjf3rqepn5x,17.892197059971068
3nivdkw72tbiqgnf,0.0
myixgwl2vwmht6x2,0.0
dsn3etdaktuyw5pi,0.0
r2ljxej2js5w6hkd,0.0
pos6ush5z3sq4hb3,0.0
d64bjgsjej5qumde,165.88313176572697
ef3hkohpp44pgiuz,0.0
oa4jqq5hpt27vpao,0.0
zbenp5y3hfnnbzxp,78.27257388813399
iaib67yxsjqfiatf,0.0
5fixajqgzq65efs6,0.0
cgbni3p4cz7vvdjd,149.47417873962593
p2hs4hosk4cula3t,0.0
cqtihcjo4yeib6rd,0.0
rvjpcmtopn2o4arq,0.0
ezdg5a3t5d3h35az,0.00025331724244776003
mc25aaa2r3qqv6rr,0.0
btqhtxgjgkl4s233,0.0
gdyzp23bogxggff3,0.0
tstxapcykued6bkw,0.0
lp3hpt7uiflsoap4,0.0
wlvelzsswh6iw3nc,0.0
4lcqjuehpvxdmlaz,0.0
5hobfnve2f7m4a6h,0.0
rhbwruevlwxde3rz,0.0
4tk3eqcliswet7sm,0.0
odiorxit5pj6ctr2,0.0010851819475057492
wtord22ph7qkwmfs,0.0
niaozkn3aiy4vxae,0.0
3koepg32do4p5hb4,53.224028552280664
whivefu5j34tay77,0.0
agthpnctvvcldqse,0.0
6ex4uqomyrfxqnya,110.06990962378762
6rj4i47wzwce26tz,0.0
vpp4enlzzgqjivrs,67.76256721323752
wz7qrh2koau4vsuz,0.0011138231860326456
uh4yuzqans77k2qd,0.0
kty7hkwawfg2ntok,62.44583938233528
gt36vhiveemorgsl,0.0
mbssrz26stjjbnqu,0.0
tywpwyrj4c3dtixn,0.0
rxqhhgq4eraohag7,0.0
ycavqqx7uhvqtgk3,0.0
l6ejby57meuzszwy,0.0
frz46m2gtb3qxz73,0.5016201467604938
ndmcrljxbbfdwnbk,0.0
v7ee5sk62il7q523,0.0
fj5jotpqnsb2mlev,0.0
rxd2koh7tzo3p6s4,0.0
4xjxknqh5ipjd74c,0.0
gtazcvsnaqgaegyo,18.92533853886983
kyg2hsvle3x7fv6n,0.0
33hw2p4r7oy5bbqs,0.0
4ianry3hv3f5hxsx,0.0
xzj7opnqeypfjaje,0.0
4whfrdzwuomwzxfx,0.0
rd7by3zo7vkj22b5,0.004499889591635534
fh2cid3fqzbker6u,0.0
xoqi27xsmtlqoaj6,153.894397244815
ysvrnldxnjt3mafg,0.0
7relcqlwd5tfyplv,0.0
ysbgkj6m6z7ecntv,3.73533119068862
ybnvmohszfkhioz3,0.0
qcqvrdekk3gyfw74,0.0
iokqgu64ibgold43,0.0
k3xptd5u3vl5bhpw,125.4279482140146
ufawubfvm6ioobfy,60.595065820252024
c4zetm4zith5c2zo,0.0
tghk2lhg53rafsck,0.02205985104844853
sspbs3eqbg3gst4k,0.0
mz7c5tud5wxn54au,0.0
wybeuga7grmboidz,147.00094391958805
mwfbirgadnne462y,99.53682519866064
zxs4dvpjrklyb5aj,0.0
sggcnnbfsxycwswi,0.0
7wc27t366nxfsfey,165.66223280925016
tvsuvffvhera42bf,0.0
3l2ctz2ldx3clyie,0.0011046743331525996
hla3akrf7k7ehjd7,0.0
w5k7ivaz4q7tghip,0.0
nq7zu47e33ywd7l6,163.62438424331637
lkwym6qajijyyibb,0.0
ol66d7y4qg7muaot,54.342109300263544
dvnstkh36vp5srer,65.62516947706023
v5drjpmz4tjhcbu2,0.0
jmlecbwg2rvetygn,1.176818747623669e-10
zdpghtjsbjnrir64,0.0
rttlbptvwjzbiuts,0.0
qzysgb5mijkztszo,0.0
fxt5bkespo3gj3ms,0.0
lwk7p6w2iprh3hwr,60.99045283675757
qn7ij2kso6cwdo4y,0.0
7bxoxrxa5gsy73w6,47.252317804624894
fydveyw3lbmlfydm,0.0
qj33npn4wurwi77g,0.0
qi52y6xbz2z3oeua,0.15548908326382538
o6o4ryva53nqov2o,0.0
dm3s2em3k7lrkdm2,0.0
zz5w5hei2zg6x644,0.0
snlfjpajtxtqdnzy,0.0
quwy432f2gk4vt6r,0.3455256867357424
cengkmmrf5zu7qz3,1.176818747623669e-10
uhrhs57ovt5lqblt,0.2783298666181127
dyomkfif7udaz2wv,0.27877422301310384
vg2rohbd6dbz2uiz,0.0
djjcir6vtswh6smf,0.0007083588440811408
2chmnmfw5szp62ou,100.57665339777441
tafgpdeopssigm2l,0.0
76a4s3wzymtfvf57,0.0010981321684562276
b7vntbglttepcdsg,0.0
ltzqjpyad5y5vz2g,97.8818234575929
4moetx5hyl4abzqp,0.0
gojdax7o5i5kusot,0.0
elzjyzdjnih35uo3,0.0
opevkza6yb6njhcm,60.778449579535206
vjr6kalex6tm7xpi,0.0
6zkfm2xp4vqtqh3u,94.51615177864684
nz6l6gakqoeotsyk,0.0
hporzdfdckf2jp5r,0.0
wi2h25mgfglwdhib,65.20721911643294
j2lwt2pw4bndegjc,0.0
axvcn5ebp7ljj3vu,76.01078957019536
ajms6chsh4eq5qop,0.0
otd2xf7gu2uvt64r,0.0
wag223gm3a2s37r7,0.0
e7tbp25bjdemxckf,0.0
qnpnpald64dufgoh,0.0
d3m6nyndlffkhtuc,0.0
zraheglklll4d5by,0.0
pyemv54aptbwj62r,0.0
2wctc77hstb66ped,0.0
xhc7nslr7ywwzjpv,0.0
5n6vvzw44ou66a5d,0.0
kwtzfwuuuq3bzr3m,0.0
m22tmvthslluagud,0.0
y4rtx4jbm4u7s573,0.0
3bltek4p6r4nbhkt,0.0
jkqthv2zgozn6lkg,80.02846933086282
dnflwpfpxz6mrvhx,0.0
nwiwo6asrkx7kqmd,0.0
duodrsf65betuhzc,0.0
mugbjmidy6t3l5lo,0.0
vkdc35rabztzquhy,0.0
3yfvfjj7n46qx6af,0.0
nnh3iqj2ftrrp4gr,16.58153609417229
7d72ky7jee7otkmk,0.0
w2mz74bcrpsncbf3,213.57510551651
rivzmjbhfrr76la6,8.787258153657955
dgifa44pm52pj6ok,2.525882384567456
jyx6gtrb6g3ju2n4,0.0
kaez7rn5vpaizw7e,0.0
szruitlqqd452uyj,0.0
ieaxf2tupl4y2zwl,0.0
d37oswj2ozpxzuy4,0.0
w2rp6kdsi4ereq5i,0.0
w7lwtdlw6tfrwhfc,0.0
fapbodgyu436gcul,0.0
6kwnicbohzycxbnf,0.0
gibgp37sn5umx5h4,142.94173087381054
4jwvwjzmpegu35xx,0.0
ob3qx4puipuhyw4s,0.0
66fjpalcmlwnhzgl,0.0
ur2u6kvsnouolxhx,0.0
gdafij6rfcwjrsfc,0.0
hsxmzjgw2wq6zxmm,0.0
cgg2bfiyeimoqt32,60.30582129628958
7ec6ck6wztiopefl,184.801758258139
ayul7cmqep3laqiy,0.0
t4fixnf6u2ol6f3w,0.0
qgofbcun62dkkj4z,79.5032333349422
4iftqom6p73os3h2,0.0
z2c2ogmj3voybd2s,0.0011048016095159408
bpkz63435ezsnplt,0.0
i4mfbnlc27st656i,0.0
fomh7u73xvmxzhnv,0.0
pdbuek5cmbmexpme,0.0
pich3svfpeshfnqo,0.0
7e73qtfrma7rxcpr,0.0
nc2rwzorjw6jmnrg,0.0
klxc5ikzhearugqv,0.0
y33r77pixyzuyj73,0.0
atzo662powns4scd,105.16156427639726
aljoavyidnzzdcdr,0.0
ckxfdwlodcdpq5z4,0.0
pf2gylv7a237iz5b,78.40679893188454
ci3xltmos6gmcaw7,0.0
5za7cpib4so7zo6z,11.31497887118414
6zr4ed6pn4ko4hcj,0.0
foizqjur5eqe7bax,0.0
3xg7wt4gknlhwcxv,22.210452396097114
x76cjzgfu5qxzdvt,96.84441998313011
dhnlv6cqgd3fcryv,0.0
fejpczovvp34gj76,3.404926763456612e-06
vtsppujthcggoxvh,0.0
ruymzziijwpry6zi,0.0
y3wnfhf5dxtahw7m,0.0
bf37ustous32ljso,82.90041411289135
nf6ymdh6sm6ziozt,0.0
s32m2df5g4mm2n76,0.0
6lrvo7em44lr5cvs,70.68846812089154
6mbchapd2ch77f3b,145.9953470624897
h7ky3kxmludvj3un,0.0
rpo6lgpa2jbpfcjg,0.0
4itp2a6yl2rmzfn7,0.0
c6baz57iwodei6yk,0.0
a3ufau547ptzdant,0.0
eufgqlrq6t4fvyhe,0.0
3j3is4qozhb622he,0.0
quojdydsqybrrfji,0.0
oblm5r6e7vbnqwnj,0.0
d2zee4o2ro65cvxt,6.033528758321626
mi5q5uozssaxntus,0.0
ap4ddisfw52krx7t,320.7761518377845
zeoz2k235bb2tiuw,69.95355550190216
5om7pdyf535jkurs,0.0
xpv5zhtgcxgwedzc,219.91266927551385
pyl6vcpd6ujk4i5t,0.0
wtropca5vu2nqjk4,110.99297058041981
unnqyxuqmint5cl2,0.0
3mavb2ysf57frzmn,0.0
thsjmbfj33gc4syc,0.0
hp35r3fnq5sbtz6m,5.109049432104747e-05
eqpv6mwxauekmzuq,0.0
lkwa4c4k4wk76atn,0.0
zyjhrkg7z6g7iilh,0.0
zcymwqpsn74x4gzv,9.93758829561585
5hsmrifff5gk2w5z,0.0
jegfch4owck7eowv,0.0
xmstabk4odkna6tq,0.0
vddqitkyq746s6sz,0.0
x3hwarf643j44xlu,0.0
lqwnawjrc5cnqsde,0.0
dh7bws6334tlnakc,105.2284597439337
n6rbrluebvqnga7b,9.246987135767571e-05
5pydlj5d2e2rcpwl,0.0010349089789045386
mj5jgt6wve3wlri4,0.0
c5xf7dz3adjp23t4,0.0
ifpbzwr22m5oefqe,0.0
bajbndxltip7po5u,0.0
3dmbuik3o7l54ttq,0.013711858537690186
bj42egxocw6pek2r,55.94293334483878
dzqtydjowmbddfml,0.0
ww2yh5tyari3dj7h,0.0045928100614142375
ewgvnysrj7tk4civ,1.2328507326482168
7rqpv4znop2n3ksv,0.0
7mfdm6v72masrj27,0.0
kjjegpbwgylk646n,0.0032811349179275705
6d6zlwjtwa4abqdm,0.0
afu42dkxpeqwf3iq,0.0
zoyzsu2iokuvaddo,0.0
5tc5n7nbnbcjtvw6,0.0
rfnkk3fmxoy322oi,0.006673246434219564
ei7ozhaw3xhaay3t,0.0
dfhaktjme5ir4x25,67.90640746585528
2cvgtuxkojffqcn5,0.0
vqjxnflw7nrmm53w,0.008959103055471068
hipz7uvqvz5xqtuv,68.04193473348741
nwt2kfekfimr3ys3,63.24383899367087
quef5jjfwkrstz3k,110.86640385286796
cgu4xgw6flsjbf73,0.0
7dknptpc7klez2ty,99.30906546248758
ydyko4g3rt3c4pe5,89.58395378520572
bp6yxg3utfnmmjra,0.0
t3l5y6vsf7ycomop,75.59276473928442
iij22bdfkuypwg3h,0.0
lf6be6cwasfdjc7e,1.7864703546815095
iuufdwvw3apcq4kh,0.0
t2quwq2b3br355h4,0.0
q6umsjkqcylax3mt,0.0
ow6j562tx44f2kur,0.0
gopnz5kkosojx3ln,0.0
6a2wmf5hokuzmpw5,0.0
mdls3wn6n2vajgg7,0.0
73ca7vosivmrmg2g,0.0
3cup766cz4xcnrkz,0.0
e7regzyjrafhuxej,180.49810990961828
my5cwwl65rdwdrib,0.0
ggupags5uidfrfpx,68.80109857873353
2pbvewzuldoeuc6b,92.26231831234563
w5noxcv2gzsurrnc,0.0
dzxuv5rsqqyy5723,2.051147646225651
5ss5lftnxvmnsrel,0.0
nxkcy3i47dy77h4j,0.0
tkdkazddkyuop5e2,130.5168492282807
jrmgzy6lds22jar3,0.0
dar4s4uazfdwl64r,6.5659723725501715
m56dlenqj2pr3gqa,0.0
wyku467zxge4mnrj,71.02677079064563
lep4j6xexxsgl32v,0.33286174018298303
zzymz6czfqajxvp5,0.004422454423491184
ilj2tmijybi6dyax,0.0
hhpphr6bo4qdtrdk,12.369245143627133
ds6ztwemdly67xen,0.0
be4pqkhjkp7y2jc4,224.54181642587434
dzisyupcajlkdo64,0.0
attnfa3xjw7ketaq,0.0
cit3qtaqobcvh5tq,0.0
yljioo24leu2chpu,0.0
x52azdkl7pevraff,0.0
tqvoo3jf3wssfpzt,0.0
pwops24tgoyrjatf,53.22019108815696
vz6jira2k2p2pmjz,1.5565659540836056e-05
3q2guca5mcqqfmwb,0.0
rzjtnd4ivaujrf5d,0.0
ejnfh3solhwgsfa4,0.0
5q2cx7rmm76r2hlk,0.0
e5qrsemaywqflm4t,58.09537768478117
gnv3mv3sxrjkh7zz,0.0
vs4tih2cyf6brjzw,0.0
iihn2vl2jwrhuvif,0.0
h2kmsecjuiah2hsy,59.97154670592225
qi4lpcibk6tyupur,0.0
sgbvtw5mkgk33dvw,0.0
zfywc4jow5fvo3dz,69.2461274742808
plilaoofrrr7eic2,0.0
ierhx2qcb2qiw24t,0.0
4uomwxhmztrn2ayl,0.4287804227068796
erfpeilu4ttqtd5r,0.0
3si4nm74m64auo3o,0.0
xojvev4wzhqrentn,0.0
mgg3wafdnr7pvlxk,207.33952601110911
jaczir2cwgni67mo,0.0
hpab2azhu2ifkz5b,0.0
bs6q556bz7bjqhc3,0.0
oobgqd7o5e3snaki,0.0
yswivw2yimkln3hd,0.05885130877536827
dzvtlgu32xbdrydu,0.0
mpgi7jh2vx3kxpik,0.0
rukxdcrg3apxpfkl,0.0
up5wcask3uhsdnrg,0.0
q3iestsuvrvz5xlb,0.0
jh5adw3g62ohkk2c,0.0
flw5sistdf2i5mhh,0.0
clz7r2q4eq2msxue,84.51974262679269
jgwz7wiifmvh7ene,0.0
jwmal3rizvootrkd,0.0
omrrq7ihqn42gyxs,0.0
oqgvbugqgkwhteze,0.0
rs4zmb35rckwvq4w,75.91789174813559
nddewrxwprg2syk3,62.133240463538314
krcmbrbgacyja75y,0.0
xihfwodopg6uw6uc,0.3000140403759906
b6uy63dhl37fkwra,0.0
johgogazexmwe5i2,0.0
4kbqzmzczayjmx67,4.801100174524945
rbiutp5himyktuzb,0.0
kmwbnkentvlooyw3,0.0
szbyvwefbivvytzd,0.0
hwnrhwwzw5y6kyso,0.0
gtr6j3chco3x5fwx,0.0
4nky2nt4yiivmtad,15.060734805273684
b3a357jhoot6fsti,0.0
ugucfruyt5juled5,0.0
y3dtnmnavrmcvh2o,0.0
bnsk7qnmw5nrjhel,0.0
o74wzfblc73jilxx,0.0
3w6p7ewwg7wnqng4,0.0
aehph2lfenbxftod,0.0
3n73veu633ceto4w,0.0
5drkx3m46xfcde3i,0.0
2o53g74pp5sp43w2,0.0
fbs4dqvyprqrukvp,0.0
ak6af5l743myihca,0.0008529519277402813
gwumrbis7qiii7pg,76.898851043676
jr7yboeoiypjvb2b,106.96397477565182
xljqu4kn4ycskhlt,0.0
uyrmqa5e2o2vbczd,0.0015001869177879072
5cmwuwku2ywgfx2e,0.0
ubcflm3b56ojmhbn,0.0
7xesj2qjrvjabalo,74.86947652207496
h77bcreolob5zcun,0.0
jnxp2xjdmssqntyq,0.0
ksi6soyubdrmqdbx,81.03934160948398
bt5bljlexl4vtakl,0.0
hdi3sctc37mvuq5c,0.0
wegi3vulontyjvee,0.0
qnxprz6vysjefujp,0.0
6yh7qcedgfqq3do7,0.0
tfge7zoc3rotk7fw,107.37211951260214
n4n6en3bplvqmlds,0.0
xk2e27fpldrm4k3i,0.0
rpr75o6fddyc6jan,0.0
o3udcopbzhvdgj7y,0.0
xwjmpljvftfkmne7,0.0
qasnxoztoemz2w27,0.0
cvzn3jewcw2ldj2l,0.0
zbcp5ziehfzzdp6m,0.0
pocfhmdhvubv4ytl,0.0
h77t5jxqunjxfgfs,0.0
n5gja6c7ov3byzro,0.0
rjxiicyaaiemmdi6,0.0
agipptmqvr2dkpcl,0.0
e7ku3r6eoxueoji6,111.9075322579032
cuqpe4avj2anqboe,0.0
zudz44svenh3i5vi,0.0
rmmcvkjbmrpvazo7,0.0
rxmd7ayoy4p7tstr,256.34070533332056
6mgkr7gm3htt2s6j,0.0
zsignblm5r3is447,107.2909194736028
w2csxxleebteziqm,85.50035872039511
o7enfhmfphsgfywu,0.0
775rwo24yfse5x6x,0.0
es3pzsu56spuis6v,0.0
w5bxk2ctqsanxhnw,62.175602043110835
6q24bq5isymjucay,0.0
fv52twdtq6d7hnlr,2.1422682272785534
zd3jdnyuzr3kjf22,0.0
4yxjjx2jhbr2bb2s,10.764903532099478
t3fposzh2qqkstrn,0.0
2qrpr5tijosh6fik,0.013410066750925105
ibk5oglcir7wxyn5,0.0
3hvbapsqoxq2sqgl,0.0
wglr7mvkswtp4lsj,0.0
pqrgpfqo44papz2r,145.007620961472
76iwgtrw7dgufpgx,0.0
cqy2rl6cfxsutrow,0.0008505088738183347
mskhminim6itzath,96.25243571631407
e6sspzfrbrp42moy,0.0
jwv4iykjj3e3bfxw,0.0852441587626768
25t5uqbqi7suscgo,0.0
c3rek3uc66tfgvsx,0.0
wadm6dunityc6pgw,132.0064275141758
junrtrtrt5zr2d3t,63.85664171908876
auulz7qz277koazl,2.9935291795165155
lt6bi24ds62suq7p,0.0
vju7yq6t3jqnlj7m,0.0
hbk3seascil55awa,0.0
n6kxrj3xwbhd7hm3,0.001034211128023093
biesa3riqgb54xn7,54.90947629012283
rng6wbksgaxp7mkz,0.0
7eogpdjtnu53er7s,177.89823730384205
lnmvdmidfax6gvxh,0.0
xjvujgoqcxidri5t,0.0
etiraeovbz3qrvhl,0.0
kihs64avlo4xeovi,0.0
lmkxjto5uatiqjj3,0.0
chbnptabhcquaydu,128.92509386652068
hlasd6jyr4q7d5ej,0.0
5hgtrwapi6p4atcp,0.0
4lwud436ozkguda6,0.0
wbmfci3yayccamrv,0.0
dteynpvtoupsz7rp,0.0
nyfgxqsckidqvjux,0.0
demuvpjyus3bbrb4,0.0
5li22qq2baim67qv,0.0
6rhxtsfm6ty27ni4,0.0
zvyscnn3zfterf26,0.0
gjkgbbero5b7nehi,0.0
ountvt4baccerno6,95.84503921301726
5fzh4dsijtzndfgr,0.0
fykhdmpt7u76sfis,0.0010651033610767162
wayg33uxl64hvpax,0.0
mowhhqujyywbdbbj,0.0
rluzsznfbjodieas,0.0
pehzvwaduuqziidl,0.0
bzafdeyqscxjehv2,123.68570575319342
s2k3ufugnce3d7ng,11.560737104458422
eyxr6sg64zrq4tyx,0.0
hdvfx66cfy5fjm7c,83.6342430671965
n6tt7t3xkxovyc3r,0.0
ln5wgwmrpu3xpcjj,0.0
nlo3bt2oj6pcw6uc,0.0
jbgijcss72sfbplg,0.0
fzz5wm4fb7vjmkt5,0.0
m363u2zzfxhjxpfq,0.0
34gj3534qbbwom7e,0.0
hn3zdiazaxadtypv,0.0028031138816120137
3vnugv4amjzb6r5r,94.01152798185592
win4rvzytogg2k6d,0.0
n5z726h6hcggn3hw,154.01279871869602
laygdi6w7ioxb5ac,205.87164351257798
66vqyjbsh5gsmqzl,0.0
ag3mvus7ejw5nbto,116.2943518862745
bhdh465nhxwldcod,0.0
5oihu5yj3tmeisos,0.0
dj73kl4in7so2ima,0.0
ryjwrv5mpusdcpck,3.6117491386218945
kaakjtqfohgl3dqo,114.59100008599357
6bieyvehdbale4bf,239.9125027702649
vadbjwfbo23u6iwt,0.022792019895691525
p4mazb2mfa3u6pqd,73.26491274014555
hdph3afyckqkthx6,0.0
bcg64uzknkgidyvi,0.007831029114894071
rrdtimahxjceddlh,0.0
t7kgg2ivxq5xp4lj,0.0035518770629359955
pro6pp64qkaof36l,373.3463107966836
lslqnmzk7odot46e,0.0
sbho5ezdbzvrjkuo,98.86131270772002
22uyqmwgxh7buzrh,0.0
pfu4x2tf7hcls6qg,0.0
b3zhku45sxo4etl4,0.0
jaleust5msayrxri,0.0
qquu5f3mqhb446z7,0.0
v5o6eennhuwy5nm4,0.0
7mrinci6y6bbms5q,4.101724544174466
fkspwpftj4s2xzpg,2.9077920479846133
c6sxzddnylscwwcb,0.0
ljprzzca737ypgnv,218.33660100215153
o62sry67w5j2yir4,0.0
zamlq3kosrvhmgkv,70.6957337937223
vbbiwgniqcvbldpt,0.0
dgr7dkmhdvsqqou2,0.0
kkjkto7l52k2u3uf,0.0
hmdkzbntvhmp3xp5,0.0
4l7ixsaennixkufr,15.513749066892107
gh34fnf2frixfcgx,423.1596391315661
3gcqtef62moozkhc,0.0
62bzuocb66kkzotd,115.14627726480373
yvtom2dkw7nk735s,0.0
7wpp5ikocq2b3fkj,0.0
3sw3aap4jur3kohe,161.41771352555654
q2obtzgfcthnhn2d,0.0
ruerukokorqfbbvk,0.0032192172256841297
zuaorkvpkh6p7omg,0.0
qicrtjiv7cdbk2kn,0.0
jw6anf3mvuc3vhix,73.77180846218974
v3swkmm4dr52lt3p,0.0
gwz3yvxrqldzkhen,0.0
imi2mh4xkftbmvnu,0.0
ourf3vekr2abehbi,0.0
v5hgnolzpgnkbi6x,0.0
fwqzan76ywo3rhhu,0.0
hajd25sjhufdkvtz,0.0
whujk525vrazkqjk,0.0
73dpu5x46ed5zw7s,0.0
tao3zqefz3pf5dlm,0.0
2mnpbbpcl4eoz4ln,82.1822532018567
k4tetsuaokd55upa,2.7968221836555847
awybvq27tlppaa6f,65.30255374165417
i6dwdj75h6sal4pe,0.0
bvpxgewhi5b6zpd7,85.03930675769425
v253sfvvzqgixgei,0.0
r3cpuwnva6nhdxb3,0.0
ycz6g6oawx6fq7o4,0.0
gb6suf45ezl7bm2v,148.08170196962126
p3jvghty2h3h4n45,56.34304475993592
fop63rwderfszhgo,64.49403565371048
vi5cn4npeoqwpizt,0.0
7s2fea4xmb6qiszv,0.0
iqsrhvdnw3fnaxwz,0.0
n5rqk2qcrkulfcln,83.61952389176946
xyr2k5eowxpr27tb,0.0
hm4ccdil4sc2m7yq,0.0
7wo6oj6lbbypgra5,0.0
a7xqw3psy72wiic6,0.03210742226288979
3yh3s7lur52lfh3z,0.0
hr5lo4szzhnybeee,0.0
znshrjtt6ybwrp7g,0.0
jqzitu5nzavbf3th,0.0
gp2slfg4h5eqqqph,0.0
ovugfftpnxjadocb,107.09309489558522
m7jvmpoj2yfk3rvw,108.60935324289392
ywcpejcnghdgxxc7,0.0
vwppuawcwbjbhbrf,0.004552716119490789
345rdthnhrjcl6tg,0.0
guxxmyuyzyxg2qfc,115.80078085722127
lwztgvxczidkwmkz,1.6683028039599654
opygkujbmxvflxzg,0.0
6wcdr3yvrn5proyd,0.0
rlpr4ye5hlwrrfm5,0.0
fwf2blimtw7jvwui,62.46095086081283
pugzjn6gxuqgo765,0.0
3mzxl76x3ink7x5i,0.0
nsu3zejhyqznushy,0.015639504290588416
ebdl64soatslp35l,0.0
itehjrpggmt7tv7w,0.0
hyglktcdbwpsllrw,1.5645885968018811
7w2izynjryl27aeb,0.0
zfziqf5usyhoelpp,0.0
eal3ro43ioftzt6w,0.0
nmew5k2xoww4zo7f,73.7707764514154
uhns2q3rtfh5n235,66.8695447356988
u5jal7pohxlaxnd2,0.0
htxqstvbthm3b3im,0.0
qk64phfdta7m33ii,0.00014996200099776482
7lxoz3xirrfhuva6,0.0
lfumtw33bzoskjdi,66.1728511121357
4rwulo2hmyp367pb,0.0
eb26rtlxzywpbmvp,0.0
jojwgtjgrxgq2f3s,0.0
gbcbrdltu2l7lbkh,0.0
s3bscxtktsrvnnir,258.8417810127292
t5l4ljqdzaotxz6j,0.0
ipn3zpdahm4oo3us,0.0
dgukiwhn5mmzd4ud,0.0
4lb5yqx7ylxu5jfh,0.0
p5ngisdulebf4jn4,0.0
xwo66bqbfxrv4qd3,0.0
eogbd6zqiiyfnbss,0.0
f5od3ohbzdahlxpi,60.93991183422395
4pmzyqeu4ea3uc66,0.0009802875829230191
uwr3yajdzhc4nywx,0.0
ji2ese5v3cizjojx,116.51758094708308
6ozsr2snv6oxi6o6,214.45420110817756
4zvz24lpko5mq3d4,0.0
o24uq5o5g7nj3nv2,0.0
feqk3vhlx4timzdn,48.77949831313582
2gdijygzhqdpfvo4,17.42438395891771
g2pcd2ktsvy3cskq,0.0
eqsawgx6rz6kesbt,0.0
ehs67vv2mfpmo2ep,0.0
lqxorfqabc7qav74,0.000465768346543154
hyzx4q7uazbfrskd,0.0
jrbdgeheabl7mtin,127.06294062135211
dq5o3d6rnqf62dbc,0.0
j6cad5rbfuq4c4w7,0.0
qsu3rpfd7ogmcva4,0.0
e3afewfvvpyncu53,0.0
pkktfawgrrchsn4b,0.0
darbui3bramw3dab,0.0
iu35epqiofcrw3cc,0.0
sqxnxypwwiagrtxi,0.0
p4u6b53daswi4zyb,0.0
usx3flxrivu4y7uf,97.83402952023677
iby6tiy3gppzof76,0.0
ysjtxx5ughdnt7sn,3.923755855158203
k23h5qepezhsu7op,0.0045928100614142375
36gh772e2gfmbp5k,0.0
6zxnrbhnnj3pdlcy,0.0
qns4de7q6l46jnbf,82.7750487912339
7t2ok5kv2aegljc4,0.0
a6ug3yimkcgj57f4,0.0
hlvfyctu4omrq5he,0.0
76ko4mrheofvkwhn,9.68346179586936
fajijvlbwolhbsiu,0.0
nuqslojodzmcg5fp,0.0
6tzhjankvgnrk4bj,190.89849770484705
luemsi4c36mk2ncp,0.0
cdqi43waxepjkkyp,0.0
6xcpyd2wtefflwem,0.0
3dfwmxowc3fyfvgd,0.0
xmivrzdhv2o6jjdr,65.00720171344972
3f4mtyqj6437ulhn,0.0
fy5c53xedwhalxrp,64.64850160927958
avze32sbifky2b2r,0.0
5q6wooxvr7a6ajk5,0.0
ondvheixctrwkbgc,0.0
rzvlq57v2voac5fb,0.0
gfejqyqpbxubkhon,14.073793124776996
g4t5bfaqj4rrusoa,7.204167723324532
rwdgfituxysmb7if,0.0
gjhf6sa2grsz2kjj,73.263300049995
gmrb2mldwszzkqft,0.0
ze46mwpkutfhj6jv,0.0
pzkaii5pjanorpw6,65.79933048765145
n6snimyyk2cumebq,0.0
ktlvzzn3tdx6zayt,0.005294725685184527
uovddgcxum32r4eg,0.0
wluycitrn5tgpkdv,0.0
uqajgz7ifjbyuijl,0.0
stnadti4ipvb66yv,0.0
3eadthnkxx5j7y35,0.0
ncob3scrowedgw3w,0.0
e66earnqgupcyrga,0.0
vahgj6n27kmnaffs,76.43473214319673
hhj46mtndnit3c6m,0.0
3igoulsgnbycjqqk,212.8910680367963
yv3eg64tueh75ntb,2.7042900788392163
cgqtwtyd3artuaib,0.0
7vmpwnfaagx63jjo,0.0
nwdr76znzjwdfiin,0.0
63pzhel4s65fsi3t,58.77468644497983
4krvvwkmswoz2weg,0.0
v2vr3bktkh7kaf5r,3.505506400559902
rghlz5b5dhxtzouw,0.0
vjxwh4z4n47tedla,0.27210672146632936
vm764ryfiyqneb6m,0.0
74qtkwfocfxrs6bd,0.0
b3ukulmwhs4hlhvy,0.0
bsjit3rfozhf4ltp,0.0
lcqirrsjctr7bjzp,0.0
2es63vlpqjvgzkiq,0.0
wljgtr27aagqgkls,0.0
oiwxc42xneye7etd,0.0
itarhv7kp37o77l5,0.0
3p6aoppevl3wg67z,0.0
eo4fxbmrocazasjk,0.0
pozdvsq76ytbg2ag,0.0
27dlhydicqcl3ud7,0.0045523846751026635
3qazxedk3jbr5yqs,0.0
ersgd3dzrjzw6h6l,0.0
5kuexavnfxifusfw,0.0
h7745dpq2j7o2mwh,0.0
c3z6galhvftdb2kz,57.87522655361638
amdd3v4ydbxz743l,0.0
cbcatmo4o6qq2ced,97.52691226060386
6bt7v2xfcfjyfkzm,0.0
l6scccp3wzhyvldb,0.0
p64i3xplxsdkdyed,0.0
et4pqtnn6uupl2vs,0.0
4fegweh5mgudx3j4,0.0
a2eem7lpm5qmoiui,125.61634590118247
ctyxe3cbfnf6fn7m,0.0
p7x3fgh3zfdvmtop,0.0
26hhfw5s44aq7k7r,0.0
mkayiaffihk3ha7k,0.0
gzffflobkln2upsp,0.0
i4srjmgcv6s7ebkm,0.0
gqladt6tndbh5a7h,84.3318861957745
ae4lse76mfvdpy2j,0.0
luolupfqczjv77jg,0.0
dvmeww3e36tuujxf,0.0
5mx6sdwbmlrdjbok,0.0
bbj5ruilcg733qr3,3.3979543967151633
tws4rjdg6vkaqija,80.07500726393637
4qoypput5ehcwxkk,0.0
tw642h7qj62kzxrt,0.0
4unsok7hh7goj7vl,0.0
vp5gdo7lqe7auu7q,0.1881518730184386
i47tqbaknspsie6g,0.0
vw6j5jkodcpktmr6,0.0
yuobwetybov4wykb,0.0
nizucgshatzladf3,105.5195197089947
dn3jq76cjrjo7d5c,0.0
bc5ddnhgoy3tdxff,0.0
rrauacycbvsfdxwh,0.6905558764508928
535c5l6iqdi7xrku,0.0
okwgfjercf27m6gy,0.0
o3t3giqkkd7ggois,137.5322178667535
uih6hcjs7a5mv24z,0.0
6qgostr46zccbwcs,0.0
norogzyzbsz6gxo3,27.262670943376964
3yxc7gd5qp3akaqi,0.0
fod3izhvylajxjhq,84.48967200527974
ag5qpk2i3s4fgeox,0.0
ssdpfq3ji5arpgiz,5.626916697603462e-05
lkz2ix65fclzfuxa,0.0012546223976627753
bxeyge4q3iee4rpm,2.3758753368846084
v6gypttuvs6tjc2g,0.01504082663102198
omg6dlx5hy264wh5,0.0
2pilua7k3nwtvvqd,0.0
nf3b26nn7nwjag7u,0.0
xgekyd7jlq2ik5k3,0.0
jaxjdydyj3jnv6ne,1.1759868648004066
smujyzzsmvnriqlh,0.0
mxvvmseslpyaqo2c,5.51480894001429
3vn3azrusivyk2xt,0.0
ypilvr3hkzglh2ri,0.0
nayr4l2trllrw7lo,0.0
74inlou4smxgqzqp,0.0
kjwzedn4m62hc2ym,0.0
ojai2mtgvr3mvy3c,0.0
4ow5tjh73pdea6yb,0.0045928100614142375
k7fp5uwl367w2drf,0.32280497987310824
lhvkv6xtowalzyus,109.03730144563166
3ksfrqflvetamhyu,0.0
hjwkupfxxvxspfee,0.0
ws2p3s5wpuezi6sd,0.0
lun54swvmshwikby,0.0
xflfpiz42slc2hnk,0.0
pz5522ee7xuumade,16.590505478131657
7emxh7l7hizcsyze,62.906132318084566
mqel3cwvi4cu6fkv,0.0
nfhathztlno5qqnl,0.0
p7h6lmt5rtgmklzl,7.933891412950536e-05
77cypo6u7afgiclr,0.00417115715397567
27qjv7jmhkvbg7ug,0.0
wc5jqmcdc7yu7xbt,0.0
tiy3fhceukhw57y5,0.0
fcy65bgnvsqp2b3j,107.4753490862434
sxkkgsgosqzwoh3d,65.00273371694779
kaisp2e2sivwtpyu,42.977484649923106
n6krwj6kjhvlwufj,0.0
eqxvvn7w5ggah5ee,5.253788620277421
anquvswsq5olsr36,0.0
h4batxlsuw2w2yxa,0.33607827362045184
myhdaw7wjhznq3uf,83.11186263904253
7y5vnspqc2wueqrr,0.0
n5vzjw6mmp5ekevs,278.14302786243996
ysjb2a57doyra36w,0.0
2av5gqktvtotwckz,0.0
oxju4tvjhc4455nl,149.4657859391245
w76r5qmjlzpnszkv,0.0
gjsvcfs5gx35f5cb,0.0
fwh7ajhyhrt27m6j,91.48740455299149
njafoyfzdlhqm4os,0.0
urf3xrvqjzlap6fu,0.0
cv5xouxjp6kghjou,0.0
aqzj4a4ten7w7fh4,0.0
luu4lfbodr3rzhxr,0.0
rs3mf573tkikmbq6,0.0
x3iqe3j2a6apgepk,0.0
stob2zkndiegu73n,0.0
ga5vrlnaxnxng5zs,0.0
u3wzs7r3fv2o5k7k,0.0
wszs3rxy3wau7lx5,0.0
ygze2zonh2r6yec7,7.970035116435482
utkmuw6jh62ozmey,0.0
iussrgi5ha36bl2t,0.0
gaofxwhoj5lnleyy,0.0
u43tw6ub4zsesviy,0.0
33wack43utrmdbnj,40.75114041589714
ia4vmjses2yjr4q7,8.073433279042142
lqyumavgxkqlievd,0.0045928100614142375
pizmdfou5aqid3vn,0.0
mg6r7jfy7frhntas,0.0
czyfxxvfemo34zxt,0.0
sgzw66vw7okbqtjv,0.0
bktfpjrdr65ntg7g,0.0
lobo25u23lpjdqm4,62.199705394245505
xr5qvdsxghkxcxmj,0.0
sejiskxvfqmkif3h,0.0
rcw5wg4ofufhfpx5,0.0
s2i7tzx2u3rd7yc7,0.0
kdfvm76vsiodimls,54.832435781994555
ngiwl4u7dqoxmnts,108.25470308333271
o7vv4j3ekcov7sv7,0.0
zsybbfqshuwvztck,64.18901014385659
p24g7mia6kijfrif,0.0
i4fw7jakteopgv2h,0.0
splkq6odre5jdeqa,0.0
ergigudtkl3lt27r,0.0
swanbkhluebr55ft,0.0
pug37xlwqu77zpuc,0.0
evwqxulemslobl3i,0.0
opgbz7x7hv7p4iwf,0.0045928100614142375
djrirrqcy7fp3tcg,7.606466727451965
3cwqmhrpla4hhxp5,0.0
vczuhlmx6h6hgd3f,0.0
tjyanobthpp5u5qg,0.0
f6sx3vtpxspc5em3,0.0
mpw25iodna2gbssy,0.0
sfqmrallu4z6m2ub,0.0
hnzvak3inpddggsg,63.82149215909293
ozyzlzis2xgv4d6g,222.3963887138325
tjowsz4xounvqrc7,0.0
omgo4iyeloz4egfx,0.0
rpvj7jj3vt6lygck,0.0
hwo7g3uhjr53y7du,0.0
nqbfdxtlbtwngwzc,0.0
3iguz6k6t25jkwaf,21.555937448119277
rueqbtcdwf4qlfwz,99.95534217772811
uunrj7erakdreaq2,0.0
gphqi6dcsmdxh66m,0.0
juouoqhg63bcv6nv,0.0
bbie3ofuu6nittdt,0.0
dicp3cociqkfs6vn,38.32957000004948
zi2rpkht5jk6qyto,0.0
sr6gpfcvhjpvnnml,114.4546074441315
t5pgeiefghgdggqc,0.0
zfecpd54msdcmwdu,0.0
62nqsmp6z7pdjj7z,0.0
56sgdn7sbb6eesho,0.0
c6nskmgmvccept3u,0.0045928100614142375
4fm4w2qve4wiwhmh,0.0
ipudebo6m2qkjjuz,0.0
wv7dirg27wotd5om,69.67231292473708
voxan6sc4fubmejq,0.0
yotpcqea3wjhxvvz,0.0
a5wja32hdigfatfz,0.014959652676453453
z2hytrqru34azyvm,0.0
v24za5u4jlzet6cl,6.372503613879638
o5sxbehvdusbtdht,0.0
s4fdjdijrptpb3ll,0.0
4azvhrsvvjrac3f2,89.7375327835617
rnhk46wb5pr2tbk2,0.0
ilsntmytp355alhg,0.0
cfrpweptizdqprn5,0.0012546223976627753
b6aywivuuh546bj7,0.0
5i6za5adso3gobrk,0.0
hurmclpnmtz2hdmn,2.7529600409509833
2g762yrg75dd3p7l,0.0
c6z62bbtu7iloeto,0.0
tx6mdb2ukudq5rmg,0.0
uffu62dj6hnekq6a,0.0
oequp5qyuwutvprr,0.0
unqm4tgonlhqkrm3,0.020385819270335972
z6uk67etjds4lwta,0.0
n2aadpxda7yo4zgg,0.0
wep4n6kp2zo2pu44,0.0
4tbjyiwwechlwok7,330.9730518237553
ftndtwgai4rd25iz,0.0
l7zl3jgvu45i2rsh,0.12682490453437467
ptjteo2l3gb24anf,0.0
cxe4i5e3w7tdpa2c,0.0
tcfsg6xopltbsafp,0.0
73zj4hltpbtcbcd3,0.0
i2fy2s4wckoboy7n,82.46271669811853
vp3yii433pmuhnav,88.49550768956604
lyopf6jajhymlyac,0.0
7sc32ad3qt5ytzrp,17.42619603320981
ijovaimqmsjbok22,0.0
dhbdnmorodm4hodl,0.0
3m32nysshepg2acm,74.23336763062794
rfbajj5zqch55eis,36.470226014027446
3k2imys3ugg4flha,0.0
r7csc5oqyoqzjtvj,0.0
agrwxe5epdvvi6tw,76.11260501639497
pizc6j4vcy372wy4,0.0
5dlzonz4jvtfqf4j,0.0
jfwxbl6svwd4yo4s,0.0
sjo6ac54ihdwz6vb,0.0
eeceh2g6wdywslti,0.0
qluy6m5zpjczzhw6,0.0
drmjvmee5svwzpj4,0.0
5xyq6rssjn2y4du7,0.0
6im5flydcwcoezeg,0.0
ul23njxzq4rq4os3,0.0
zkwaaadnyvcfg3wg,0.0
me3wwrqrnuw2cuoh,0.0
eo74t45jurv2uipx,0.0
chtqmlsqqcyhe2js,72.77431955035456
twyumwjesjjlxnod,93.17283239451068
7gzofsck6tyjwjmb,0.0
s36osramrygmyxmp,0.0
tfkqznm6xuzvk222,0.0
hu54fymqf5mvmif4,0.0
76x2orx4ssmekhpa,0.0
mr4lqhbvzoa7u2a3,0.0
narozy6cc763gusn,165.2670640878955
wr4funut5kixyhdp,0.0
rshuanyt4cjv3o4p,0.0
bbti5v6yw2varqx4,0.0
y6lxg6zqfby5b2z3,0.0
dmf2hq3rfzrwswpc,0.0
oxrawmnxliuezu3y,3.2251670094868823
h33hs7hicypvutet,0.0
jlk4am7nkmtbzz3h,0.0
k7kor734q2sata63,0.0
2gsd6nbob3bui6to,0.0
ydvl6ex5o7x5wu4c,0.0
ewy23ppsvubbcyxc,0.0
mm672jejtzdly73v,0.0
yydsyhmndjf5cfyi,0.0
6fh5kh2j74lwlfvq,0.0
dlvgoggrg5hztexw,0.0
rooqq3y2vmq45wns,0.0
3imzevsyrjclg647,0.0
2xbzsjvxfxcwvd4x,63.039200914627806
wtqus5zytvg352gu,0.0
u6vqewfgwg7us4jf,0.0
ajgjipl55bp2lbfc,4.220691434210797e-05
vvcnivbes6vefhkt,0.0
ndrzsnqml3bmqr2l,0.0
6l6hlmuk5y3zc7hu,0.0
swft43l2tr5hlsrd,0.0
jel3rrjusecb4hxt,81.66176276613243
s5sl73gvv4hpo7r2,56.1463736815831
xfqsikrbijz7mg43,52.919122013068275
kiwhrozhdc3asfcd,0.0
vnpnhmj7rtgeobrx,0.0
vc3hwwbbetbmfk32,62.8620986998412
cjrtpywu62o2mjyv,0.0
qkbnih7lmvy5m2s3,0.0
2azq7cr2hh6m5c6v,0.0
zmgxkk2acdao3y22,0.0
ssg2r67z3wtglzwe,0.0
wezrhavjtwfkjwn5,123.39007547282554
ycemkgtkblsof2b2,0.014927615506455334
fo4ml2p33blyj4jj,0.0
iyyox4jj4ryf5tic,0.0
rceelymvmugaa5ir,0.0
vpypoezvtqv3qbam,0.0
nuw22sb4go5qkziu,1.58722101837315
zurshnzuf66fqjb3,0.0
dkklxdofnzh7r2bc,0.0
geldlr7e7n54g6i2,20.716946247527897
l3nndbwe2zrrp4cm,0.0
7tmwklitkapzomii,94.14583662263533
fgjccp6gvsbmdcdn,0.0
2lbtao7fiuwycvx4,107.92699661368829
5ido726pbampaqfk,0.0
ntabo7nnj4tbrw4l,0.0
5b73l5zpd6wqquil,0.0
opmhaydmvzptrmrv,0.0
4x3ajkmr3m6v62po,0.0
5wlafluwcrnmkgxx,0.0
wltfc3gzs5w6ev4v,100.56054865310216
a7l44zbdsq7ccztv,0.0
hszdmzdsuuwixzbi,2.0070067175724652e-07
shvetabasmffsxyl,0.0
m4cr6wkwxsjtuf6t,0.0
hfcglmvivxi6caau,72.07343237992148
53ajmysfzctb55u3,63.337587090422716
3iqyevxaqkqlymc2,53.50378793458045
3ysfjs7hic4cpw4o,0.22712635254806438
fz77kfleufr6wbbs,0.0
iqxixkbhdcj65g2z,0.0
wlcsdauvopymfiti,0.0
mjci6q2asdxtt4wf,0.0
flgr65kyjv2a6qu4,0.0
4yz4ilpx26tsmriy,301.4874239984756
ijokeru3c5bve62q,0.0045928100614142375
kvuv4swbxp3ja56l,0.0
ugtgmknmrdstvbdz,0.0
wyi47trzlkhjcofm,0.0
bwv5h5ciurtsadg5,0.0
7e67zkzzwg3d5rrs,0.0
dx4m6hwe5wpljfrd,0.0
wlvzxjcsgarjeo66,0.0029117843523911646
vees4g4isslohshq,106.111124495165
hdajt5ao4k2db4wb,0.0
h5rksmyon3ut4b7i,58.26643629839921
6rm32fzd3n2mv5tq,0.0
oe2vjbitqga6wxct,0.0
rxdtltc734zeab2g,0.0
zfxgqct4fgjn5kst,0.0
bjycsq2np5xjky7h,0.0
jnp3t3iawnxlrw2l,0.0
r5nstu3oem7y6m2h,0.0
dc2txnqi3zgipsyv,0.0
rqywl5mlxjsosp6y,0.0
tsfock6hvtjlpbho,0.0
eppciqnz4kzltkv6,0.0
4iaic7yddy5xreqo,0.0
4hbvbhbh56zbxbe3,0.0
ao3bqksi6c4xdjmg,0.0
albrb2usjfrgcqda,0.05152986405353325
w5d2aty5w3mjbybg,0.19430145794739453
w22goxixe7ylx6mw,0.0
i7up4aeewsyqo2ce,0.0
l3isjjq6nlnvrjdn,0.0
4zr7kmo5fy4ryg2m,0.0
z3r5dd6gfueagwha,84.21040548410677
oscajst2zspwo7t7,0.0
iefvcod674jotke3,0.0
mn764t6iprd3xwij,0.0
dhqkmxm7w4axnius,4.631163530179984
yjuswxlyjoxvmsrr,117.21862223252575
6bxgc3gzetxwccxz,88.86376283704018
u36y4chfix376sta,0.0
mwhyx3lussfbihku,15.321478025150405
yw5ydu2gzzwgwt3g,0.0
bboddvr4yb7blmg2,0.0
53zuorvryaami74t,0.0
6ceuohztsgjjz5pw,4.020881114620015
k3n55y6erigf4evz,0.0
t6gsibih3iclbtve,0.0
hatahy4bhy52utlp,0.0
i6zon74pfymf3lbi,0.0
vumqhdxg4fgmorhj,0.0
kea6si55pontjwgv,0.0
7wc5nt5oafdoolsf,0.0
c56rovmmkklphdnh,99.2798849366992
igkbrdvgahgdabmt,0.0
qmmab77pxn35ht6c,0.0
lsqcjmkvqdtedgyc,0.0
nzorok5npfbconsb,60.74818470506555
5ejb6eqdi5unpk6w,0.0
vyxwzhbest6z3edc,95.49508932367617
uizbwdtd3cyhcn67,85.38571502878253
7haasu36zsdbvths,1.4073473974508384
btx4ghyko4otaaz6,0.0
udhwgdrp2gmzwjv7,0.0
fdctukie7dmsj3i2,0.0
6caz23vfmayjcp7x,0.0
xz26uiuxap7vrdwx,0.0
q224753c6yoslefq,0.0
gjzrkza7b6lcer6p,0.004552974499889733
gp7jmde2f6a4r3mo,0.0
clctp2mgv4u2ll7r,0.0
zvcdya3xtimpkx4o,5.660224268910429
66hbltzqsczcimpo,0.0
s2lruwzry5ufn43u,0.0
lgnw3zaq3ql5zrgl,0.0
sprhv3lqtdzsxim6,0.0
b3vknayalcgsjhqv,0.0021610405687914735
dse3arohga5prf4o,0.0
6yylyqmzb6gtt532,0.0
ch4m2qb2cge34hhd,0.0
kb4mrjb7qoupn237,1.1122883755747917
ai25rleei2rnl72k,0.0
nrfz62erlqytxr7a,0.0
kd362j3hyrz3khkh,0.0
vywckxxvfyvt4lyk,0.0
vyockmxblmt4uhg2,0.0
pln7em42xxiyge7l,0.0
ei6dj5jaiqashvrb,0.0
sovnhqhfxj7lsnk3,0.0
ifv3b7hnxfuw4l2w,0.0
tqurz6eyezw3uatj,0.0
yez2bmiv5vniiq5f,0.0
heu2y4ga44rp3yum,0.0
tmvelvg6wxqtoeeg,0.0
fa2w47cf3ko6w6y7,7.419524241061244
gdghdb4kgi2nodnp,0.0
ccfi3idxq7nnyhgz,80.42768492160153
silk2nhqsrqp4m3a,0.0
kx4kjkhhhcfq4prr,0.0
f6g7plz6suk6dagz,64.95182553009583
2m7tqkiun7po5f6x,0.0
3be3bqs4zw376t5p,0.0
uezoy5kyydmumrpm,1.107842169339129
kd2pfsr5iby44gxa,127.2532638290044
cfv6w3hju5febpxs,0.0
tchflmkxvqrbflak,147.88510813414723
v5t7bwicb6apr4be,0.7962433285483811
s5s5feojweqlaj5l,0.0
v4fajdq5vkzn4y6g,0.0
qk5h2yx7bgirml24,45.44490834183647
5ukisobqacwwj74p,0.0
wvliuct62rqzkgab,0.0
lluozuzek3gqgwuu,0.0
mgab6u27yg7zqg3p,108.13043892145717
fisyspvfq5ecgnj6,0.0
jfqqugcld7v3kgpl,0.0
uxkca3di2vpik36f,0.0
uhpw7awrbftj6afd,0.0
m3o6x3tbixohhc3k,0.0
h55llfa5tgqzmfug,0.0
jhsrtudvaj5zn4rr,0.0
rlin4iyxgu7fik4z,0.0
uxt3h5fvdxg35plz,0.0
bwipnmqu3jlw2stc,0.0
vk73dfsnlu6nh3y4,0.0
rcoh4dankxb4vu7x,0.0
aciapnue7yik63xp,0.0
j2p6aw3ud4ytje3q,155.60556364044328
we44lws6lbkpv5to,0.0
6azpjabdhcgp4xha,0.0
jdyfq7sqmznv2gti,61.48909602225528
nybq5eimxz7f3gpe,0.0
ulv7dtqxjwunhebk,0.0
sjp5ach256js2pth,90.34041284623773
tn4qcf4zuckbf4gc,0.0
ebgitzienuhrtuxp,13.870673236958574
mlu6xp4x4tpvyhcp,0.0
wz7h22swvhkhbkjg,0.0
rihxs3w2tfhgzxua,0.33742438965995564
dow4dhg6gbxd2x2p,0.0011457180504007628
6g6bq25l7nzyligh,0.0
emtilngu3tgwq4vy,78.66742629249401
fob7au6k7etl72lm,126.3381982952083
k4x4aheksq4jxbgv,19.890740246112564
6lyybhmipcas5zbx,0.0
x5fyh2r7tf7vetdn,0.0019130730315826867
e7vhv6obsec4ij47,0.0
uggby7dweqgpknp2,0.0
2zwuglgm2xho6w2v,0.0
y76k5iwgkseh5w6w,0.0
6i4crn7kxok3fcou,3.1692522163823256
3culbrjrkt26og5h,0.0
wu2xmavhac3w4owu,0.6533653414177254
do725vsyxh3erguh,0.0
fqud4q5qjm5ed5we,0.0
kc2mztzrhge3wuek,0.0
lxxvavovtrkenbcp,0.0
rusu2s6356wppgih,0.0
anggqz3ar5uiny3g,0.02389065948801515
afzmymhwjdbadikx,0.0
oix6rofsciga3i7f,0.0
rmsr2ewm2hyfe7jm,0.0
amahwei2yhg6jnws,0.0
ttondw7dwg6oa2mb,0.0
nwzpqfgetxr6fuq7,0.0
y2hwpvzui5ncifha,0.0
er3nlmjj6yl3bcyc,0.0
ossyvkncappwmdno,0.0
ohj2fh3czshsxtvt,0.0
y77u3jt4skd4lybh,0.0
hp5p4jjdc7xgxx5g,0.0
4q4mb7266l5fiky7,0.0
tgfhybpfotaabykx,0.17781000324740556
yck4yj3qkrnn72hd,0.0
byp5ek2jruz5ec73,0.0
dtkdzlo6izh3nt5c,0.0
fn3ku3j4cgap7sa3,0.0
olsneyprkwatgxta,1.2388998479678172e-06
ex7vhysjmywdcqdi,0.0
rolaxxvwkntchd24,0.0
h4bhkk6fit4weckd,81.43260464024931
j5y3433bkugjzzz7,1.9986894133335797
pg2pd2a4dnjpjyvy,39.92756683215625
c7inkzt4yw5uhqru,0.0
3t6ibc5qkykug34s,0.0
uuxqm6iwypuuu2m2,0.0
kiqsdqjfffwg6o5c,54.360617883053976
wy5el5uf5dhcc3cp,0.0
ln5xji7wnlpblerf,0.01609979662510976
sgzvebrjgupswew3,0.0
faixw3fj4mbxhifb,0.0
yapyee5jjt7xu3se,0.0
oiavry3f72dvgaxx,0.0
w5mlrzmwooaoorin,0.0
rm3qyrrmyqn2jsxb,0.0
lideboceuuwhpzdg,0.0
fzmqeml6hwysu7z6,0.0
3wbo3err423uqbtt,0.0
ly2e5i2vgqd5lixi,0.0
wjlrz5aotgxhm55r,0.004592550553130843
pnqdetewrb6ahbms,36.31651154645593
u3ehkvk7fjfz6woq,0.0
bk7d3yctanlzzf2y,0.0
j2gt4f3qfdvz66oj,0.0
v54aj4bp7wasrzug,0.0
3dzivaxshp5m47gs,0.0
oqjdxty7okyrmy35,0.0
mq7yibrosuhjthk3,0.0
3b5vpw6et56mk6bx,0.0
kq7xhtuf7btgim4r,0.0
ql4k52imfuuidrho,94.73353811805018
d7egyvk4w2ettyyw,0.0
zsccnien4iyaw2ec,0.0
hoq5uqfhgyyievs2,0.0
jyg4ta7i7ec2rd4i,0.0
3r7wl4yiolt2jytz,0.0
jplcph4b2togutqq,0.0
ubm3awtlbhg4n5ua,0.0
3n7mv5bvqzb4xjdn,0.0
nok4ivqz33ju5hh7,0.0
fkocrthua56a63z4,0.0
j3hmzct64xtdqbfp,0.0
hph5kbzp3oky77bt,0.0
rsjkxrbssk7uacxe,0.0
hwjvlr7vmdq5dxp7,0.0
iacp3t3kgibee5qq,0.0
724fxfg3mrwohm2p,0.0
nlgmddscf72ow3k6,0.0
nyz3ouzzw6raceoz,105.02031627276229
t2d4p4c3vzoiazul,5.4079470575995225
ibqd5rblokvfvrun,0.0
sptmpazy5hx5tlxc,0.0
5uk4xkojvzww7hz7,62.60005194200747
u5nfdskfs7rp6ihx,0.0
fen4sv6ode4pzozf,0.0
4tya7yzzibfvfi37,0.0
2rt2ygaiayjbzkl2,0.0
nx5cv4f56u2nzbff,0.0
xiybsar6rk44zjpk,80.86242802467244
xceru4xhgl57ko57,0.0
kwdehab2k5hxol7v,0.0
6etorq5yoh5tz5yj,73.55163128084047
ge5yswktfyfwhpzm,0.0
jkmaytxadk54kmlj,0.0
jmxdyutbyuppwno6,0.0
6wwycwiitqjtxguu,0.0
3tdgutrgznondcf3,0.0
m32gfppdzz3z5hn6,66.76714613966257
nxeiyg73jjhofw4j,0.00046472470289001525
mzt3xzwls5cpjjxa,0.0
5e5xug7mxcvv5vna,0.0
tz525fs5ynpz7vtq,0.0
dyycgf3sw2ygpj52,0.0
cbnj3khw7wf4jvfz,0.001034211128023093
y6diplhkee6pfsmu,0.0012605593823851737
agq3n5nohaysbfay,0.0
dogpgivvsao27np6,0.0
vjhchmo53ydilyby,2.0011086013867234
z2mjhdyokjdpvlr4,0.0
tna4ozmwmumbq4bo,183.27552675437818
nsfnvuxx6eqyc7ka,0.0
ephe5us44ezfb42i,0.0
crds6yiolhruoqva,0.4487465294529868
ppzp27gt7gshccij,0.0
yiu23unlcr4tqhya,0.0
5rits5f6p2xge2wp,0.0
k6q324upt3dodxh7,0.0
d5jo5sx77hukp3fl,0.0
y46aiax6cfg3kwk7,0.0
rdltrhjtsb4w6tjx,0.0
qxztaavbiyw7nnj2,0.0
o5q5gxum4natrxik,22.112660725922744
zftlywdqic7kc7ql,0.0
5ih4n3rdnjllqnf3,0.0
j6a632ugrq4hront,0.0
55igkk3k566a4ib2,0.0
x65bbdzvrjrb5sr4,0.0
vqndhm5bwm7kimkx,0.0
ujm5f3ads5shshpb,0.0
udln4zy4v4xivocz,0.0
p3th5b74jgep7sll,0.0
p43n4lve2hf4yx3w,0.0
n7whdkk3yw2j7w4w,0.0
xy6bg73htgh2qhtx,0.0
vhzhrymsesz2lyyy,0.0
3atnneqj753n3zfu,0.0
mf2oierx2d4imth2,86.01667012690862
ou6kgd4hhvsgl7qe,0.0
bj4wr6gghgynwdok,0.0
yjsegu4nyrwb4thj,18.19274124316656
rsgwehpmm3dk2acw,94.25069608364069
ydrbiufm77yotody,0.0
o7z73xwkctaxjqqz,0.0
6d2yfzyvlrh5wuhc,0.0
xfk7eofvzatpy6qa,0.0
bi2cp7rnhtoxzvo7,0.0
ocbt4tlmzpd2wbw4,91.1319186217746
2qwbyuonauzkzlvu,0.0
5wgvv6sup7655q3x,0.0
gfu2l536c3tr3pkt,0.0
dcviq5yfxf66dymf,0.0
hmnczt4rr762pkxf,0.0
mimyypelgkwzdmqw,0.005290902713393179
n5z4bglsyo7ukzx2,0.0
fhlsa6f7obrunkgu,0.0
5iuj7lbn7enkflgh,0.0
pa5x6oswdqi3ucbi,0.0
wfxbs3mugwcc4p5y,0.0
gvlqhq5iskvrdear,0.0
rvopobkn2tmphltz,0.0
l5w4eqwy4qynstxu,0.0
hqj4st4jvmgvaa7e,0.0
3phjgoqnzm4s64r7,2.7014130500496645
lvpfyqfadvxbfeme,0.0
ykdbaps4liyp5fqk,0.0
v3fdcn2n24x4dvyg,0.003874593853812325
it6pq53omeqq5juu,0.0
mc2ffab6nx5m2brg,0.0
yuitvi7l2m377ctj,0.0009967241645134441
h2tcr5z4odt67g6b,0.0
nbek3j42waai7h2k,0.0
hyvho2aofeqfm6yv,17.287269751250346
d3hjyhxlnpww2fmi,0.0
mb6mys7nrsqr4th4,0.0
hkwlipp43pi275e5,56.905850497028496
iztjfa4aqjwt6lxn,0.0
737hummocq7vrlqg,0.0
soy4g67peshdesyl,0.0
evqotrfhw2dxadqt,0.0
eb4r5sx23gpw2d4j,0.0
hfw7b7zteoi67ra7,0.0
usq3monk3crxhldb,0.0
ey2rce4cr3stqu42,0.0
qsuy56acg7xbzoqv,0.0
lxnul7wuho2t7e72,0.0
2zfmtcvewymcvm4e,0.0
r5sd6l3z6e5wn4eq,0.0
3hcpdlqsu6diroct,5.594446088205613
tcthil2mnve54xwm,4.679197545936362e-05
imf7tqsq4etw44pv,0.0
ce7tohihb6jipfti,107.16784136187934
qeaehf77uz2uwlly,86.07639043468282
x2zndtgagnzubr2i,0.0
xdsus7ls2yqblxzv,122.12905656958085
3hhqsfb53wojki3j,69.94221569172838
j2tssv4bggn2zgfy,0.006931462640517116
2e6jkrjmbw4zzjau,0.0
k63euoz2stm44yue,0.0
xcoeyucepb6sanyu,0.0
fphy6qa37onl33e6,0.00014233538152191015
vkammqg5gmxk7jbj,0.0
eyeni47bfsxhxnx6,0.0
avfxuxkkv7w2i5gd,0.0
bvoxzqjrlbfk5wkr,0.0
vo5citxidxjdfefg,0.0
2yidiwm35ev7txbg,373.6121685868909
uhgq6ruoacevgw7h,0.0
3smt2dxmnclz5mtr,91.7048079053186
tj4wnwkqgubp44zw,0.0
diftrykqylqlcovn,0.0
anjfurgxqg6smwg4,0.0
tstnvjil2pmhw3zt,0.0
34s76adxhl26jpay,0.0
lvvsizc3kc3s755s,0.0
qm6tuppr5ja3633i,0.5631180569020312
vvbg4exzq4blgmg7,0.0
3hdndkqu6mt5l3wm,0.0
am62lc744huw7dhz,0.0
wyzihfyrwnkqja2p,0.0
sle2xfl4ir6soq46,0.0
v7jtwiolgsixhpkj,0.0
i3i4iiolt7ogltuq,0.0
wlbz3lgitk32drje,0.0
74f3wlqtnaef4ebw,0.0
zqusf57tyluxmwu7,0.0
x7sizbkuwl3qtwxu,0.004468648717196837
e2kmkdsnwrbow3xc,0.0
ahdat7sc26tzfbn2,0.0
b55ytgdo2qvuucc4,0.0
o24layqpctzkcjch,0.0
3sa23n3g75o4w7qr,0.0
lzwc53ib53h3bnq2,0.0
wfynxmtwapy3n5g3,3.9000481098454696
zzd75vojklua7kzq,25.271410128537887
g5omo4gcvwy4glix,0.0
7pv2deijpiv5fmvm,0.0
gnbhrpcycheq3e6y,20.582590584837565
qhnbvt5ttg36eztn,0.0
5upplo7oqhapbbgp,5.586785910186052e-05
br66lsolsj35shvq,0.0
zyd5tvj7onb4mxr3,0.0011048016095159408
5ey4xuu2bxqzlikr,0.0
dl6e5pl2gsocazcv,0.0
q3p4ttylyc663d2s,10.06007907805458
n6f7e45vahxw5s4p,0.0
pgxlihb6k2tqzvqd,66.72178981670189
qcgbmnjpfx4y2hsp,0.0
xvur5xlcgxhwwzhl,0.0
dvlodjx6rgmwggtc,0.0
73kuiv52xzmoahk6,0.2390995177275666
iti2sylsgiamzitx,0.0
3xsukjorcjo7roac,0.0
sdc3g6hcv7a36w3e,0.0
fcrycvh3boyv7ndy,9.239498725164543
57nuhch4ulbmvbxg,0.0
nmihyeu2hkpwo4sb,2.2124855583576672
4vgocr7rsxmtyu6a,0.0
ymt6gxi7q3yo7ytt,0.0
dhg5ufimq365gjxc,0.0011138231860326456
osmtm3hi3wjqyonu,0.0
7b52t2gsojr4p7bp,0.0
fw6dzh7jzyt6xbtr,0.0
aa74yocfwihpsqvq,0.0
46qhfxxdlgg3ycsj,0.0
ddw57aqwv5te5dfy,0.0
w2krsunvgnajmrqv,0.0
d4bjqqsj4aaynyt2,272.4526216227584
ebhxyofozpimonos,0.0
h26rkm3eqh74szze,0.0
lrsbrblvdkdscjgc,0.0
6nslpvrgeixcqbub,0.0
do2zskba7fjf3mke,0.0
hj2hiawruixofco7,0.0
2utn47dfvarddeau,0.0
yigdhorjc3jfpyul,0.0
miydouupj5jggrxz,0.0
rgjljhfreebit76a,0.0
yfa3gdcqm3aqe45j,0.0
bcnomu5kl4n3epjf,0.0
v7slolpneoa56ye6,0.0
zm2fuubvz3low3th,109.28607441521393
qcyiojjve4jei5mm,0.0
thygwm62hdfhoges,77.15176900432007
c5erqlexmazsu4wd,82.71808198672096
bggsxvtqjoqsffsk,0.0
asl55bsriqi55v3i,47.67345618394574
y2dom3euigd6bp34,0.0
3evvnctdkt3l3uc7,0.0
5ymkewxiraoel4tp,0.0
p5udwi5jtkoi6xpw,0.0
sjfvy7raw6at6gmg,0.0
r5yjwn4fpl6va677,0.0012645046872305752
hylkjmfbn325tnx3,80.24843699011501
4v46nv72te67gnjr,0.0
pqlhredwmfrlhb7j,0.0
uadz22435i233nnb,0.0
tqea7tblc7mutzfb,67.07300044732463
npin7tbjq4fp7hr7,8.675469434649339e-08
b64ylk5ubet2o2t3,0.00933952491161274
yeuc72s7zjm4oy2b,0.0
fev5q7awnl74nk3f,0.0
mxw23drb2qnk2bdz,0.0
ymjg2d4tycog5yho,24.671206480718933
gjfbkosh5eednkt2,0.0
rnh4tdavxapqkiue,0.0
n4mhrin6klyu6uo2,0.0
p4tuvm5pyoenxewo,0.0036337527499516443
xw2eoboeeczifhys,8.675469434649339e-08
4dgjkmqjmgrvpqkj,0.9107629802873927
2caaw5mv5zxg2ymo,89.20418613744394
qhny7j3peg6372aw,0.0
jznepxrtjcf3w43b,0.0
z3nu2y5nspfgdoej,0.0
brfgkcpehb3bthbb,0.0
cvrkv2yr3momv7xv,112.13933216913169
hrt2rxnc7kyyuvvv,0.0
iexrzjlxty4eo44n,70.83258332502761
y7kpg54ludadsjfw,3.4848128927839186e-07
vzf2emuyvf4swbrx,0.0
xyumqhtpoc46pw7l,0.0
lf52kubw3i5jgf6t,0.0
2ockajjhtskbd2zb,0.0
yx6cdgsbxqruict6,0.0
gredivwohgpso3sp,0.0045928100614142375
ned5alwonx5no54f,0.0
ayp5shbrblv3l6an,0.0
rpndp7l7yfzk6xt7,0.0
cw76bggbos5k5k5h,0.0
7tf3pncsqvmmtr4b,0.0
vluy2p6ff7j6wrw5,0.0
vookd7fetgvevhtb,0.0
5u2ypmfjrwos6e2m,0.0
yrsdd3qertdtt22l,91.635961171297
jtrgqiplm45vjuwy,0.0
bcw65tujjky7odsw,0.0
yapxxjdzxcvo656o,0.0
vi3spgbkuuxhyifn,0.0
7brl5m65vi4qc2ng,0.0
4s66jofx6qbhshl4,0.0
fenulmddievt76ui,76.48859650296505
slfjdwkzokjvrt6z,0.0
iywqi4tsqmgwrek4,65.22811131860945
pg5hn2y4xyaurttv,0.0
ccwqex25zcc4rzjt,0.0
mqflfdpejmhbfjr7,0.0
frevemvttovhsi2l,0.0
yk25gw7avjuwh5hn,0.0
knbzb5ddt2hivybu,0.0
323lalgf2yvyjd5b,0.06669879631706893
tn4r55lvyfjfx2wc,0.0
kecfwnrh32gixaws,0.0
vyrxdu2teshmrb36,0.0
cjsyyqdvefpxbg4e,0.0
jyiv4auhaoiktl24,0.0
nxj5ve56qgyrb3on,0.0
hkhp3m6ospbabfat,0.0
hgmf4ofxebjnongx,0.004552974499889733
ln7btpov7lzq4nfb,11.941959102187594
cnazmb673qfxoaqx,0.0
oe63wuzz4ogryvej,0.0
p3fle7kplrgg3njz,0.0
6vxphfuzcmszn6pi,0.0
rayirtachsna4p2o,0.0
zkgrgvo7c3grbhpu,0.0
zp5revocek633i53,0.0
dvq362tcqaewm2kc,0.0
3rvkboanq6j57w44,0.0
qg65j64iaaqotenw,0.0
a7hmceijfcmcx7aj,0.0
drjg7z2qkcwwoixj,0.0010072450108603048
wtcr3gsf2qbluwtx,0.0
3jq2iegx7gxlmum4,0.0
yinlkjgpntdo3ucv,0.0
jiwfkllhh3r7qgvk,0.0
tofrjglzmjkdhpsg,0.004615476665192981
fqh2ktpfcm5lyztc,0.0
6ezcffe3xjijbxv3,0.0
xyq44hm7adwyx4io,0.023694120721253653
6tuk3g3pfl5cyysf,0.0
snaiwzoiw5xoync5,0.0
7lhjx6vwz7ftzlny,0.034120113379607124
ad6l2b6rafld4276,0.0
mrdlficzcvw5hp6d,0.0
wo3ubibmjf7p34br,0.0
azzznanl2ir7amoo,75.88786539571015
a7s5w5n4xuqfkonc,113.49641087761972
vzsjlvnkfppw2yyq,0.0
6g7cwnfptvm55ww4,0.5339937287913756
plz4zwicc2c6fwnz,0.0
eqvmp55buq23f2eu,0.0
a7ehell7agyzobfh,0.0
yu6mivvqfl4qch4g,0.3683571344390638
hrfhfxlyjyk6jsuk,0.0017225301553070553
v57whsui5ukdylzv,0.0
bi4itbajw75wkklv,0.0
rjvieenqvlox4sr7,6.2034695861105916e-06
bt6xhh66qmcba5ed,0.0
rrj2eoh7rkpxqrrd,0.0
e5q6jrzmyd3gnxus,0.0045928100614142375
wkl23vji7zdla7gc,74.32490681225596
sqpj3wqbuguekdtx,0.0
4jrhcli2krt2umwa,0.25885506662747193
aml3jkoceqldx4m4,0.0
zjzuk6abepc3ul4b,0.0
bgp5gqea6sn2k7y3,0.0
6vlm4xkjcgkzvogh,0.0
xnh42ai4yxpdsyvd,8.293177649520526
6ee4u3hdnl5pfuty,0.0
tmlruqx4iiytwidu,0.0
5ynkabpxwmy3cfhc,89.55032217484961
4mpyz4hyg2zltmqe,0.0
tul4gyhgzbwpt5oi,49.88414443168902
45wmpadkcb4542o2,0.0
emkzyyer5ccslo2b,0.0
t7it2tqurgoq4lsx,0.0
7qnbtg4yuvsgn53l,0.0
rrgaoqbj73zck3pi,0.0
mt47qivjva36u6un,0.0
fqdjzaw74rrefyqb,0.0
43p7szpyzpo5khcf,55.98999282247675
jrvb6cyh2gltp4pi,122.29188592176774
r35ah6joiw2rgvin,0.0
xem7ezn3veobrmio,0.0010151536922805855
jwte3347ukh6ylgf,0.0
fnradnptcogwaity,0.0
vd4oeb3q5d2o42cn,0.0
fgu4xueum46splrq,111.9299993689259
xaz6sikvsdgr44ny,0.0032573548132249944
yjhr4wbjtton5xnx,0.0
b4cnidnnteal7gd7,0.0
7rrjzkspuddlvbzd,0.0
n6tasaq5ncrvemfg,0.009425490566996817
z3tcwwawhvbtmd4w,93.17210990021613
ahpyiooxvrj4rso3,96.21299503229659
eygtneyksy2li7cs,110.23542249644902
iomxro6oydqfqc2k,200.49707667993795
hgu25emiublqairq,0.002435195571558057
c2yftfze42w5tqup,0.0
hsoutk3j24nyukhy,0.05883228224956509
asthbqaxo32lrj5w,0.010756204547742686
y4dwqyn3vf3yucw7,0.0
4llw4kn2qtxj5blo,0.0
zbtcsoqdy64tn6uh,0.0
bltq3f6s2rk2fwah,0.028168881736694327
7cp27txgxyp3gwdq,0.0
xv2qzdwl7snsgo5d,8.41429714016362e-05
cepbyogtwfkevo2s,0.0011457180504007628
jbkxedqtc6ip7onu,0.0
h7czz7yg4urgsmnk,0.0
lv2ujgfao365akoo,78.43569620680336
l54ptcmaa2hkiz2g,112.22420261601248
xf7msh3epicrvfxp,0.0
jwdd6elkd3qrx7jb,0.0
jqm7mtgrvtnzfgh5,0.0
fkmyvfzcvd2jzdis,0.008833728970185663
namsutp7c52ph7fb,0.0
ik5ayu7x3puegug3,0.0
j2mfsrz6zoioyjh6,0.25820944766664006
ngqwe267uw72zjqs,227.6316106656052
zks4yyeghtdxvxul,0.0
f3sqfx3byayidxrn,0.0
xqvkwd7usiuzt45a,54.00956748368079
3pyqxaiwof2lunsy,0.0
7a73x5msgpv6f4v6,52.75594684193864
b5sujotfb6asimuj,0.0
4mpo244nxt4nle7b,66.10624318673304
nkkfdmli252obbmj,0.0
6gj2jv4liqt2k7km,0.0010340095011107712
6cntb4kzqoclov7w,94.80236932317752
xiyt4epryynfvxoz,0.0
btwsr2tzfdzhyef5,0.0
q2zt7tvavkraa3hf,0.35942622411160424
xus5wnu3an6w3h6s,0.0014704355332980353
63fp24dgl6tusur7,0.0
5jddb3zonkcgh4cz,0.0
qx2zg4x2c6uqzud2,94.30513108750512
xlisnbegm7trcwsn,0.0
flpei65jayqecpvs,0.0
6nmngup4fwr4dxtb,92.12273027163575
hp63lh2uxjgnqkdv,0.0
6sllxvmxch5lziek,0.0
ovqputn3yxr5jzsq,0.0
tloand3t6246pqbf,0.0
cp7ql7icsmovtujq,0.0
737pprrxxhfy5ihd,0.0
xvkrpyksdqjn3xxu,0.0
2f3reld6wilp2chk,0.0
4akh37bguxyrdgyg,0.0
k6udvdtqm3qbk3l7,0.0
cn62tixh2ep6isia,79.75336878085434
6mmzhnirf7i2zigb,0.0
v7sy5zxic2k6lqwb,0.0010851819475057492
mqez7ygksn4yf25m,0.002477910938911707
hcaiapfrlnmrlobi,0.0
xzpetdvz4lm3a3xk,0.0
xlvmarzrkw7s4i3v,0.0
mlduxpnafo7m5r5r,0.0
uirzkmxmlasns42e,55.56625821456561
oytvuilwou4x4non,0.0
yx4kgijwrp4lgihu,0.0
zhm4bqxhattgubow,0.0
dsf2ojczltbu7mqa,0.0
xq7fwscy33w573vz,0.008833728970185663
ww3fbkkzzkqpe7cj,82.8431396635927
md6ey566m7x6bid6,0.0011457180504007628
qr2jbds7rltacvvw,0.0
zolrzqznntemvf6g,0.0
xmgu3xxsw7hf7uth,0.0
6dezuex4mtouj6jn,0.0
phfnoji7lqdphohj,0.0
dpntqpzn3753inqk,135.47950829896743
e4vu6zl3vf2xse7r,0.009520475988970717
ibdhxygi6rtm5oy6,0.0
l35zs7z4g26edqzb,0.00011913995145348552
vhv76ch2qixdrsww,0.03556964703561967
dg6of7ao7qprepel,0.0
tytvst5rmhurdqkk,0.0
my2nwncackyax6f7,0.0
em5j4f4rakb2gzfk,0.0
qynyvlkttj2jvrcz,0.0
vkxs3jvypolsfebg,0.0
zewpvsaevewp3klw,0.0017395293308451285
toea2qh3pnltqhag,0.0
7xjyzu2grcoyqqbp,0.0
uwya6zz6xqlv5rjv,0.0
wugmtoi6nmcxlbuh,0.0
2h5btiwcz3gnvsrt,0.0
niwqs5rc6iicmklk,95.34419370267454
gyof4il4atq4zvhk,0.0
5gvv3ik3qft42aw2,0.0
z33ufccvyq4chupf,0.0
il6pqc2feuv2rwha,0.0
rnhucjcpvon7jr5x,0.0
rijw6n34sicoriem,41.93165193627078
crlt772phvqytcvd,0.0
rqt7ojuq45njmjuv,0.0
3yqgad2b3mtzrvqq,0.0012338434501039505
r6kpamvir2wecieg,0.0
4hwvdgwvrjham5nt,0.0
zxiuzshbsnfnhzg6,0.0
ctnjq47gem2y47t6,98.82787064809446
beqb5cohhnyafogp,0.0
vxnkf4rnnexdjzzk,0.0
xoba5xrm3hp3kmtq,0.0010853080959846405
l46nanynzhte55oz,62.07697092800683
jxqplv6mgcm3a3rl,0.0
v6yscrmbu3zu44qv,177.43322508781827
slrn7kan3y73zu6y,0.0
ri2d7i7irqui37ww,0.0
lnna4w5tph45d5x4,0.6113373614959597
tyh4ozzqgujdf73v,0.0
o6sfohkywr42w5ux,0.0
ta4jipr2wvzzfnsy,0.0
ewwicp2oro7xio4h,0.0
z2xpum22yff2u3u6,0.0
g2flojzsudcdu4p3,0.029694907021629496
5o77miup57h245fh,0.0
3hgx264jywsl4xjo,77.15920895376334
uw3nitn5vfe4ftyi,0.0
7s2rrhxouhu7gqsd,0.0
7o2gmhquky7jvjp7,0.001124956010213111
jdjkxkzxlm7fp6ik,54.094339355737276
ahl4ltzrw5q2nen6,0.0
lldo427ebi7dt55c,4.221949709663438
xlavrcju2cfidwl6,0.0
d4w5he6e7zvxmj2w,0.0
m7atf4bz5xtcgr47,92.3035438866448
v3co3v3cvvav7v6x,0.01602395191626651
riskpwal3mrn6ruy,0.0
blouerbag26srylf,0.0
c2x47sc6vkojmiim,0.0010340095011107712
a72ab2dce4dce5w5,0.0
p2uvos6n4qwfoqsf,0.0
tn5w2sxc6yhoifv6,0.0
ukvpnliahxn2lyl4,0.0
cqrm7af5y3ruwjft,8.027800637074742
3lmsphacydnn7dl3,0.0
3yadbuosqd3ytnor,0.0
lzwrslqq4mksdtj3,72.39992942417496
ifh4bw7wvywuu7ew,9.09683370990074
n4fdeiustjdzblvo,0.00877844903970749
yq4hs5bqchc5itch,0.0
icixc2prijb37kkj,0.0
dnldk5gftct5g27z,0.0
o76tktznsfovdtad,0.0
nov6rtg5dthogqo7,91.28297454801749
57gfwlh436ifqajb,0.0
6baov3ezkgsoonjp,0.0
xh6tvocoqsji4sk7,0.0
l5pzafx4ecq2ytks,0.01602395191626651
s7niw7ywmsoel36s,51.69775188909409
pm4gpqmq2kbyl3eu,0.0
5p7eavfckgrkw5cb,136.1019860014268
y2ctxavmesraba2p,74.1385922448855
lrwo3iqezbiavsol,43.165736139287624
uvfgirvq4dfbwz4p,0.0
ogmpjezfu6cfx7jk,251.3114544298851
4l2k3ojn5kbzzfgt,115.25822721307782
jo7t5e5ns6fcf3uo,0.0
2xjekvklqvwv5ouj,0.008889759590365748
x2k4y46zjaaffek3,0.016102047264879724
n4qjpcdfc5ykqask,40.08791046680722
extoli5bi25laywe,0.0
o7wvmzqemywfv64h,0.0
vs4rvpvteulmhqlr,0.0
xzmvuq4gbtsvqhpc,0.0
utoalzmkjt6cuzf3,0.001104465950426991
ymoyyta3i3jfjdun,0.0
6iumwipgzvingyq5,0.0
burjbjz34eqx43y5,0.0
yuvijlfb6oxjbbbi,0.0
eonxmjgvstyyfcko,0.0
mkpeqjc6bvcpfa42,0.0
6ulvclbszfujhlel,0.0
nwh42bgvmnqcsika,0.0
24wxptbhg6fjt7m7,0.0
fwrzabu3rjis2q2x,0.0
slhovjfq6brnspvx,0.0
nn46ojwivzvxozrz,0.0
k7jbjrp5taoysw5k,0.0
ohzyxjs2vgut2sdw,0.0012546223976627753
kvsi2rt4z3dnzr7g,0.0
cmwp6hy6bopbtacz,81.6289945780376
6d6sfwhjixrgkwd4,0.0
u4csjgn2dy2d3zcp,0.0
u27dvqfeuca5dmf4,0.0
rjdybyo6a3aceciq,0.0
sgnxoir3ik4teudq,121.41984690869046
jwgdc6pf4y6zlzrj,0.0
oal4ghom2tbbsnby,3.390740864462427e-05
tuasiocb4irkjaff,0.0
lpi42g7civdfqbhy,0.0
yaboquiedokseldb,131.86238239486778
75dnsjnunj65j3nt,0.0
a74x5va6pfeyghkk,0.0
qpicjps62cbwynyg,0.0
lxtsksyx72ney3nz,0.0
sq5pvific2ko6yqm,0.009033659354556803
7ukimnqhnntva4ou,0.0010732800817452421
koqcotextfctgu57,0.0
ybratt4jf4tiaivy,0.0
qsapeziu6unorgqu,0.0
ojzdn3myd7ncgtug,0.0
z6f5k7jzqnlsmezo,0.0
x6fovzaugiakqzm5,0.0
jzkypzacj2lydrkj,40.9944772258568
zyc3xz2l7lvpfpf5,0.0
h66b256uael7lymn,0.0
d3mfxpipuadpxtkk,89.77814393671733
hpfbxafknachh3aj,0.0
tak6mqxozd2malc5,0.0
r5bphvtpdjdalcac,0.0008873283228534848
bsa7vs33x2e6mubw,0.0
zw7dfq7lehlxoxjr,0.0
vqfvuzpe26qrx4zd,0.0
hop6qrrfhsgu7tf3,0.0
gqbcl6ejbb5zgjih,0.0
hv2ml4edfcey7cfa,146.3237637299144
jbc2b4owcvo3vryc,0.001034211128023093
f4wbukpdybwmu67e,0.0
6dq2zuppsyyhbzwd,0.0
4vjjj2wl7kfcxki3,0.0
tvq5qljtesbil2bb,0.0
4rpx336stlaoytmk,0.0
3yo2lhp26adq5zqg,0.016102047264879724
ke7omkjlb22esixz,0.0
mdf4emono4v2dmsa,0.0
g2sedq2wrqhahdms,0.0
en53aqawnslxc7rz,0.0
k3khqmlpuy4vm55o,0.0
elcwcg65vklzbozs,105.93253542003495
ha43dro5irk7tocs,0.0
lezaz7gdjftwjyqr,0.0
43wt4pfkuhthlg2d,0.0
eq5i3aubooep2kol,0.0
vfw75cl4wv5uydaw,0.0
myf5jlylylpu6cjg,0.0
z6ydmmtrcz2es3ut,62.42541130533586
zlsqhzzpmmdms3ui,0.0
7mzle45rur2k457e,0.0
gkaseppujos76jsj,0.0
7qzfnkmk6fdehz7m,0.0
cmsymbpmtn2sim3n,0.0
ntnzjccgwourhgq7,0.0
czlnrbzcucbrp4i6,0.0
euadlb5aplexwyqm,0.0
5plcuuajqglo4pvz,0.0
7c3ca3x35fgyqbs4,0.0
rgkimpjzbpn4ouvb,0.0028031138816120137
c7gfgxtz57glykmq,0.0
fkolxdk3qr274ifq,0.009795356541576893
hwsb3j6oiphf2kva,0.0
eoh7uwu4oa7pbhwe,0.0
qxulcdhs55iy2yb4,0.0
h2z5idzsbnjcehwe,0.0
6366hnmpaok7orai,0.0
efxxwxfvugbcicbd,0.0
r3us52l6c57hldk7,0.0
d5ur2qc3mlk7kxcw,0.0
6xbdfj7pjdze5fvj,0.0
vy6xq7pzyefudxhu,0.0
cyhzhbm4slilmm6f,0.0
x7ckvknyxg34a26c,0.0
kej2kkklc6p53djk,0.0
i3y6bkk2fdngcki5,0.04112764326213476
iu5vezmickkyfzop,0.0
blc3iddulq7sxaqy,142.64836940092272
u5czlevhoksm7g5k,100.39161768814913
o7fopfyhqt4rusff,0.008709470220885633
7h34dxmesmpcrucn,198.50882668311235
6ulq2vj3gwyfxo3v,0.0
6dy4cnkmf5ww2psj,0.0010853080959846405
4hgsqpsjbmzvex7m,0.0
isub2kgawtmnzfh3,0.0
73oe4pesn35ifzn3,3.5915036539221696
g35wlchucke23iqf,0.008308570922010428
zxwxoxbryu6ttb72,0.0
25jcaqngjhhadcbw,175.0741862251889
rbibxorj2bml2c65,0.0
wqlsh7urw5ielri2,0.0
647ebuww4smc7zqi,0.0
lf2gprwud4sxo5rw,0.0
x4kmbzdhoeojr4oa,2.6923796589469893
radb5glpswiflwot,18.29883497319617
n42zoz2qw6w5kkw2,83.69314253228264
4ew3wv6arnsio66g,0.0
wb2gcg2nikegxc4e,0.0011457180504007628
6no3nuigtk4yqtrn,0.0011138231860326456
r5uhjmqvkr3ua7zc,0.0
b7q7ivntpedl6cva,0.0
zx2yr5c4ifbuly4z,0.0
kpxlwneb2wcy66uq,0.0010853080959846405
tynfwmsrnley6lkk,0.0
om2rripxiovt4bho,91.01331792272967
5qa4z7r3wrtv4w7o,1.6410288382804834
mlhnvmc7pt4cwczp,0.035203773129565866
4y5asxmvnwllu4kz,224.6036987525647
5wck43fxzji2d77t,0.0
jh65epjqiufgg3gc,0.0
snqwxz75vxpe4vy6,0.0
jh6fvz5o3su6p64o,0.0
3llqao4jz3wjg7yx,0.0
zsmjr4jtz2vwejmo,0.0
bcjlwd34mkyuwicj,0.0
s5pc2ybrswfatc2q,0.0
4xjyhm3dpof2mztl,0.0
chx34jxrzw66kpwj,0.0
yuyiax74oqiqbbsr,0.0
rtwlx7x537ry5rxz,0.0
sdrzd7gsizbbvynf,0.0
vroozu3wm77oqq3p,0.11334129358870144
isk67y5ixenkotvb,0.0
gplicu7flwbxsr43,0.0
aalfstzq7a4xo6bf,0.0
5422tpbhxw4nwqcv,0.0
tm2zfd6mny2vjxrf,0.0
wt4evndtyamw45an,16.146341164557178
qx6kvm7lq7bryguh,0.0
45ap7ww5zvz2mu3f,0.0
mu7twcdgwcflqmen,0.0
4xxsgk6mrtgajrns,0.0
5ynhwmbmfwle4uck,0.0
gtayxyviclh672jf,0.0
hzrhjm7k2gkhappz,0.051307008756352315
wt3qzmccnbs5e2sm,46.58775426253584
lvvf2ffc2jw7nly3,0.0
gyzhvhlt4p3idvdy,117.33079146676485
hbzitwdffmzc22r7,0.0
y4nknm3ehnialg7c,0.0
wvluvchtoij6wibx,0.0
5r7k5jbctkdytivy,0.0
xwlh33t7gtorlyts,0.0
yvmd3mnhj4nyvqqe,104.95610476414987
53j4jclkw3wxt55z,0.015639504290588416
vhamcqxqa3qxux4w,72.456361575329
pfu7b4fd5o5ezmj3,0.0
rrjks5zcj4yrhf6x,90.29481554379446
hseecvmmowjvxs6c,0.0
h2vdt72vtiursedx,324.2640345671291
33rcex6lh5cb67k5,0.0
bok5q3usgzj3xy4d,0.0
o7c2az4fbmrgbsbn,0.0
shycinvv6oanworu,0.0
3kdxk6sfn2ukrwal,0.0
m4dnjbhvrgxlxwz6,0.0
vrjqhedcolzee7gt,46.65652192808027
fzm4m7xynenuo3mc,0.0
avukblvrv7efncyw,0.0
xbwwsrlnm6tg6zmj,0.0
3qi4ykhxyi355gov,8.110645567380834
wtumpf6ns3ubo3uy,0.0
cov3zq3jlgibiy4s,0.0
tws33smphiv6xriz,0.0
i33mq2zeu5v3v54i,119.06697232120908
celyg3jhkaxz3ypv,22.940614423924377
xrrnrn3f72o2dl63,0.0
shq3kmwvpvlduell,0.0
5ch2zppu2r2oxj7w,81.34009945184309
7umitq27wg5c3xj5,0.0
tu26q7wuk67lzx3u,0.0
ihlbe3ckalq64i4m,0.0
4kpfaytzq3j6gdkp,12.799818917030937
vww3njy5ojy5b2mc,0.0
g2je5stxgtqip3aa,0.0
kfooc6pqzooibnah,0.0
yjmjdjahqf6zg3er,0.0010340879850054131
v7fwplquij7bwt2f,3.3682907701607805
k55tvzwkepknq7b2,0.0
563rpq4jsclszw65,0.0
3qmp6icvzaiqrkct,0.0
7lllho5elwexotae,0.0
564n6vx7eaputfb2,0.0
lvhfpjkntrsbszzi,0.00463503946931399
x7neyqhkzdzslqqv,0.0
jscsvai6dgc5thym,0.0
64tlz4hqwltqym4y,0.0
lwsls7iu6gixar5m,0.0011138231860326456
tvyowkjq32y4ycf4,0.0
7qmlqwppov2365m2,0.0
nzrlisv24dtqia3e,0.0
lu3pprzifhw657zj,0.0011390552795694472
jvuy2ay7mzdw7mxq,119.15176370262824
r5nzrrj4gvu2mi3n,0.0
ynynzl5umduv7anl,3.690982294683355
y3z7cosmhozaal5a,0.0
nftcyjfc3hzlwzck,0.0
f4mveu2nchve6dbq,0.0
dt3xjkmccyphxaup,0.0
x6sjmxrff57t6njk,0.0
yln2zj6u45hqywju,0.0
m2vxejejshzf7uwb,0.0
k6ioqpaodopc2rxa,0.0014995389455371676
jkwxrs2dgsbc7ha3,0.0
ykbke2vbjt6qhyxf,0.0
xygqo7eyybp42527,0.0
dneofkoke52bzbsz,0.0
53d66ncu2qmizqbu,0.0
x4yjslv2574mixf2,0.0
pmx4pn2vx7xi475c,0.0
5pxu5kt3kuguw42w,0.0
dzkddhmotvg2gwml,0.0
7mksomdveqa2dblk,0.0
sfr322lev4riwz62,0.0
ybtqcfvxrfawqv7m,108.54243548690826
dqmyidnehaznctsn,0.0
qemnwjvpw5urre6f,144.12209486635805
67o4baqib2vut47w,0.0
byt6mqp2t2cjuzyn,120.54274082937923
6jey5kimm3v4dan6,0.0
akxkswg26jhnbcmz,0.0008453571036800696
3rr4u2622lkl5ax7,0.0
kvaeeft67uho2qjq,0.0
p3pdyi2q6ln3ni5n,0.0053820288620185005
sg2uqf2vkghqp4zu,0.0
yatblsofhwdxmoo2,97.3547304527684
7m2uixd3jlmdu3dz,46.30806631482179
qiqcqwdzggg4wulu,0.0
jvczlw762tyixlx5,0.0
lwuvbmgqldxvcgxi,0.0
45dadmwevhyu245m,199.42621663038997
gplmagfto3mhs2u5,0.0
jhv3c4uyme5abe7n,0.0
i5toyhmgebf62vim,90.60102600118171
6yo7c3pfu7a5schq,0.0
ozzocy2zlswrfwdg,0.0
z6r3f5yravlukrxj,0.0
iufs5nl3er35b4nh,0.0
nceuaglel4hifhxb,0.0
ebdzrjek7nfmd6ls,0.0
qjjfpfmpdsoovjy6,0.0
nconk6ircflvikbh,0.0
olpvdxfofadvkdqp,147.43560105133818
dvyjblds6qnuujfm,0.0
zg3wwzl6v4gmolka,0.0
tj25ej3moycwdkmp,0.0
q4tvpfoiidqk6hmv,0.0
ae33sq3k7wjctqwl,0.0
xuvze2bcqh2564pa,0.004552974499889733
qjyb2jprlyef2w36,0.0
qd5vgradebrqksrw,0.005601080997658693
23npw4skyvp4rb6d,0.0
3s6biz6ul5qcl35i,0.0
mb45qp6cskindaec,17.58679637892592
zns5gc2ynbfqt757,1.176818747623669e-10
f4u5ylhcq46erld2,0.0
xffkzdqu6a7dm4i7,0.0
5yfaaolzng4xh2g7,0.0
qrmhatah2aj4ocre,0.0
pflhrn5f52xfhmqt,0.0
xdyshh7zaqmyly2d,0.0
aoba27iipelr7hyk,0.0
i2popfnxcinwx6sr,0.0
fjn7lcnglkdven6e,13.645759796974772
wlxzc5ryw5rlejaf,0.0010340095011107712
bt4pmcyq3jgrw672,4.274055974354603
ffpdxpqj4naaer2q,0.0
5bxradgcbbh2pjgf,0.0
24av6e4sampc7ngi,110.73721448176454
rak6lu63ftfoprv4,0.0
sr2xu5sy5v4c57an,0.0
wu24ya4qth3r32j3,0.0
pxnmdr4mpyumdvs5,49.84289043090773
2vbyr3kghqkkbqj3,4.498207141109352
stb45i4z5bdsjau7,0.0
fj7a7ippxv4xnmpm,0.0
yrcfe7f2sbaqdsc4,0.0
rauixbue7ahmznbm,0.0
f4y6zxpuyfm2w624,0.008362353394626975
3q4nrtpfwieteb3g,0.0
ywksj546ecpaidkx,0.0018985907820545777
m72feu32k4hlfzpb,0.0
ehkhyyz563lpmibb,0.0
4tc424ede6ztw3x4,102.40152895997966
v7luextpnwdb53wh,0.0
oqinwvihzdyru2xl,108.79428321833866
m5lmonevctpymlfp,0.0
lgkk3gl664xgzohd,0.0
efwygnvw3lvq5esx,0.0
aueiu24r7tacqr3h,0.0
peg6p5y6ipykcyze,0.0
gb24q4ib6gmdsnfz,0.008833728970185663
y2qt6xjocaylw3i2,0.0
zszeesbiobgnbub5,0.0
dcwe5zirlxuvahov,0.0
2t6oyuhwq52o64wp,0.0
jjfjxojt72yzsqcc,0.11541299912504457
p2eywldpeqy2yhun,0.0
tx6xuns4ou6ilkf2,0.0
iqyih7fkqk745iib,23.08057110658161
roirqcms7cc3olby,11.170737493212194
klcwpnmsuedg4wf4,0.02885705101062332
k7xxfv3p54wz5gcf,0.0
wkmstlai5hgwad24,0.0
dszkeelunyzdatir,21.059151040198426
wg2w473aohbvifba,0.0
igev4qufed4fblht,0.0
u4n5sn3ihte2hinj,0.0
wpcwqddglx5hfdki,0.0
snkhnuexzcm54pla,0.0
fpdnwdkjhhdcmay2,0.0
w6llw2hpkqmgrvdb,0.0
dwmhhx6hobt2ps6s,0.0
efqreaohn5qjeky6,0.0
bl6wlekw37w6yiez,0.0
tomttcvujyf465gy,0.0
c43ia4gfdspxgeah,0.0
7k5o777kw7zjetgz,0.0
t5eo6w3au5sxh5f2,0.0
ygpgdqba2hvrqtmy,0.0011045932147855807
wgqclvdzpeo2ygjc,0.005128507193026793
cqtdm5iw4elzjpdh,0.0
7t6ukh2jaxoxf566,0.0073203886960597825
aqaamp2cukzfz4t6,0.0
fzyhsel6qoxh23tv,0.0
lhwjodgvnt5zmk6f,89.04755288577554
bw5gpin537qr2abo,92.80689621752126
7jzqs5xyol5s6ebs,0.31209946078491935
bpgzt3nyf744kerd,0.0
owf35pd7j4yda7lr,0.0
cof3oi7bpbdo4qr3,0.0
bagf5fcskltu4f7w,0.0012546223976627753
zgycy6z7yxiehnph,0.0
kqwcgi2wmtrhjs6s,0.0
eyn2nh5gyy54dd3e,0.004403664445431246
ld22xc6w4d6w3al7,0.0049941525279057096
qkehfllrxkwpz4zt,0.0
7xqgeden6pdrsiye,0.0
ey7hagpgcwqcb23m,0.0
4qgxecjxsjvxqr3o,67.42406238191761
uawre3sqrxtsdcx3,0.0
mw3r3rkkshsjysam,0.0024362663495600596
owylflvboj4amtft,0.0
jdydqmdgobtnpkb7,0.0
prp6sqe2j3poah4d,0.0
jc6tn3cjd66uoars,0.0
fzksc3dz2u2es4sl,3.4187933347783286
55invrlmb57zvuzv,0.0
moygdieftbvygo2c,0.0
576vtvw6ksp2qjls,0.9720400321124786
62xalnsxnm6ei2uq,85.22713608124555
may7alul2lud7rg2,0.029842078928294203
h7buro4645i3mfgh,0.0
zt6lww5tnvvu22kr,0.0
4piwijohkq3igc4u,0.0
dqsdgxjijogwue62,101.6552733838399
q7xcdhsicltkdihb,0.004673298633479928
lcbmyi3fomwbb4d5,0.05013714409776015
2zxlecjjtis3bemg,0.0
glmck4o2h2qqbabt,0.001034211128023093
t4etuvk26l73ekbp,0.0
n2h446s3x43aiphr,0.0
nppmnetdzhckiztz,0.0
frgumye4tbunitw4,0.36310949464624104
fdvmurzsdqze6krt,0.0
usw2tkqh5apsocvq,0.0
xapqo74immjz4jpy,87.35435494943313
dqoppr66gqnsjlms,161.32929403413976
yvwaisg6mzjurbok,8.79207961483442
4kdbhia7ui7woovz,0.0
wv2zwdbkjnmb5bfn,0.0
kagrxbtrz7yaonvj,0.0
7ixmd4qfrkh7zlgz,0.0
753nkjbf2uby6khk,0.0
gllja34b7oee75qh,0.0
23tymzytm7vnfjel,0.0
teqmn3rjhdbdfndv,0.0
urin6bjnbueqezp5,100.99303165256518
7m6bmu2tjls6hvhk,0.0
ykqppxwqpjdcmjoz,0.0
fyouwyi5tdpkiypm,105.1996695309719
g5asi5nraabtkuu7,0.011011799579663605
ubb5suemdee4ws3f,0.0
sgby33tdv3fp46bh,89.49655209379509
72yr4nhfyjbkdz2n,79.08715038171263
tlix7luc5myzuqfj,0.0
47lm4ok6bxgx2ga6,0.0
6idhw4nxaoiib2as,0.0
c5bjwi5lruc6pwdk,0.0
gbnprm2wwzvnquuw,0.0
sbsrjtbjmy564whg,0.0
7gdaakev7ahhubui,0.0
c4bsjhxnyk6okssf,60.73208394634075
rjci7nkuaqnofzcc,0.0
avojf3plrj52bx43,0.0
fgue6vhsl22fvz7g,0.0
p7cb4wyjecjt6qrb,0.0
snut7ks6gliquhru,0.0
dxigwy7tdt3rf645,0.0
hnfxtd3b3vt35wym,0.0008453571036800696
4nberdwy47hvnxbt,0.0
wrk2myl2u7uji7e2,0.0
2ohr63h5r35b5nde,0.0
godkytvovmezqzpm,0.0
56m6ndwxey3os5vo,12.60982332825144
tz3kw4hfeu2mwvdp,0.0
uqcclv5gcjecxzam,0.0
ennw3pc7c6xbjy64,0.0
lqlwp2fm7ds2tfie,0.0
orz63dpirimpaqtz,0.024408771599996798
klf3ymnbw3czyvqw,86.38022326996344
6vhc4z3obfv7niow,0.0
x6ep5eeiidvutwmz,0.009033659354556803
73f4xotpk6xtjvea,68.77372570266502
ajrdxksiqrpum6dg,0.0
nxrwse33eo6w4m5u,16.527878170007828
6mja3wim2ies3isx,0.0
xe4eym3shgp5g36v,0.0
kgc2omck3ix6j5df,0.0
kjrlxklupvqdhyej,0.0
rnm3e43goiyjhr6y,0.0
7d4ema5kfhtul2o5,0.0
tfqy5mtyciaignoo,0.0
2v25gevk77ezygoo,0.0
2dxqhfeq3usuthxa,106.39925222168021
nws3tmwxinxd4wq2,2.158624032644411
bxwi776mwl2wdxjm,0.0
edk2e6wr6bq46coq,0.0
vfxl4cmmgy6oxcj7,0.0
tmpnni2b7fms35z6,55.33948428557149
sdejvl6lictegajv,0.0
cag7vpouaktntlxq,0.0
ck7y2vwxvi47gcal,83.97143922123722
dswoiulo3yexls4a,0.0
fuhgajcprjcsttr2,83.83082683449226
b5xf3gvot6i2ia6a,0.0
ksjehyfrdbi6p5wf,0.0
44bly376ajeovwgn,0.0
kglkornx2lyg5mb2,91.9279800823617
ktng23w3bbqhebw2,0.0
ndqa53q5jsuvpu7u,0.0
hb6r7mn6qvxi3amp,0.004150966905897279
67dywldq56lzj4hi,0.0
6pgdr6cw6z67vrqu,0.0
4rf6riomdxhpmwvl,0.0
zjk3xejvce2dvnfx,0.0
6uzdnprm2hlagaft,0.0
him4wih4yyvtnxxj,0.0
kgmnd455o6l42e2t,0.0
f3exxmphfgrahbr6,0.0
dg4iztdtpaqanq4n,0.0
x22bezvdlhcwvfvg,0.0
ofwtemdbb3ybql22,0.0
mrgsx5mwvu25pkix,0.0
jjlegzxtwldaccrs,23.647555680064823
52xlp2v64j7gllci,0.0
7pvsgatecnnqy6rj,0.0
xyqvv2utwczpbyjd,0.0
nvalifyvlrujfp27,0.0
pfpkhgv4o576pdg3,0.0
oqmqdhr6wlb4by6s,0.0
3ikww753y3crmjzm,0.0
uemrjri6pyjsgaud,0.0
dbabnrtm2xpiqd5m,0.0
zrmdy665m4jhqsdb,0.0
6izfqjshhsht5sef,0.0
cg5wx2r2xbbhuj4u,0.2362076001634781
qbfun5eiz5ma5of5,88.90358802859942
cxxugtsjvyyfcekn,0.0
xuefo3oggu4jeq2y,0.47716794097874554
slafdossjg3hdviy,0.0
nmjwwgcolbj64rk4,56.00024526993026
5muerq2y2u226syg,0.0
rkjhtl4rd4rd53ps,0.0
se3f4ekym52fdnv3,0.0
ekhcf2atvji3hwz6,104.2779820653385
o44fg4emjcr3kdvw,0.0
lbkouxj7irtrfdpn,0.0
gvdo4r6ofx3ee37f,0.0
qtell6h2ledsjr6j,0.0
p4lvua57uq3n7pro,0.0
hzr2w7g6ioxhyy5v,0.0
shjek7knvswrqvlt,0.0
6fqcyrdpcycbvdcb,0.0
5lcpheeja22dytnj,0.0
ntebajovy5ibc6hw,0.001034211128023093
a52zgzrddym5js6n,0.0
5qtkgtntvyc6gq32,75.51330038236793
7xz5mabk63tdrhbj,0.006587738465448069
qw6pa424tztorizk,2.7823568203045723
iegbs24pevqrtjqx,0.0
fx4pyn5bhiqdkb25,0.0
pxvhwalxitvvt6gt,0.0
4mi3mww2qnotyrxn,0.0
6bx7bxohkzhu47hx,0.0
xuaes23rgz3umqxw,64.75893491898502
7iamon2qpwgdv3ec,0.0
ir2bthusuo4plfay,4.038881436532511
n3lypziqehkxg4ue,0.0
6r6vicimwz7auvhc,0.005641466014973301
mmcs65adif5xcvuz,0.0
6mujkpxqstyqp7xj,0.0
ydtqpwrt7wwnqe6f,0.9266807199333809
xu3tp4s5nucwbjxq,0.0
rqpssbrc5cinfk2z,0.0
h6oufgkjkgte2rbf,2.1705304596498927
5tg573jgtcw2mz23,0.0
g4gfcrxaevjkxhwx,0.0
xkiloyp3fwwtsu7t,0.059045130526184625
5bvqnh3j43x5rur7,0.0
4no2e5323h5wqphi,0.0
jfcfk4f5p6gdq3eb,0.0
pzivee2vpyj6766c,0.0
dhagi33t5254nitk,0.0
pxwcdbmhlotfgjpf,0.0
4rlrfrvgrxixlwv2,0.0
oqt7zlltgocmvt7r,0.0
jj3oxdmirngvztlq,0.0
t3p5txmtyy2plze3,0.0
jmboi37rhkxxrdlk,0.0
sr3k42xsdul7tdte,4.456755920752845
v5u5shszv6yejc5h,0.9783883435871986
mdaomsqc55qh5fyu,0.0
nuyi4pkjfunm5uyn,0.0
ne6qhgcjcuymerbb,0.0
jn5mhk4y3mti4v7s,0.5435414854322798
zkwdvpjw4xbmd3qf,0.0
2c54akdelxuogxxj,0.0
2w6yeubeyuwxnze2,0.0
v5dfcwkbz44jy3u3,0.0
ahjnan2ibr2sbwei,0.0
rxagf7h227o5gvm7,0.0
4c24twww3pyplr7g,0.0
qkoctypk47cfuyy7,0.0
odwmfl4lvk2dx6im,0.0
kp4luusdqgyasxrj,55.94925503556527
zw3dp3rdbfsqeb3v,59.2278449499039
v76rcl43cdi42lub,0.41424474383760673
6leqkwnirofxwluo,43.18154901310912
etgj5jhfg62e2wy3,0.0
ayfqairxkrltuf2k,0.06244698240010248
nnbssa6jk5jon7q6,0.0
vtidozdvnrwgtw5d,0.0
l6wbbeedorrhkbol,0.0
mnb42h473ldsmts5,0.0
zeyj5cfxwiriwqql,0.0
sxwoi7g7yifwsyer,0.0
gcxlc5r4fx27j44o,0.0
ggvri2bj6k3s34j7,0.0
7jent3xpmac4ed2v,0.002435195571558057
yre25qesvhacqamy,0.0
fm52uiwycvkegtui,89.18936930125851
ispwesexk72vcuft,0.0
wdqdflg7tlrvvoqe,0.0
4iznnx76g6tuia2k,0.0
4stslwtiwpuevbau,0.0
x3jw5ldjs4zg2urb,0.0
twtds72znnladcen,0.0
ed4xjsse5uu725gz,0.0
yt6hucyjzsjibtf5,73.0827681164667
4a5kdxfbqn7ghvdi,2.947927149543848e-06
af77k6mzttjjxsdk,0.0
lso2yyzwesniqkhn,0.0012546223976627753
4c6t3g67bj7pqkds,0.005103169387673636
g3wbgk2nxohup6an,0.0
2e2kkdo2ulikxpq4,0.04486543562093989
ectk6kmm5ridqxut,0.0
b36wb3hihftghmgh,0.0
cydydwq4dm74zinq,0.0
vvthh4ciyt3fi7oi,0.0
seua6gt2rhiwpwez,0.0
j5tb3jslm6x5ye6h,0.0
n2rhm6dc33etmmqm,0.0
lrp4by6jhqcwu6ev,0.0
6ky3vrl2dglt32qk,0.0
a32sh5tk7pmroahf,0.0
fzf3oj4yiytbqhth,9.058008644033636
4z53sgmijw5bdwfa,0.0
vozl5kxo5twhlrqn,0.0
b5oxkvz274allrhb,0.0
icpe6z7sqize6nws,0.0
fx3grn3xd6vu6tlq,0.0
t27q5fi2t2pkneeq,0.0
tzeat4yks7oxhzwu,0.0
2fpdhuhg4s42r4by,0.0
lcijsiuxcm54rcfj,0.009425356043967159
mkff7cwnlbpcqrhm,0.0
af5gqapw7xpc3jxl,0.0
flcrxm2wfmzw364t,1.197836560259023e-06
6eii22ndx5lsz65z,0.0
4usy7cmfpimasfc6,0.0
7p6enpdam6obvavd,0.0
vv73kher2xfaxrmf,0.00045817555087716
fkihiclurc7kdebl,0.016102047264879724
7wxolvc7lej4lfnw,1.8633302348246665
6qertbuxotjdu3vk,0.0035515033977773364
coizy7bs6gxwx2o4,0.0
nzijynbmevmihd5p,0.0
hgzqihhgfpmoruej,47.45882929998074
kjmtplduf6tbumvs,0.0
2yzugzcu2gxlczmo,0.0
vfxkebjs5bkir6yy,21.268155157328497
fbxsqbafehznsugr,109.36350579932751
cslcctti5nb2q2nx,0.0
cehj6nhbmpgtgsxy,0.0
rggyu7h56oltgm2g,0.0
vcn67wgrniphx3fd,0.0
afgolwyemiivq3lx,0.0
bejzfsrxl7nv6f7r,0.0
xciajt5ji74bmtf2,0.0
3xovopyqyr63d7vx,0.0
gut7ddx627j53jlf,0.0
2dcmym44woearrmf,0.0
vywtlfwziol5cayr,0.0
2yw3yj3hg5if4ph7,0.0
hb3zr2udobsbkodn,0.0
pemjvvimvwkfltfr,89.06181432359601
66jjlh7xgq5535q2,0.0
tfsq3v6ka44o2i2i,0.0
fz3oiey7fv2t2n3w,0.0
hig56gunjisrrqal,0.0
kr7ivjjf2ydzwg6n,0.0
ssj6e2da3gdak4ie,0.0
lyjoxdnrvpfiknac,0.0
yfgaohbfag5ef4u2,0.0
luquszwktjme2gdx,0.0
yyxfd6l73zsnaxdt,40.92649210622798
hcglqxp5lcqjetqi,0.0
ywnbqlrrr5o33had,0.0
yztgahec44siz5px,0.0
rdthd4fc7pdevrpq,0.0
cjtitbpqzujbdqaq,0.0
egbfl5wr66stkx6p,0.0
rpdbiknacptod3uf,0.0
yrkmzc47iti5dfe7,0.0
qfyzh2pemvka4iy2,0.0428309093827041
cgbzjqvqhzqznsb5,0.0
xzd5dncmdn24622a,0.0
urw77ljlnq5j33gw,70.34322383222481
h4l5uj3b6mu3bbxw,206.95402121548886
7klgdvh2h2tdv3kq,0.0
tvossaieycztucfo,1.176818747623669e-10
qq7c7pt6hj3yriyv,0.0
wdeoqoe572i522sq,0.0
63xlhsnwo6fpnfu7,0.0
c3ojtdkgaxb4ekan,0.0
j5umdvx333ynu6ac,0.0
63f77sgw7s4eqhwz,0.0
37373uwrshe6jwak,0.0
pwendabirsu2mveh,0.0
wlozu2voc4vyevfe,0.0
ymsugcpdnmaezliz,0.0045511458562142275
tlllme6f6zpg75tq,0.0
cqfwvhflk3ew4nyo,0.0
zc3yze4sgqjqrzns,0.0
l5hi4jage3dowr6i,0.0
nxr5ehhwj7332ixr,0.0
65kjeedg5haid6o2,76.63445467912621
4oyql3iyb766htbz,0.0
zwh33yoiwlo7r4ml,0.0
vbi4lcls52zg5gle,0.0
6hykum527yr5366t,9.638181121804907
3co7mscxmal6bpdv,0.004552974499889733
vl54xybvnudubtbj,0.0
jyeuymmwvdu6mic2,0.0
izircgr3gtjm3old,170.86569136697508
wekkivwc3vwo4grh,88.71348969602829
xwekkfvjsejnmx3r,0.0
uy2hu4ne3c4xmkcx,0.0
hnnng6prbe5e2z6s,1.1744533735612814
7pej53v7geqcauyp,0.0
ovfumcq37ruazvg4,0.0
mac7ebqmv2s2zyb3,0.0
p4fr3zmqhk6ix45w,0.0
av5lwtki72pnq7e3,104.1193745141914
ywnymig77u2p42xu,57.200759778347035
24z6ikn27duwsjhs,84.28020861282322
oyb4blecgnelomqf,0.0
j3gqkmrtl2kczzy2,0.0
iyxobh3u6y6grzd2,0.0
oiagy5h4y7jbc5wm,0.0
xacvj7fhar7lz7p2,0.0
3vubokw7bqz6cgi2,0.0
z7l4jlr7khob6lc2,0.0
euxcc2k57igifg7c,0.0
ah65ybevrpipamwg,0.0
lrqnciiowx5ujywc,0.0
n35usd5sc2rtywtu,105.25999995758605
lqcoptr45sbr3ocn,95.37141994276716
3luv4e5fekuturyn,0.0
npciggmtgj4jqfwt,0.0
ki2tzcsv6wbfqba3,0.0
q4vca7vfoj7ftpbc,0.0
mfja2nv2uch3pasa,0.0
ncaelh6y7ppp7cuv,0.0
zfoiqx7eqte5va3m,0.0
4aqnjizurpfzgrg7,0.0
aa55xkhwwugli4dy,0.0
dsvpcy3hbr4j3vus,0.0
d3qis6hxv4hetsmu,0.0
555d6ikjzjlfjext,156.20679518294546
3cnuupnvncpibysk,0.0
vwdtsgi7iwvgkxpu,0.3493776234207819
kfw645fadkvh6ykn,73.54483936934162
2xszeizzlmmfzyib,0.0
ojrptby2jbhnxbyw,3.6514077465280943
txos4jgxihcgbc44,2.0517426371200336
6zgmvmxh7yhczhih,0.0
m3erluxdzwfil4le,0.0
ipxpp7vo6cx7gruy,3.3916675786665688e-06
qakr6mydhj2u3ybd,0.0
5okiq5bka2telgi7,156.03548403582909
womiz3ij5k2ciqes,0.0
rh3zigq7oslz4lfe,0.0011045932147855807
jfapoeftr4wwqaiu,0.0
5j4u2u7nbzkgnf7c,0.0
vnzczjhiwvzimuu4,0.0
7cuejhti34ut7lcf,0.0
b2b4fs4ktu7yp4pi,0.0
k52f7wizrseru3nh,0.0
rh4jknrevch2pdqv,0.0
hut4pa7omxuxjghq,0.0
aurir66rfbjjpmqm,0.0
3mbdbkunybvp6osd,0.0
6xx5dfheixkwq4ta,0.0
fnqr6pfzu6o244lm,0.0
zv7p57djhhzswxkh,0.1994374852270077
mus76p3sijxafvi6,0.0
iuowop7lsszurdho,0.0
a3yhqbtigontk7fk,0.0
27eixreynow75zhh,95.59400355154696
z5jvn7lh4tjrgl6f,0.0
lxqzz4yyvtetynwi,0.0
usmpa27plb2fa7lj,0.0
irdnhg5xu5xjmb4y,0.0
724epkaxacffunp6,107.3760657725438
oidqaart5elllrq4,0.0
g4ypdrz42qdnypjp,0.0
qvdknrzo6oozvvo4,0.004243632870488649
eor5u7mzz5gsg3ba,0.0
7zywpludfhscvpx2,9.699199038910037e-05
nyg3z4izutayamui,0.0
xgmavipnarjgio5e,0.0
k64ujn7ymps5qxfv,0.0
wecq2boqjn2xuh4v,0.0
vw7lwswi2kdxzoto,0.0
a22myndorovuxg34,0.0
kww2ngtl7mytpwy3,0.0
ggcx77ypzvxqemwj,0.0
72kdgptniqimtyzb,0.0
7aagm4qyqekvj637,0.0
aytssitzgs4gj5up,0.0
6r6roalffznqqyix,1.8786088556978033
nuawc577wzmf52ob,0.0
o3lkjapf52w7kbk2,78.56774118177466
u4qmfyivoklmvrrn,0.0
iydc2frkayrnacdr,0.0
g4mwggfhsrnevjdo,0.0
rmk4oalggebpyso5,0.0
q6lulumyzqwiktqv,93.18271017851824
bjvj37px2gr66qmm,0.0
vbc5p6situlnwwu4,0.0
cvegc5an5ybsco4a,0.0
z6ce2xbjj7yaygo4,0.0
qvr3yd3gn7au4bbt,0.0
hh7al5szk2i5rnvn,0.0010153534724282394
bahn6szlf7eofdvy,111.8692433844115
5qhwrbtqmx7fkwrf,0.0
tahmykpbohxel4kp,60.4635867093603
pb2ytusm3j42znza,0.0016979721077628892
gc5lecmstuagmhdd,1.2155529796576331e-05
mxukkictdcaa5ntp,57.25055285109196
ntglbbrygbniohpm,0.0
lwhz2xcrwj4fcdqn,0.0
qt4nv42x6xoppkhc,0.0
ciecdgoc2tkuo2qz,0.0
k6wxhxq7srnudaou,0.0
62bwthlf3ihyq4ox,0.0
ofh43dizwxghufy7,0.0
bajbajzg3qnwc3td,0.0
c6cuk37xnostvmwc,0.012772573635934429
enrwbvaaxei6qnss,0.0
r6nilkiyd5e7dh3x,0.0
4viguve6hpphp6io,0.0
s244eivyqlyegbhh,0.0
m6624getfgd2c5qs,0.0
eqca4jguhmdd253b,0.0
5etl3eaarw2hxi2a,0.0
225ns2cl42hyx2ad,0.0008578570564220315
psoqnzdknseomvaz,0.0
fbizb5c7tlbclyz5,0.0
ypbgqldgu5pamxkw,0.0
gwo7afzi3d62xjdx,0.0
tzvxbp72r63ns4mv,0.0
5xlcfvsw2meynjua,0.0
bzzm6s6fi5hwtcpi,0.0
bscemub33tecmstj,0.0
zll4mczx7zxzwopk,0.0
fhjnvndngblfop7t,60.73828410155222
6xmruaojy7pjgu73,0.0
rmqv43b6ywzgntaq,0.0
bf2e4oq4ggy622qf,0.0
6xqa42qa2vhzqftd,0.0
b4enaaecciiwoi6c,0.0
a5sxmcqnmsxbg5um,0.0
ne5bgf5dp2bdwamz,0.0
jpaa5w375cefhtt6,0.0
ukpocugrhnm3d6d7,0.0
oxenapj3egsdvdzs,0.0
7m7xtdy623afjmip,0.0
pneg3d6bw7futvpt,0.0
qwtz6kst5aaajoyk,0.0
nj3zyd6rjxxzu5kt,0.0
6b7i2ukbr2gdhbgd,0.0011138231860326456
45rqsshgbyvin7lz,0.0
el6bnzcfsyuaarqp,0.0
m2hq63x45tzyhdvp,0.0
d6cun2ju3o27k6q7,0.0
qlz5lx7klyzzoast,89.05691044288807
wutoxl6cyqrncfhs,0.0
ubqspyd2cygiud3y,0.0
iuy6wzjknyhcwsvm,0.0
7jxwi33bfgqmjo26,0.0
jo7pxdazhvme7v5s,0.0
svhwiraq7oltld2v,0.0
gfqs7lcgvwph7lmk,0.0
iadj6abep5up4cfp,0.0
df6qjraksekm5pxx,0.3354643133919289
j3fjo37zxyyqbio2,95.0592897433603
m7mhbtcrjyxvn3fy,0.0
ki2h2fgkeeialwse,0.0
jv7ngukfqdrscdkk,1.3084932734218122
oydgiapif4lzsnda,0.0
74hwao4hvtbdhnfj,0.0
s3dpjiu4r5ymsr7l,0.0
k2jrb4ak5yly52vv,0.0
dqiircshmqitiebr,0.0
uckuwtgivtdpjiwf,0.0
mpztaatnhqcce4il,0.006028552856953596
r5qzou5s6qbxrdu7,0.0
6fbffuoafdaslf2x,0.0
nuhcbuxn2lwmmw7c,0.0
cxgax3ijhwbk66bw,0.0
zfkg4rem4i2iwrn2,1.0738516116772352
craqvf6g4v54wqhn,0.0
dqiseiz5ku7slrrl,0.0
224rajycdiuglkxy,0.0
3ciinf77uvfhpui2,0.0
snqdvb6oy4nea5pj,0.0
3uz2vxtlrdwurdks,0.0
zpn6elsakvshv6xd,0.5494149809929227
pruacqbwqupkc4nb,0.0
a6fplyas4eh5ejul,0.0
fwqn3rtivcv5hluw,0.0010340879850054131
k5opiumrwksmpbqz,0.0
6xdyve5bde4pj62o,0.0
hreskfgcqk6ppibq,0.0
gzy2j4cwseyqt536,0.0
kvyntifp2euubcul,0.0011045932147855807
wydg6z3wmjctxpe7,2.1546904904059037e-05
jttj66dqysqtmswx,0.0
4nfryleyzz5jufy5,0.0
hpm2ksvipiaxtorj,0.0
u6ensxekd2qy3wli,0.0
qq3g6fgci2fyrtuw,0.0
5ongdcfzetvvdrew,0.0
5ob3nx6xak7nszsu,0.0
f45gqjuwza4sgluy,0.0
j6tviikyrcqwvu4d,0.0
spxrmemij4ddb3f5,0.0067897361380323375
rigxjinxragjztcx,0.0
7v35doielc2vcivi,69.52529018430697
4u3bg2ynaiztdpih,0.0
z2fzyshws4gtwej4,5.580193792445883
r2xujgvvnvtg7ote,0.0
2eosqnbge5kcjd3e,0.0
nxqhmgvileqpwkzi,0.0010150316891521076
akc5dlwkxnimdprh,0.0
sepvhyhrj5iqm76b,0.0
dnvicrmqg6kiy6wq,0.0
rbvzwb2pawr4zjs7,0.0
qsue3tkcr3h5bxj7,0.0001865896807094897
5v4l7artb2vxstqk,0.030456558898630717
xx7qv3oqxzd3oyv6,88.65489672114522
53a6ydcd64d27g4t,0.0
6h4wmorsq7drxks4,0.0
f4vqztezawtwwusc,0.0
jglhto75twurzovy,0.0
gcorihsstkzy34kn,251.04376537228643
bzrkmfdt4ogpvbth,0.0
ww4rhru5ofzgra6n,0.0
rrkj3cp3ab5h7t7g,0.0
kdlty6crnbgxyc7o,0.0
6yb6ht4nquc3y5sz,0.0
j2uu2syuo5o4xbrp,0.0
wmloiilkhy6jqkmm,0.0
ve7iv5z3fo3jn7al,2.090952414914062
f6jx3x6yr4yocnk7,0.0
j5cnlt3xeer7oexl,6.201524687023012
avgb4bvs2l3vmfxs,4.748664287135976
q3vhbnclrlvvshgg,0.0
7f6l7ldqkdynvxta,2.114049213005649
xrmkzypmdprcvwd6,0.02136407053802164
vwcjl5yqobsssf2d,0.0
5g5ii5oqf43lukiu,0.0
tcmirimhnctvjnoy,0.0
p3qhvoe4p4rq3yrg,59.822188605777725
x7olzzt7dbivdtea,0.0
gg6uaeh47gj47syq,0.0
vd6gf3p7ebqe2aio,0.0
3aqylzyrms2hcy7o,0.0
246ydzlcjl42rnyv,152.94748892312006
v5nbitqenqp4dypb,0.0
zls2elwhucccxcgc,0.0
3pmqjkur3usvsclk,0.0
sve7povi5g45572e,0.0
jb4x4sgpsmyb6api,1.4996604537914806
ry7b65eccynmfgb7,0.0
eowhvjdcpprz37o7,0.0
ok6xm2xaqr3nkbu3,76.91443091258714
7yhbs65soygfeg3a,0.0
hbqwxa6mifshjy4x,1.6586235443601374
n3bxakdboy6t5rwo,0.0010340879850054131
lb6nknrq4plenptp,0.0
qjjdvc57htlljydt,0.0004515044415925823
knmu4aq6mb4aotlo,0.0
7xzqafeq2owvrlrl,0.0
au5vmi4klt2ygio4,65.87173847685236
m3f2pnvuoaoofqxl,0.0003958484033184952
xyjpepjgrv677dp4,0.0
trtsksci5bk44cz7,0.0
ao5cs4q2gpt32lgr,0.0034360637867215933
f5lcdgw5kuulce4s,0.0
2wstvh2refvvkra3,0.004552716119490789
zv43jj2zr4aeiti2,0.0
hgn4vr5oc7myw5e2,0.0
2hhtrpzkcgqdjg5b,0.0
2vbxk3dvxpihwqbd,0.0
idbwuhdy4lmyjm7a,0.0
uohfe6mbocpyxyp2,0.0
7zastytcbvdcikw7,0.0
agtxtal2oqzdeuvp,0.0
uuusyyqoepgsmco5,0.0
nhtcslohz4vrbh6p,0.0
emdz3squ2wahez2w,0.0
ijjs3qgnfib7p3j2,13.91925201045412
36u4v2mjauwoqnke,0.0
ibfpg6gv2iwwcwpf,0.0
icra6opoohusc2yk,0.0
jtezdskwn3hnpnux,0.0
ipa6mtt7xtpwnsfv,76.19510179259765
wfvhs4j5pblhxmpp,0.0
srmgoa7olljykhsc,0.0
eiah2l4llmt2rkpu,0.0
dmp6xijgznj2kgqd,0.0
tncxeyvapbnekvzn,0.0
ekr3pmswhr3pde76,0.0
ryz7nn3ifsimuf2y,65.4295722869398
47iatqxsykkt5g3x,78.43392504782237
jskyp54z3i7prcob,0.0
b5uahxpimbycyk7w,0.0
2jg3s4aojuoepkvk,0.0
qmrixlgph5b6gvle,0.0
if6ktpvv4btnck45,0.0
xgathuxx3dfx2esx,0.0
k4gfqi3l4j4yb2b2,0.0
dxj2hzr7wizzysvx,0.0
ko2bwedsh6wlhkei,0.00563619279711037
577hootx5pnkckqx,0.0
o4kx324fwyfh7nxj,0.0
3e46kqfvx4nwnh6m,0.4410790009032748
6krvcqob4zbnqswx,65.44855218289024
bggw2mciksxn6r3e,98.07812772293505
5aaxuaglqibcawzh,0.0
j2itzdbnvfr5o3qc,0.01586950508827349
ors2pj26ehehia3y,0.0
wsl4vdarjtit46wq,0.0
zkb5frkzxsxpmox4,0.0
fc46cjfla5ketv7c,1.9915798497272328
3yrvvuokq37n23n4,0.0
sci275w32hkch7po,0.0
4th7zv2ke5kh73z4,0.0
v4iqh5gn5szvqaaf,0.0
ixhdlpiyj4ukdt7q,0.0006121977709893782
dj6zaeiivvzgqgvc,0.0
jot72uiili5v7grf,0.0
vku24ghzcob75aoo,0.0
swl4lkxilap4unds,2.167333793499833e-08
n2cqa7hh2zltwlf7,1.4655161014211857e-05
kkfwto4daap7zewb,0.0
bebts2qfbcrv5pwv,95.92686928621075
qjr6qzf2eyody4le,1.169654912961215
tqwypggplfy7mhva,0.0
3llbniijuatbnbcl,0.0
yzy2ir3tnbnicrof,0.0
fwardlztqraa3erh,0.0
5lanoiae6uejaxgr,0.0
h7j7mhzl5xp7dmaf,0.0
ac7mtfe52eaixq7c,0.0
b52yr52gfiszufuc,0.0
rdijkcysl5jurbeo,0.0
xjkucccyrnsbdf4n,19.84010626505239
rcw6a6h2zaaua4j6,0.0
sulqk6hdah44il2t,0.0008496379160215471
v7onqiugyh7nu2fg,0.0
lg4ksf5edofdpsfl,0.0
kdqgx4kyh443kgiv,9.857819305742339e-05
rtp3wtqt3wv3ceph,0.0
bpjtuudbt6qdzszy,2.514859244153839
vmr7miucja6teley,0.004592550553130843
7aqvdhbhudeiphfo,0.0
k4uzc2sfg4sfvyls,0.3227507915550651
h3qrgdf2q3566zsa,0.0
ipmsmz45hzrinqhw,0.0
3j6jb4pxdumzszma,0.0
pb255a7n2v75bslf,0.0
7bswqua2iihzhtjr,2.393419621543829
kigvnlztif6bkvww,0.0
ycy2xmirn2e3daf6,0.0
hsapfdah2eiqh4l6,178.66054467820942
zhjzdl62jlt27hy5,0.0019353821673820633
ymaofuumhjimikii,209.0671175939366
povsbpriipnatwyr,13.473678894456155
rcc3hukeoxpon73y,1.7671625676377138
ytmwhnls62mjwacv,0.0
mk64ot34jdu47rtu,0.01851049711961587
lirp255duoc6pfdv,0.0
agckf56lfa4fheaw,0.0
ieuwpysijymi54uw,0.0
auid5nswctgkbdkr,0.0
meblc26ovlaudwus,0.0
hzivtbfbosnwo4vt,0.0
nskn3224vflymlsb,0.0
nbtaxtdjqylmxale,0.0
gvsvrjoxhbivvcrq,0.0
ntts5wsjt25ui3lv,0.0
ta44pex3a6ebunyn,0.0
haqqnpez5en7p3xb,0.0
qgzovrkgp3wdsa36,0.0
4pbscwio7arocqcc,0.0
rn4midcm5bvfbbap,0.0
krfezprccr5ghzkk,0.0
5bzwc2mfoknxc56e,49.24325614169799
qdylow5vrzuwnhj7,0.0
hmdr4zsf22y2bkzi,0.0
4ncrx2konsj4icfg,0.0
vbc3yo7qnsu5t6hv,0.0
mavffxacsjovcyue,0.0
2e4ugalpbawith7k,0.0
obthkx46ddbztag6,0.0
lquw6izy2njupolt,49.34834943754217
kvz3n7ytzpfa3j4f,0.0
rodvr7g7333af3ii,0.0
3qbbseqrnkjam6d3,15.756888256567075
l3vqcuuoskbntptb,0.0
vct5eplz3lcxarwg,0.06369950560577646
o3scbaokgl75wzae,127.81706769216746
e2fp7k5njsgigndn,0.0
gxduvmiyhnpcy73n,0.0
alhm5et77du5moyq,0.0
alzbsxejd6izrg6c,5.5722576612681065
abjjft7pmmj6yrps,0.0
3dzjgm6jkirjzsky,57.61636597834953
4x67grarzgavehop,0.0
tnhgiwz2lrrzs542,0.0
pyslij7epozxo2gu,0.004552716119490789
uixlt7bskl354l75,0.0
s6pmq3qgpgmqqhc5,8.675469434649339e-08
rp3v6jghz4lzguir,0.0
yf5lpm74xsnixgpk,0.00011564028819489638
4kgv6vqivn5hadgc,0.0
xaybamtdbrjxsg74,11.845362893674272
zpak2pghya2ml6t4,0.0
aa6qgp4s4qjjvz3k,0.0
vduuisyc6asq3spu,71.40633161132337
f4lsv3vzpm7s6xzk,0.0
l5exzaqugepw7whd,0.020784770579165144
nnwsc266br4j3zsk,70.38084438830637
xhbfrlx3nxtkvaxp,1.3496231723071788
pnwa3dl7qomvgyjt,0.0
ybai3ko72z2uaazd,0.0
j6y6ezqjfrgfqqie,0.0
cv4rebu6a3vaabcu,0.0
wgi7m4gn7wnlnzjs,0.0
jlyhngkh3c3lishj,0.0
qehwwjvhq7lfq6m2,0.0
euy5itkkwl423ydw,0.0
y5zdh36v4wbsots4,72.7539359737174
fbaylllfcx4r23uw,0.0
mukgx5tlsb47gwj6,0.0
n64soml7birqhpq5,0.0
wyv2vui3er2j7ffo,0.0
mzroxuvgznmn7qq4,0.0
4ztqopxzncewycub,0.0
4544qjhw4zcz45jx,0.1512519767559897
n5qv5ql27fs2qfm5,0.0
ckafb3mwkowoskj5,84.14774864330856
iuhpzqk7kovam4q7,0.03005965380918514
s2pk3apzdsxsfdp6,0.0
h6wimrymbnlyiriy,0.0
n2ashi4q524n7aga,0.0
glum6ekwlf2y3rmz,10.799634642769863
3uafx7tvo3vv5jzq,0.0
wjmml4rgl65ti2p6,1.7801966284424697
ek5b5zjm7vzvkur5,132.28742976218274
eys5ng3qhiumzzao,0.0
aet2gralh2qskhlc,85.02813410259886
xbiufjutsv6beadp,7.287462990202258
al3vykyekijg2zj2,0.0
mnfha66xeiivfd3g,0.0
n6a3sdpb6mnzepbt,0.0
qoxww2iacightabf,0.0
6iyom66jxppzntkh,0.0
u3w6qgoxdo665yq3,0.0
4vde7jbhwjf77bg7,0.0
vahg4b57wdfbt3qh,0.0
bkr55z6tazgjl7uv,0.0
kq5kphhuhbeta3p4,0.0
jkjhdhknn76b6unn,70.61186353631552
qxs2r3awskt7xtty,0.0
6drumpezcmklbtc2,0.0
abef33dzpjvushzx,0.016546294456790563
7iiauqxmgmwffrwu,0.0008496379160215471
veiks3ecce5jtu7u,0.0
qv3mjjrksusm22ai,0.0
bv3mzeepkqyoexjs,0.0
yu345mvgn2nemi6i,0.0
r47ogqrrvzyzarsn,0.0
yizqy6wyvf3szqul,0.0
epr4xubboazoyfzk,0.0
2p246xvhlxpk4hr6,49.578182927812406
a4grd2qc6ke5q6ze,0.07299740839834477
xqexz5vtlgcvanvl,0.0
nbwkrclup6vfet3x,0.0
aprpjieowrs5xgut,0.0
glqowza5uto2i54x,0.0
vfqaulxcei3pgwd5,0.0
eahl4hqwxchcx53z,73.80964000753929
zsuqi6o4kebhia7z,0.0
ril4ehbrgnad3a6l,0.0
7cc3kgqalbdxvivq,0.0
t2vk6uscoyupjwia,0.0
hdm7m5xlcmsbi2k7,0.0
wck4stmbfxcsuxjx,0.0
6wldc6zl4cmlbtzf,0.014034530106874419
l5dadbt7uel7whot,0.0
v6dglwvv34bpvyfq,0.0
jew6wv4hvofervd4,0.0
hnufakhrlsf2mw4f,0.04139476918557403
zogswajhgcgr42lg,0.0
qt2qcsxlkz37w36q,0.0
qdql547vwg2gdh6u,0.0
fkfimprgqvcttmu6,19.468495783420856
mqecjxo2doywqzt3,0.0
uuyxldvdsr53mmae,0.0
wlleeyitqcmcozhn,0.0
cttj2lkdpvoj6niv,0.0
5z4n4gjajzas7l3d,0.0
yfzdkwi5il4pc4lm,0.4135231399800199
dv7h2sozor7l5vqf,0.0
vphndkp5qcm7gqrp,1.3506636681098594
467w2wgyc372fr4q,0.0
6u6ek5rvbwy3ijem,0.0
ogl7iib2szexyuqc,0.0
vxfbdw4fabwcd5ka,0.0
g5et6g44zwn3bm26,3.6965645998583834
hlryuiufl4vumu73,0.0
gxkesuk63d7zj6l3,0.0
qx5jif465qpvyxsu,0.0
rnbqh2fpwxxblkxy,11.696031742725063
kgfhx5gknyodb64u,0.0
o3yhv5s5wjhnfkzl,0.0
jogirdwtgy66tgjg,0.0020477874782215827
tulbrfosmipcf4cj,0.0
vwxvzhmelkpppnk3,0.0
7to2p6utxny5422s,0.0
3v4d57ftthhczxna,0.0
nwcqdeuyxe6if6pk,0.0
n5nznvoj5mmhnrga,0.0
kmemkatngpetupzc,0.0
6pceqi53cr6o5rkf,0.0
ginzot62jyaplcny,0.0
szf5vvsk6qaxo7ug,0.0
cvwvedvukewcsliq,82.5021921989917
f2o5vwqyglluim6q,0.0
njgwoar4owru3wdf,63.751739051979904
t2fkerer2qlrvay3,0.0035183763745877572
x6pi4bhz3lj65y63,0.0
asvombcyatvbz3ko,0.0
tbv3uhykw24cvkxe,0.0
pcyjhom3wceo3fmz,0.0
jwjqnjqkf4t7t4hk,0.0
lpb74uaeschlka5y,0.0
l5ie7l2r6c22fowl,0.0
2xttnhsib2kusnpq,0.0
pnokx3cjlxrv74uk,0.0
6q2fokffya7xan27,0.0
ubffsvqks52rm56e,0.0
dibgkhqjqbavb2fa,0.016027383014528856
eo675yjkwjm7fud4,0.0
c5pfghq7gnddwgpj,0.0
mmwxkof2ztoctrnd,0.0
u46trybquuw6tr37,0.0
lkgj5xgtz5uyc6l6,0.0
jkebajsdjfmh3xgm,0.0
ieay62pqzmhmjwso,0.0
nudfdq5dty7ngsu6,0.0
fn7ozh6sk5l3r7or,0.0
i2er2hcl7djayrpy,100.97690475409948
gaxylavck6ghjbu5,0.0
r75fsu6nnfevbe4l,0.0
grc77uwtegz2ikk6,0.0
3ggylnjx6tene3wg,0.0
lab4flzxbhpksmr5,87.95654244544022
3sgb3iytt7rtd4an,0.0
3vpnkekt5dqauk7t,35.05198704791678
h3c675h63bzrmluy,93.08295488170018
k5gwistvplvik6kq,0.0
mgrvbbrmerolf2tm,4.0094197202376
7xztexnm4n5um4my,0.0
jtgu7pxdaymgazi6,0.0
v36odviw7jc2ipiw,0.0
xzvmy6edaw7dzots,0.0
veuv4zw2nxxhmufx,0.0
b2lwyewasgt552qa,0.0
ypngiafudrofmczn,0.0
q3henghy3iy64wmv,0.0
ggdvgpse7mw6hgeb,0.0
fgfe2vtetpntmvit,0.0
4bljtpmktyv2ggan,0.0
qffvmowvpjswqz33,0.0
llmct5e75fqcrmo7,0.0
qi7kxuxnlpcjwnmd,53.22348756603925
7zhtvqnuu34cyqit,0.004613742691541335
kkoxxgpkxqtelacp,0.004677459217860891
rus5bogcsamql6uc,0.0
dtwdcbjjcq6h577n,0.0
52tgaftwtzzhk5ec,0.0
tryfpafsrtgkawos,60.024785123644534
arehmks7rtavvgsr,0.0
iib7kf23s4xwwqu2,0.0
ljb43jcw53twznhs,0.0
u4jr2rhxzsbpzevy,0.0
3tx3k2okcodvwjry,0.0
3lu4sin3f5fecys3,0.001599918526041074
mjujh3cyjcmoloml,0.0
hqq6kc75rvfrkwt6,0.0
73djrgj253pkbzlb,0.0
gappo7fmo7d2phcu,0.0
s3wy47lssiemaxc7,0.0011457180504007628
tj5ueg5oan4pt7s6,0.0
2g4c7ejhjpuifss3,0.0
coii4kcyt54633zh,0.0
adblvisq73544ju3,0.0
y4stwhsgeklc6qpt,0.0
nznprx2526vxrpx2,0.0
s7bm3mvkv5bgvvjt,0.0
v5xp35yrq5d3la3c,0.0
nf6mvi34efcfjmkp,0.0
b2szywt6oygj4lmt,0.0
aekpetxaczgzi2cp,0.0
kd5zljwwn3zd4gub,0.9776276538530521
mq2fwlrwntrmqblj,69.668302155822
43tpogbopwm27kxe,0.0
nflljpwn46yxhq5s,0.0
lnv4qmgpw6rv2ht5,0.0
dlvc3wxa5vq5gwge,0.0
5ogaa24gvq2h5o7n,0.0
mkway7axgqhb2vj2,0.0
spa5j2ydo5qbvt2s,0.0
4gt4owq5pqcsyjfx,0.0
jl7z74bnb2ilibaq,0.01602395191626651
ukhm5uv5iyndjxqd,0.0
drcsfi233isxy3o7,59.84017816163712
fsihxndxhro356fo,43.60062743689473
6iibtsgsusgmdas4,0.0010340095011107712
rxbcadgphyemg2bs,0.0
erx53p3zubia5rxt,0.0010849754115448084
n25zpd3cwbprll3e,0.0
zluhutns2iv7n2h2,0.0
x5wks3meo5k4tylj,0.09507023696870816
3kdf5jd52u5sdjez,0.0
2tnp3klevlkmdkqy,62.59717832364979
23zhaeewcen7pzye,0.0
hju2r7lb64gfoic7,0.0
64ypppfipwlf77hr,0.046409329232074616
efphdrn6vmxikw6a,0.0
jkbgvyosnkutscgy,0.0
4zbwjypniydynq2p,0.0
i3ciljgdzvlhei5y,64.63601644127975
6ktufhdbfdfqk3w7,0.0
bknasr27rz4vn54c,0.0
2msdponphz4qkpjp,0.0
nxzl24uddb3f2aqp,0.0
v5n32idkmyiwrwsi,0.004717571492371402
mgrl7wcncc7demuw,0.03746746065817345
2eljena7ytd4h5c7,0.0
k2qnbk7ewjiukrw7,0.0
wqjhwa2hivifcmit,0.0
7hu43jd4sfle3gy4,103.00368474178606
eajw4o5vgz4f5dc2,0.0
lxykaizlgimrikt2,0.0
d6epvzu45bkgyoxa,0.016027383014528856
2fadx5sotimvjuxg,0.0
2twftewytrmhi6lp,0.622262781136187
fs4s5fjesr3cms2w,58.87649156195522
2pfkv2lwcxnq6f4a,0.0
f2kizpzoelndxq6a,0.0
n7r2rlqtfuw24ayg,0.0
mqvevfvyer7rks6c,0.0
mvv4d57kuqufilnz,0.0
stkunnqy4mdp3f53,0.0
qx5ii4sxhgirrwx2,0.0
mvgghw53wn6heg5m,53.957925674676005
wancmphke36npd5x,67.49705091089308
76ycanzqklsodq34,3.6548563382013857e-10
77gmahjwz63g22jy,0.0
npzuididp6nr52qh,198.71310698378508
4bnrjv6w56z34kiu,0.0
kakulgzeenkqybam,82.01018235039054
uqsodwlxwirygyly,0.0
x6m7tprryuigbt4k,0.0
iduzyjwcmlaknecc,0.0
qd56ddpwuqrqolib,0.0
qbs6s52zok5hiho2,0.0
tp4qk66enjf6hitz,0.0
yjolk6ymvui4zwr2,0.0
tidgap2eeesropyx,0.0
bdkdtrlvvmshvc5y,0.08590017559368407
zc4icjpiw5ocgmuh,89.09435618532804
jkq2265slaw5jbfa,0.0
ixhtgdypdxr2utwk,0.0
v3pkx6a3ejsyufqw,0.0
7gyqmt57w7onjeua,0.0
wzayhkzqhouy6ux3,0.0
nzbvnxyy2y6msdkh,0.0
jservlzxxb6pkvdr,20.220527599141672
2qqmv2e2fvcqpdda,0.0
qe4ze3f66crcbbpt,0.0004197063769412741
xi5unsdw3wi2oy4p,0.0
5n46xjkohp7t6jk5,0.0
wosqptgj4v54wyx5,0.0
ad2i7dum3f6ipn2j,0.0
qsejbxgyg4kghi4c,1.613475277691765
sd6i4moxdqpnqy3z,57.25508149331337
jt3b4gc33vjsih4w,72.85245152605131
46zjqt2gt5diej2a,0.0
n5woant5zud6v5qt,0.009020815307356836
4vinoxdzeuy2zp2n,67.04769972972647
55d7biv3y2624cck,0.0
tgpo6r44qwmft2vw,46.74731608660428
eysm7q7bxa3lgaco,0.0
p7rykubk7kscjdqp,0.0012546223976627753
cbzj5td2me442gyy,0.0
ddxsvxw7gqgv4gbe,1.2743412017174802
y2kf3bm6iefehhun,0.43994301787010226
iyfdd3mstvp4u6v7,0.0050932856877578215
fcpzxg7abwyoy3kk,0.0
6wy3zhymmfitezln,0.0
ak2sxgzewhckmjyz,81.36968422838542
vibixnutdbpzxtvg,0.0
pfrryokpug5ydinl,16.848783802408885
li7ri2gvhitjl7hu,0.0
de42tyvwbum6onz4,89.73799833808795
xgilbq6vrx72skpz,0.0
4nvymeauafwm5ysd,0.0
u2rtqf4fcsrswbub,0.0
fwvqgbgwj5cn5hvg,0.0
ztoe233rtslqoknq,0.0
nb4d74sirgwp5az6,0.0
fgg4loha2ooiq5h2,0.0
fytvwxl2x5w3uwdv,0.0
2t35l3qvxtdk2roa,0.03468120150289906
kvuhcyj6vfhuifjt,29.940510374136746
vommpfpnh4fhgaqj,0.0
xbvbnxugmvjc5jeb,0.0
hhftzsfjakzvsswr,0.0
lesgmdk7idhbrts3,53.76100943041673
xtjwla2gcrexpscv,56.69140896650315
fttxheuawsn5k7ru,1.5865224349736676e-05
g5hxbbfcwwmgi3ed,0.0
2qihic37bzyh362s,0.0
lgm66jn6fqqtxu5o,16.84585088424666
fvbx75bbraawv3pr,0.0
mz5t5oxwgwx53oco,124.54682477467938
dp4mhob7vtxdgbwv,0.0
545sd2aju3z4gydi,0.0
whlm53gx4fjc6boj,0.0
j5jwub2udnwat64r,0.0
5vgarj37p3rrbz3f,0.0
25afm5a57mzrbdnm,0.0
7japuhpssygkkqlh,0.008977756383188778
emspiv44vgf7feuv,0.0
ie7miiyymtz4ah4v,0.0
rhgucxos64c4xdrj,0.0
k2e5rur6rtbziv52,0.0
f6spcw3tgv47k3kv,0.0
afopamq3raj2ds67,0.0
6uhrjtvgoo4xin66,0.0
5in5aqu3yxka2zto,0.0
bxqv5454jtsdtgfu,72.59612353300562
ult2k7c3ounruec5,0.03857323016536632
x2hpliofpegjwkwf,1.47800761037369
bdw7xigxz7oerpig,0.0
kcugtoncenvst6cp,0.0
7mg3c5wc2mki6dhw,0.0
uuxlud4tizlgqbfa,87.7629999788479
ymcatfsf5sp3i6bk,0.0
6lcdh7ycsmjrfq4j,0.0
7ggn2xzxluolgj3d,1.887116193162747e-05
nvn6ozw3mt67rl7p,0.0
vtv2fohuy3dptum4,0.0
srigeskbqcv526sq,0.0
zr2k5tpxe3aenzhe,0.0
lyliskyfdqyou5yr,0.001124956010213111
3jxhj2ocypiee223,0.0
2teanlgywr7tarjg,0.0
sm5ud2bykpyrzhhq,0.0
hnno3jnz6bmttikd,0.0
tiyrzez4nvrlzloi,0.0
eajj7wctei7ulatz,0.0
ltvwx3ttg5eozini,0.0
e67bhriiqpnksnqg,0.0
tzipd67sghya2cgp,65.68816078257979
bnt5xpgdvz4zsg43,0.0
74arntjc2p65uvxk,0.0
ykobsb3ftnpawlmy,0.0
icpbo6nznecjwdyb,0.0
6j2r2tptbzsii5c5,124.50365448564253
faq5r6kgfubmlhw4,54.01585887358058
m4ophhbfoja6epfb,0.0
qcmytryo2iv4j4iu,101.55835667595393
3fr34plewe2duaa4,47.042975720517816
ce5icg3yhsx43oas,0.0
nci2nmqp4ic2rifm,0.17132398460062687
wuihgl4yl53zx5bn,0.0
g555euylqcngzwtd,0.0
w5tn6wmvrmgpm7cj,0.0
ym62xdgtfwg6wovu,0.0
4267o5uxs3pddr6k,0.00023564142592828098
lvy6qmqckrnr6hbg,0.0
dc5htmunqwkz2rt7,0.0
cyckq42cujgfsq6i,0.0
xoepzhovmdlw7wrs,0.0
7dqy7det3eysv235,0.0
pmycziwlxqhfbjbl,0.0
6i4jt5lizyw7yqjp,0.0
updyiwkjy5ijljak,0.0
2a4vgmhlcgzlohnb,0.0
3exvn4uq5rkkxcov,0.0
m3ejwfyfoogavjff,0.0
og3iih7ckpqn3bul,0.0
ldmexgijvgse4lt4,0.0
5r4ddcwa2qxaa5pk,0.0011048016095159408
qmsdcobikimohoha,0.0
jo3gkaxhgaqr42zg,0.0
sv3awc2727rohtyy,2.529304695888544e-05
5loo42uxviddm4rg,0.0
2oon5y37hksxr2jk,0.0
jov3rludkaqdejsr,0.0
paoltph5bs6adonm,0.0
ed6zwzp5ntvnmyi4,0.0
uje4v5qadw4lp2pk,0.0
cclxurm75a4c7vet,12.412085621759486
4s5voec7kr3d6imj,0.0
gaycdvckzqfp7zm4,0.0
nqfi5edeq23klbw7,0.0
j3752qmqs34u3nop,0.0
vdc4rqb4h7kyd53k,76.33757026602959
kb4dkez5ca6yyqgm,2.5654775056973174
jhgi3hz5xentaagn,0.0
ourficz6cerob7qb,0.0
gbhey6wd4saxxsfs,0.0
6vdyrbiua6x3dshr,0.0
ppx4hs5rbegvw6x7,0.0
mvjuomk3mnsbgag3,0.0
vohfchzqx2u7xqey,0.0
j7htvesnjr6xitvk,0.0
to2gelzqqynor4rw,0.0
xhfwfgps354c5nyk,0.0
gpck5p6rf7izqgfo,0.03193495893295203
juz3d6onynmrumzb,0.0
jairi5ni45zjhui5,0.0
ffg7a5xihkinslni,0.0
iihoznfaeie5zdnq,21.708742802765506
r7ulvcuxj6dqap4m,0.0
n4gsgrdribgxp4rm,0.0
qzwowxnwhrv7avtp,0.0
skxy3ldul7tm22z5,0.6047233314183031
5ix6r3esqe7ukyjg,0.0
bdhx4ic3af3czkox,0.0
4ily6x5utli6safz,0.0
tar2kaix4dhkousn,0.0
e2yir5asd5lqhj67,0.0
wodlvm4ppbeyvnhj,0.0
sjh3trxs7dxiwuze,0.0010849754115448084
hl3yb77gej5gb3gh,0.0
53cplnx6bnuxskgj,0.008889759590365748
xie7kqmblpaqtkzc,1.176818747623669e-10
aw3jkzg6aq7loofu,0.0
5u4puidtw5ywnutz,0.0
pulr2ef6izgx5v7m,0.0
glx5ttb2p5hycclw,0.0
knwlusscuvoma3mq,0.0
dibahzf5elef4qds,0.0
t4sccej5zdotqym5,0.0
f5gflpur4r6qfd2n,0.0
ps62iyjuvg6im4eh,0.0
iiapvdnfqd3bizpm,0.0
s6f7lyiahe3pvoz2,0.0
jz7wkzxtnurwtz5r,0.0
xycl42xsgtjmfryd,0.0001764217138000124
4qstyqugsmwgn2u4,54.04208416790394
vuilpzxlga6rml2a,0.003593657798880402
7ashdtan4j66rmsc,0.0
65ry7pzor6urpedu,0.0
phflle5modlxqoar,0.0
hrslsjgt3yu5ca7i,0.0
o6zdnd5c5l3q36m6,163.17286115405062
z6lfgkyoo4yxww5a,0.0
iq5l54vul24pbwgl,0.0
qn7dyqfx7qrl3bfh,0.0
a67agbcda5h5n3da,77.80994080273203
dxx6vyezq7umrans,0.0010849754115448084
busgpoq73rhctpkr,0.0
cpzqeppk65aebsgp,0.0
kjt2xp6ekdaofyee,0.0
pjbjd7llk6xh7plb,0.0
jfcvandboas2g5u2,97.56481716689804
horhr4ia3sj5crhh,0.0
or623ad4i37hsxyl,0.0026426799674737567
f65x5dmx646sd5ad,0.0
jlztrcz72y2uuk5s,0.0
evmqt3qgqa6dobb4,0.0
s24u42d5vs73legj,0.0
3p7d6vfsoqaiichj,0.0
lhnjddd72jkg6w3b,0.0
4ms5wesg56ufqzte,60.48494625127115
4b6ml5h2ss7ds7f5,0.0
imabkbe6amlxbhxy,0.0
s64zrhywj2sk26dw,0.0
pf4kahfopbvue5xa,0.056590170659444085
3yqez2nc5p2n6uj7,0.0
bdxiy4il3oqpyyfz,0.0
3ehbg3qbqr2lvacl,0.0
7johjl2nek3sezng,80.75934988268727
czpdnqud5imbztto,0.0
emrysh437vf2miae,0.0011457180504007628
jcezcmbw5uzjgcjj,0.0
ppzjy523smegu5se,0.0
4foskchkcpbfzlj7,0.0
ai77ymtpcu7vqq3k,0.0
mdscjuc5hq62ston,0.0
gfq5yitafn6vbeei,0.0
qaxn4ij5j4y2aayc,0.0
kyroanpspbc4kiij,46.64205653163726
r4w27fsbvcjw46b7,0.0
i5n7uvhwei7xpj35,0.0
5oyr5om5tuv53qic,0.0
gtkfetmjn6ixuijj,0.0
4ahzxpjnugb7vl5s,0.0
476zzasattp42gum,0.0
6vyxabto2ecsjaum,0.0
p6vogty4j7zzkocz,0.0
adxvt5hdsrkixwrg,99.32554889163947
xohhapgbsrhimujc,0.0
qqcgpigio32yy3aw,0.0
lqwmp2rzku7qswfb,0.0
t3n6gpekpbdpvpxw,0.0
ntjvx6abtbeze4t3,0.0
ithjganhiue3h4lc,0.0
wav37yqrjmmmeju2,0.11904806771114158
6runmip53pfz45a3,0.0
zq5lhusmnkudo3wv,9.033744744759735
uunpa3c5ssov5w3t,0.0
jxpytacic2tbt7rl,0.0
ekjdbv7yah22ogw5,0.0
oconsuuldarp6kbr,0.0
ekpbnobpx2nsgqhg,73.36966608205658
hgzcaipmop6bfgth,0.0
ewgh2xa3qhjrcc7z,0.0
jhhmdrr3qv4tyjwk,0.0
ygerwp7wvijxersj,0.0
uzk4pwcuyzrr6tat,0.0
byqv2qywvjspknlp,0.0
6dcdpsm4srig7rkw,0.0
zwklxcmrj5no7gvf,0.0
twysum457s67uwsv,0.0
garm6aosna23krto,0.3353095978165881
sywfzhz2p2lbcrox,0.0
2z2ymnmgungonbzp,63.345186236964146
5o5tydjuunqsw5je,0.0
syvtmxf5ygpv6qx5,0.0
nsz5gsdzl2na6dqq,98.30750591948097
kyowifnlcvujtbxt,0.0
wgv2g74vy3oyc5fk,0.0
xdpvd2e47mfwzvx3,0.0
3tbkvztzaqnosg5h,0.0
cuymobiyifbeuuhu,0.0
wcdfutybfi472vrt,0.0
pumuuz3klqxjyk6u,0.0
v3cwv2vnoz3w4srf,0.0
6muyclvizmyc2zxa,0.0
ckzhfwgas4abyoco,0.0
yieffrukxya7w4qw,41.391413516430006
h7npbtyipd6iobep,0.0
efkhsxgsvxjsn3u6,2.9139274696508877
w4nmr4tixykjewhv,119.60141645779595
hrt4sngozfmofqt5,0.0
bo3qce7ycnl6wwzv,0.0
kg3fuy6loz4j432w,202.666989364433
6whnflplm3vg2szr,0.0
ajv7qwhax6tj2s5r,0.0
w2omsq2s7pkohgbu,0.0
hrygeywpave2kd4o,0.0
6lcfviwvaju73f3j,0.0
qfy76xfge363hxwd,0.0
d6p2gcudexzgfmru,0.0
jiptvkx6hqkjiy2y,0.0
cpc2b4tuk6za6j3q,0.0
deng4kphuw7gkkw4,0.0
53g7uoo5kiiajejl,0.0
ytjurvkrqlrwqfdv,0.0
rn2orug74fcgcoc2,0.0
ruz3jza6mjhezbph,0.0
fhiedahfbvtfwqzv,0.0
z53syvg7k7bww5sz,0.004505269055674555
54va3lg2f4j26dgf,0.0
67e5nftp7r6rxwfe,99.9028566954562
dwb27bubme6p6olo,4.157135077884126
fqvj7vwp6cilr5ch,0.0
dw76yt6szf5cbp3n,114.31755001983474
f43d5sqe3e6iucto,0.0
wei6hccmlr3gx3nu,0.0
khkw2zqx5qemt245,0.0
xanqudud2tvm5d5a,0.0
ojusbovw3lx6exv2,0.0
zojsjjmy6vuo7x4f,0.0
3jlkcunwnhf2hrsy,0.0
sgegfkyscdjt6xzz,0.0
oed75w6rdbozpmu2,0.0
rfk3mmikhervhk6c,0.0
vye3joaedbqyvnlk,0.0
oyz3sx2eh2y4gfym,0.0
n5htr4ehrz76fs2j,0.0
5ytpynyikumdcjps,0.0
s54vfaokcw3tk6sg,0.0
ml54ynkyt2apqmls,0.0
awfxtsieb6c5g4he,0.0
tawom22rgj5xl5t2,0.0
yp5vppr52ui3gnlh,0.0
oi2zdbg4wa3mdrb2,0.0
er32jow5zxlvhu5n,0.002435195571558057
k74igew2yodbxq7w,3.4501726814803666
tcmlkc3ddis6q5pq,0.0643785104753935
pydhhehnqdrnp6ud,0.0
75mby3jwe7mvk6hl,0.0
g2zcdzzm7fzur4rw,0.0
sf3r46yzjcckjqsd,0.0
ornknf4cyahmulmd,0.0
kchu7mbegwqi5uq2,0.0
yxqlyagssyd2eg4r,92.64859400523736
mt3qoqgkmro4bwcu,0.0
dz5tyruy6bpleujy,62.57509111962432
3ga6bzsbejojjgta,0.0
nusdfyw6pp4ajrcz,0.0
oc3yblgywkpaukui,0.0
6yeq2d3fzlgqcawa,0.0
y6bnybm5tidbdjbq,0.0
5lemqbst7junf4qb,0.0
6mrsx3r2rq7qz5ep,0.0
hr44fbmiqebyv3ao,0.0
iyqf4cxaxid4wukw,4.727508285826774e-05
dxd2rh3tli65bg2u,0.0
j5lmpxogwgbledhn,0.0
nwqwezxmt53ebxem,0.0
7r7cggsk3qqkifto,0.0
xhljwrul3xjastzz,0.0
w2xn5247ea6xkst2,0.0
3n5alhzfwh3sxfsi,0.0
u22iy6xt7d3x7te7,0.0
itsporjf2qejlrgv,41.228238140335094
zdcebohj7jrejmy7,0.0
2ddf64haqba2nruv,0.046323837095510835
pdeorpdy2p3sdawu,100.95534692693684
fyrz2u2emqqy4opu,0.0
vn2catkuarw44syu,0.0
pse4ybduoqvvb5c4,0.0
4bazdjfhjpkrnnhk,0.0
a4jfsvhfqiup2ihm,0.0
2nnkf4yntijqirnz,56.60161268757571
jy6klilklauqba6n,0.0
niheqbrnju7srk7y,0.0
ctssyhc2k2mjoxvf,0.0
droe6jtfv2n6fi3z,0.004573816256560374
xma4wdbraz6aqtln,13.982288441707698
jadqvkbl4r2zd6zg,73.60147250316936
gckcua2jzmleoq6r,0.0
r4qwrdar5ueaajvu,0.0
ja4abg4kwi4dhmji,0.0
ussywe2nbxxg5ofg,0.0
avj5l2ztfyepgcaa,0.0
nktlut3sbtihw66u,0.010170596210336712
7hbim6nyd4e6qvaz,0.0
q5nl6n7p274y4qbv,0.003721219247697948
u4voa6bk64tbbasj,0.0
2mztcz3v5rfsiqcl,0.0
qk3v23x66k2x3qwo,0.0011457180504007628
3aar3rsvihmcrjd2,0.0
n54fwzesgx7fu5kj,0.0
5zmx4lzj4te3a6lb,82.51538318968406
ffvi6imlartvlbw5,0.0
rg6qygz3jyb3xvzd,0.0
pajupdanwy2wfapj,0.009795356541576893
r32zhiww3swkqbvq,84.22992545812343
xfarrz6naer4fydq,0.021106783702200992
siqc2osl4n4ik56d,0.0
uarom4iciguq2o56,0.0
ukmux7x3go7zh7vw,21.74482769011214
xbkwby3i6hc3hchw,0.0
r2xch7ppqbstjj47,0.0
lyfefqksaqcoxv5f,0.0
af6xyn5yifamgm6v,0.0
53qmxki3snv6ofxg,0.0
6qvm4xlwbkc46esi,0.0
jclfhramspg7uvqd,0.0041382760449909855
bgpsysay3htgvg3k,78.60084818016473
qp5v4wihcyerekgl,0.0
yr4yk7o7fobc2w7w,0.0
bahre724lm6mph4r,110.5208008585019
3xagvlidlfztz42d,0.0
bhwgypjvmis3dfxz,0.0
ztfdggm3g2ku5erg,0.0
wlrml6i42enrdc73,0.0
j2lxzcpfchtga3ax,0.0
edakatx72klxuzhx,0.004545153985954404
yomkk545zow4c5oy,0.0
zkibpbvh3t7faykl,0.0
mz2gmisexb7cjlti,0.0
soxqa5jjui4agfhp,0.0
3pby6jds7caewkvu,0.0
zu66xkjjinvynzj6,87.47018759510588
j6lchbaq5jgzahqy,0.0
n7cdxprei3cys7xu,0.0
any7fign3pwfzbsg,0.0
gvexxud72uld6cqu,0.0
l6llgosm7ovccsrq,0.0
l2s2tnjbpdwgpr2z,0.0
ekba2gsdrmo2ru3t,0.0
kjrzq2ps277a6uga,0.0
5eubkiupp63oydt7,0.0
lgdyby6daw7nkjha,0.0
4wthizrzm53nrbek,64.07881148258951
e5p6le73xzvbwvqc,0.0
s4choq6al7bmlbed,0.001034211128023093
b4oqahe3kfl3excu,0.0
dworjslmnbztalmr,0.0
6pfhcx7rhkntmnqr,0.0
752sd3qleeszt7zx,0.0
jkahuylgcgxmbdfd,0.0
tblpu3nvg5zeitt7,0.0
wj7fjfdhxc76e25w,0.0
gag6ki5l44afxqoc,0.0
ofpdtybs2khbjyyr,0.0
vafdjbbskpelphvn,0.0010027795692296843
b6vyfdf7kufcyhem,0.0
5m372ezarafro22p,11.107032788303748
arnsctivxhuj5cys,0.0
jxpq53flpuhwhhbr,0.0
uzxnhgmiucarbvve,0.0
u46zzrbkxrscugnv,0.01566862774019872
lbvgbrp6j45aiwu5,3.08011416217954e-07
3t5c344khaidtdcf,0.0011457180504007628
jmepmfravkwbdnlx,0.0
6dwepghokai6o3nh,0.0
hozsbhorvkl67r4h,0.0
mtemfvgrrfiwd3db,0.0
7igfjq3oanlhfaxn,0.0
qjbzbnr7mq5puybe,0.0
i2rtk3acrdmtxt7n,0.021595250263363765
xsevy425xrkygxrk,0.0
77tumn5prcggp3j6,0.0
c2gwxnvs32m7ngki,0.0
hlota4ll5j7mglqh,0.0
r3tm4222ux2ncgvr,0.029926311639471195
laahfrbr7agxjcfw,0.033837771699154987
5lnm37injakdg275,0.0
kl4zg3asd3lyrkxq,0.0
m4qulcomj2v35vme,89.26419343545803
xcpjrssf27mgn7eb,115.57005322326931
5yjzwe6d2v27n3aw,69.50627425560309
cqoknjluzzatkvap,0.0
pbr3urn47ffq5tsc,0.0
v723un3ix2w64u5a,0.5032363079402702
4d2gagza7v7leu4g,0.0
yldroeuwdefa2ib5,0.0
wmozcauilge65ryj,0.0
hgfdzkzmyyg5nb53,0.0
3nesy3slfoxymeq3,0.0
btr2aiwuoas4bsor,0.0
qz7wn26woof5elb7,0.013877424824575612
bbvqgp5skzwq6yba,0.0
4iidqoj267rmvozs,0.0
m2vxahtsozr5fvl6,0.0
zw5ewhchdvbpn7jx,0.0
jxjs2ixp5f23cvtr,0.0
iroxn6ykcwxsu7vp,0.0
sv3kgx6c5q63jg4q,0.0
orsulyejfwwve5at,0.0
e22z75ol5nofnlpd,0.0
e2qmchd3vv4osi3h,208.17011422725
jwc2qbvn44znpuat,0.0
hz2tskaclchk4ufo,0.0
inyh5ur6mwlmexer,0.0
x2t7yaqr2gh4c7gn,67.31264347855371
xhbh6jaunp7ex67c,0.0
6xwh46q22e55igz2,0.0
y4sm3lq3446rz2oi,0.0
fhvljlpuuzpmf3k6,0.0
3r7flpijuuhagiqd,0.0
cz4ckwvyldctlwdy,94.90594473094258
zoodmyvto6efkmkt,0.0
gloddxjtx247lhl5,0.0
aygxgwy7il7zbclu,0.0
yehxgkw5me5rj7v2,54.524701817889756
zjojylud5jewup3v,0.0
hiuwsrin6aidrzdb,0.0
23ytt7ynlbejqjwt,60.648841826638204
zmv7vjo2vtlejind,0.0
t42n4z5rhp3bpgnt,0.00273079208423309
kfqx4yeob73bmzav,0.0
43zsdpsgrt4ww7oa,0.0
pt6oyakdkn3mn5t3,114.1934519620595
wcw56ymvinonkjyr,72.52284844038033
2wll5sqbj2mfax2c,0.0
4wskemnphhvuaemo,0.0
n2b6awlwqn56rxpq,0.0
cn7x5grlw2o235lo,0.0
mirxyw7kpnc7jbef,87.50114843467307
ug5gtzicwpsulolj,0.0
427yyf5ospovf73x,184.7076430832814
6rz2wfywsskx362g,0.05622295348106909
43imrlvjhfkzkfsr,0.0
lae7h6vmhmitx2na,0.0
ysmdv7jkpbs5l3ez,0.0
pu3lyyirxnostvr4,0.004611309321330641
zxqqzsjsq6nt7sit,0.0
ndgr52gra3lrmmpf,0.0
m34dfarnw5dxj4aa,0.01594946915840462
m2wgbn6sx47jav7f,0.0
ucy2cds5u3tm63pp,0.0
lri66meuehsanu4o,0.0
kz74uaxfzd63hopi,4.403166609150447
oqcxonqysau57o4a,0.009413400271661793
a2paf57sc5amk4yl,0.0
mogs6c4yxas766vd,0.0
arddjvy2yzjb264q,0.0
i2yap22zccjj3xzt,10.813082928832207
bqygjlqhdaodaqpb,0.0
6u2bxovdpwto5gnu,0.0
bbxdk75k6c5k6a3r,5.653200574146079e-05
e7p56bj2pugcfree,0.0
klfnairv6gwsl3su,0.0
jvb362myhlg5mvgr,0.0
cperr2q7rfb4tm6c,0.0
dd2eejecbmfzrlev,52.820093585434016
grmen3wocc4bcdqb,0.0
rvsnz5tc4wefc6e3,3.6378631253648043e-06
bx7hvnhv2mjxfn6l,0.0003319923654284333
524onqon32qhacrb,0.0
fcmaxaqx4u2bxnki,0.0
zfy7svv3derd33me,0.0
kbv6t5iapyo73ufg,9.76499870936195e-05
ywtpbh5doac7j7iw,0.0
faegxvu2fuz7bwzu,0.0
oqarudypg4kucr7m,0.0
cz4hecrurqoyfgep,0.0
wm7el2r2b2iohqg2,72.87593880910852
ppw3jqb46q4rb7gu,0.0
h6al65kn6df4k7uz,158.0642791827695
2hbu52uc6pbjajui,17.397238388686056
y3pefdfjtmizdkqh,0.0
hbqxwstiswhumclr,0.0
mijz5k7ehzcxb4dv,0.0
ogb5myjaz3as2bwm,0.0
zwai7yf2ey3uibmy,0.0
hqtoyxrdpby26elu,0.0
bbt5n2exa2uvfds6,0.0
yqdgvn4jyofu6a7x,0.03137332634757023
3fn532u4xx3pj5h4,0.0
fceidzo5knhprhyo,3.046910952429919
qt4bofyhkobfzrjx,0.0
znz462gbf5h2xpt6,0.0
4y75ujj52bqyxdoo,0.0
pkjwutsps7h35ckp,0.0
ucstho3x7glqhono,0.0
s43d2hvtuevjkobr,163.11840705165378
pr42oil5tc472egp,0.0
2rpysxbuezdfnxno,46.92390745125527
cdw3acngxheyk7kk,0.051818042834791966
bcw44peaqxn2ewqh,0.0
oa4jqz4bj6kwgywc,0.0
lfhr37nqqqtusp76,0.0
dgu2podjvx2nvd3a,0.0
s7ehfgob7hvons6r,0.0008496379160215471
zlykuk77e5fy7etl,0.0
t2cif5qd6q5lqn32,0.0025636701091054956
rbzojmorhrs26kfs,0.8461442987953028
r4d4ej4ig2djkg3k,0.0
wkrpgzfqot2vrxpo,0.0
ph57wkzkm5cejosn,0.0
sjbitghp3ogf47tg,0.0
3ayp6rs7xkzixh7l,0.0
cfgsvaavdhof6es5,0.0
bevy6xk7mv7y55if,0.0
pfamn2plqwea6vlc,0.0
3egw5rqbpx5mnckr,0.0
nfnulmziwiiy4636,0.0
tkks5we56hj4wl4k,0.0
2q4356xfhemhi2yp,0.0
cl6kiwmlyqjwprmi,122.17605670851228
idl6m6mfbcy4nhox,0.7376969585039389
laxkmp7ngvbptjpp,0.0
pcypktdy5xw3yy2s,0.0
kiw6dgq2iprnyndj,0.0
42c5ysf4wxbr74pc,52.36916337065322
3r2f7zu3zaaumgaf,2.512157709804374
t6vv7ycgon6bcgil,0.0
3co56oyqsurbid6g,0.0
f4czop6pqr3jdws6,0.0
ohwg3disj6nel6x5,0.005084792219832807
rwablg236dok5nc7,0.0
ljksbb5rr324estf,0.0
dukejuxtosg5d7wb,0.0
vckhjvpbxjdpjpiy,0.0
cw6vxhbg3nq655d6,0.0
ne3g2mlresu26tiu,117.30711375749192
jr4bgvxfa35fls4f,0.0
zjs6uqswqvxz7yab,0.0
xnetgxcepyjltppd,139.4323631026065
uqmuybrbw4pmb2c7,0.0
c35rgf6x5i3mk2wz,9.857819305742339e-05
qv3spzvuh32bjyer,0.031932910790088205
y3igwfo6os5hzdsr,0.0
iahcdrtlzwdi45tc,0.0
dz2fxgx5xqxrfc4h,0.0
pyq4j7ylh3spylts,0.004339932649545649
ueuvypwjvhiq6ttg,61.284846997420736
c4zflxmkuplzh7cu,0.0
f5sekqp7uemdynay,0.0
tf4lcgnmu43upqso,0.003432831998069578
vyg7oxy4obmhjghc,0.0
klgjy2d5a5ji3m4r,8.675469434649339e-08
7zex5nb3whfnc3nd,0.016027383014528856
6bljox67qs2uzfie,0.0
bmzpbaw4pjhyy474,0.3062412729391367
246tdw4zrwbsvyut,0.0
j4h7flvn5cpel7rm,0.0
rg5nipnejfze3cb7,0.0
yinkanpo6nbt6fze,0.0
setg3osgkruriusb,0.0
e4q7t6htjyy5rxoz,5.315648286187864
lkeajg3w363whej4,0.0
nzuixpafs55a35kr,0.0
5mvqrjaeg23l3bdl,0.016129860991599534
3oa7iy4cwjhyqprf,0.0
qdok32fxlwg3hsl2,0.0
mmoih7lb5uxeqh72,78.7054421619941
ulccqdvifj4kfu72,0.0
mfprzrdnjoprsg6l,0.0
3ik4krrz5vpgsg34,0.0
r3z46h6j7g7ncffs,0.0
krfgf7jsshv56fsw,0.0
h7leywh46i6qbrsi,0.0
oqigqo7he73yp6sk,0.0
4uautzfz2s7hlpdv,0.0
3dprkcohxc3qp4yi,0.0
pln4mfpo6m7c277c,0.0
kbslykvr4czgh2np,0.0011457180504007628
ujh4dc4gi4kmz2ir,0.0
ly3zinxyrofk3s4r,0.0
dfpba3ncncavicju,0.0
szks2xgpmsbkpeie,0.0
u7my4lkneouu67nq,50.44686143549933
gr5rrhlwq2uff4cu,0.0
hsmqnr2mclx7abi2,97.4789940461475
b46hvrho3wxsx2rz,0.0
lfdli236gn34jdqy,0.0
bosagojkauzv62df,0.0
vxoec5jt7ecw4dsg,0.0
bvjieueoh7wxe2tq,0.0
jsswk6ekvldo463m,0.0
gcvnf6xknvwp5g27,88.38270207505991
3uoi2ip4ehpbtq3e,4.574693405257841e-06
bhqeftuai4b4o6q4,0.0
a2p3bgkje6fsjqoh,0.0
fx4z4orkqknkkt4k,0.0
fhgsraams4kgvufh,0.0
opedciu44e5lwitj,0.0
rig3w3fr66pvmjsm,0.0
wlkd6upqkqa23q6r,6.566849501052008e-08
uglfzrihppx7a5b3,0.0
svgki65hwoqmjlmp,47.43424757601467
5ueuhc2xs5gembtf,0.0
xfev53xqqv4vrwgt,37.97476803867492
kszfv7myg6bw4blp,0.0
tuaoqkd5swbgrugf,0.0
wraodqwpyeajlktk,0.0
mr6olbjxwwjo2kgn,13.554584793979673
rauwjmgqlp7urytd,0.015444983388638724
454ijtgp7rp4tz34,74.31075483368221
5dnlvzc6wiekoia3,0.0
uo4m3th4pjll2mbn,0.0
csxxciiompmbbz7i,0.0
4pg37sfekvq4b3kk,17.775469257229492
wesa3i6b5qmxehzr,0.0
mtnb3lw6lr3fvs3s,0.0
rpc36t4rj6kcvc6h,0.0
dn7qfebnwwsu5nix,0.0
2i62rfai3odi2ngt,0.0
ba77bjeozcrq4k64,56.956973639605145
iuek73tadkqujvwh,0.0
6f54r4xmikq4mh77,3.0160728242691577
a53oadngakh2y7fk,0.0
rpfpmdjgaosaw7cr,127.7370465258897
2flke3io2ix5gxxe,0.0
x5mdyh5wv4hub2ga,0.0
mmfcdtbel5mum72l,0.0
dmqoeblri7upihj5,0.009795356541576893
n65dee5rzsernvdv,16.25361832612388
6fsfcrsdworl5v7h,0.0
gpxmswiaunops3ud,0.0
mnmgjbkq3vubwgxd,0.0
rhqxyzmxj2mnnmt3,0.0
iv6m665saj2gozvg,62.68160424156401
ozmusgpq6wrrrydk,0.0
bv7pu4nfohdxk6t4,67.78050001957993
hrk3llvspg2og35r,0.0
pp2gz2qiiwgygv32,0.0
kkwaedbyrnjomxzm,0.0
kzvttfhrak6panzu,0.0
ietmrnx2s2ayrloz,0.0
nsoyjwqc2fslser3,0.0
map4hulz6hdudxu5,0.0
wvn2jqflbqrl6m5g,0.0
r5l7z4y4szlwqt2c,0.0
4oy67aelzvvsdj6w,0.0
57dwyae467tyrwdz,0.0
fy57mban26q3k52t,0.0
bv76psdqgl2wur5u,0.0
npx6iphxapu43m7j,0.0
qcowvsylbiypuhtv,0.0
oe3iencs7ptk7cpc,0.004090744734898057
5blxfj3mmw7s3rhb,0.0
xwice3ozo7hjt7vh,4.74739795523135
ubcnj5li35r6s6bj,0.0
ux2qgpxwaqd4lkbq,0.0
at6w2vycko4fzcct,0.0
av7fj75p7vjqkot5,0.0
r5ubczvuqyrxrq53,0.0009583495132273678
xnp7vwknc72ayfrd,0.0
jsc7k5fkhdcvox73,0.0
wcz3pltharu4aj3s,0.0
t3kszvmtpdeu5oqf,76.7313421453434
chl64to3wovc4pp3,0.0
o5mn47wmhmov65tv,79.22024746802921
qjgfo6flsz74ke6a,0.0
3z6ebirsf35stpov,80.28824667362434
hn4tujsa3ksu4s4c,0.0
olqy5sgpaitg3aje,2.032501488602022
gushtrhgxakdu3po,0.0
itjgjjuvpg4rpl77,0.0
v3jwpwdtgyet2y7a,0.0
nacr2lkopz2gqmz6,1.1687601676198286e-05
65umabcauwitjvzy,0.0
rvcii7mxnawuanys,0.0
t5w7kth2y6loyhjj,0.0
ch5cylvvwrwbhiwe,0.0
4mfqkvt2l5ec6mf6,0.0
mkznovyjuxjb5awp,0.0
mydq6qz6skeglyak,0.0
3qo3f4i5p627njze,0.0
pojn5ubobdqyqunf,0.0
qmlwczbwt2anu3f6,0.0
m7wrhni422punmnz,0.0
g4akblcnuaga5bhi,0.0
khrsvi25feju62wd,0.0
vbfgjg7belmyboym,43.55265459271817
xlnnb2mig6z4jeph,0.0
edco5kuxze6di3pj,54.4907313743686
ck4ry4h437kgiob4,0.0
27aousyyargrxfhw,0.0
qjgnfxht4a4zjnc7,0.0008496379160215471
2n7iuwohmtrxz7ko,0.0
emav7yidbzn7ntb6,0.0
rdkwo6ypce5kspuf,0.0
jb6fl6t5kzvj6jvy,0.0
tcufq3syl4rtfntv,0.0
3mnyooua4w66hcb4,71.87197166391141
exlnwkko5emzsrmp,0.0
snm3fwczag5thi3b,0.0
nmsibtc5qjhask2v,68.36095717142018
yyxxszgbvm2wpjcy,0.0
4nfbsjfqhg53wopj,204.38342313972578
3aw6mwumzk54o5bq,0.0
2h2vt5y4p3e4dute,0.0
tvwyj6x4z4fy2a4n,0.0
baz7ezf5dhwdcl2v,0.00015995147041399687
yzkdkm5lu7tous6x,0.0
t2tgzuvvon5tijob,0.0
mqvyhjw3wfph55j4,0.0
7sw2orshobjmeyp2,0.0
w3klyiuzsehlok2p,108.52376141032246
i6h3ljz4ksdr4ffk,0.0
hyhzi4f6tppu5jbc,0.0
hkfgkaslzw35vme6,0.0
hcqf7wtd5dc7zv46,0.0
j6n7byt57pzasdmt,0.0
ev4f4ixsp4wownbz,0.0
5ph57lt6cvclxvvm,0.0
w3ykk2sejm7csq4j,128.45224089560597
uaxosa5fg6r5wwhx,0.0
fhueclaqwyor7epm,0.0
lu3gtxnlob72e7fk,0.0
ngvahyfm3zlfrvbj,0.022734970725616636
tmntdxcloe3qqs7e,0.0
6pbvvcjxgryazcq6,0.0
bhhw3rnsonpe4rxj,0.0
b226ikd52bzchjho,28.85987376740499
5fcfxgxeluz6duqr,0.0
432zulfygf56l6se,0.0
fiknhvzfbsitoyhm,1.8097467867933835e-06
guqmljyrnneugfge,0.0
yilikegs6kh36q64,0.0
wkncboifyvlwsm4l,0.0
tltaogfgk4e7dej6,0.0
g6z5vaccne2opuys,0.0
3bmkmmkup5a7s6ic,0.0
nak3euni2gsgd42c,1.0586145092577042
q2ombduvagcjy42e,0.0
wlnspsmxr3u4kgei,0.0
6ozjfwecebmdsllh,0.0
3mvngch6vj2p2zuo,0.0
35zriikai4wkcpbc,4.344318388146555
i7u35fzq632jk32w,0.021957484823474503
hlrinaykq7k4ugjr,0.0
ngmy7jqizywngaf5,0.0
chl7ocny6ra3jveg,0.0
pxvltvzughv3en4c,0.0
54bgquqe6sxg3xqa,0.0
wliv7thbtaducptr,0.0
7tyqx3qy4qsmh7fc,127.58290593645879
op4p33k6ttuustrq,0.0
o5s2fm4sqagjd4vh,0.0
g6kkqmgnohi4vboy,0.0
mtujfj5446ta5otb,0.0
rswecqnfbv7rxjn2,72.90972919750081
kct6c6pdjbq3fc34,44.06277427840989
llx47whdz7yugaxs,0.0
4ffhizuz3rylibcb,0.0
q74byjzeagubp7oe,0.0
edvpqqwoytwrpjdd,0.0
iia24ah57qmmvqks,0.0
hhidapbtlonyb5vw,0.00418192216623452
n2tcw7q5nl42mhwg,0.0
eiwfwuzstjguylix,73.35384191364874
jcozmpo6nai4lsfg,0.004677459217860891
ot36qmtmnpd6c3ex,63.535395087789695
e4tflq4cwe45peed,0.0
cvw5ehnzkizjal2y,0.0
2prix63h5677hexs,0.0
miavrzhodnvtcgli,0.0
voagb6ryy5lfdxvr,0.0
hxjfos5g4w4b7grm,0.0
xbzmohwy4bjv2ibd,1.73448988832059
iftelgwjj2rhk5q2,0.0
bnhbkfgj52mivlk6,9.969653339212421
rurreqgldp2fargb,0.00979497755481467
yhfftbqn275qt6vm,0.0
z27dqrquxggv2afu,0.0
eztao3hnrzksp23b,0.0
uzzerchf5yjkqwmn,0.0
v6faxc3k2i36kj37,57.27616958271555
24jdyw4l6aoueky4,0.0
ol2637cl6gx2d264,0.0
32dd4nrovmijfkpg,0.0
uofalyrsy44p7u5v,0.0
mbdjunkxep64lwlv,1.1995456973146863
5gfhlzogtpk7ymzx,0.0
bjdccqtqdhotrtwh,74.43368326571974
mqtnrlasn4a6qh6c,0.0
yrkrrk6spjpqdihn,0.0
64wynl45hsupaele,0.0
an6lsjq7krkqwjml,0.0
eszplshhfcs7p7kh,0.0
jcw4m6b6fxz6fyli,0.0
ulmq7ni3y6ax2xuj,0.0
fsm3s5pjfbufldbf,0.0
qvubwo7b6lwcpea6,0.0
xyt6svglllk47i65,0.044068746243786386
svldix4wsbshr4ql,0.0
54p2pwkqihx4mlhk,0.0
nxx7mkbsc7ec2sri,0.0
crywt7a6c72lgame,0.0
qkb3ljd2uqchjdru,0.0
765sll73ukv7pcod,0.0
276ef65ikchazmr2,0.0
leztqcxudey3px4c,0.005552669163766489
eo37txh4ptwfwnl7,0.0
2kiattf73hnzfztw,0.0
pqju4tikub4abh6x,0.0
tadmw7giqw7cxteq,0.0
ri66jhrsd2qu2gxd,0.0
7pkhh3mioxuqen6j,0.0
zwwl2ydaq653xnov,0.0
epjduzadadxuwls6,5.02472574029605e-07
vrpgrhf7cxi46dyf,0.0
lsef5ybfq3bupnbi,0.0
ll6svp66xmoewvyt,0.0009605632516065542
os23jagh75y7xu6t,185.89739732847704
sapw4pdn3hwn6mlc,0.0008496379160215471
xxiiqoqwmf5tcag5,0.0
vggypuwlmmutnkcm,0.0
azjpajbeacha35qc,0.0
vgy3mtwfyauuliyl,0.0
iy667fqnmo6r2a5w,0.0
aoheq7syhaow3lfb,0.0
aoh6nthcnskftniv,1.687653925859149
kugxp7u4f3ketrvj,46.49778201403691
aq5dj3tasrowx4ux,0.0
7j5jbr7m7lfuh6ll,0.0
ktbbftgm2yx6v5ea,0.0
5oysj5hswy7x54ra,0.0
b36bih5sp6svpwq5,0.0
kf5wjy6wfzr4zus6,15.578339951026074
6jonzcy5mw5jsva4,0.0
fifjgvhrxc7ktdn3,0.0
fvzxmzno3vadzjhk,0.0
avo5sqt2kqwrm3cx,0.0
54azabqopzfxtpze,0.0
klg6dfvz3pf5jvp3,0.0
jtxqcti4bneqjtwq,0.0
v5ugkj577gsmq2ou,0.0
wtddggpivb75dzn4,0.0
unflghggugsd4azi,0.0
kpbf4ijivafqm6ho,0.0
rvfilov6fgbraiau,0.0
pdwz3n4ukl6loveu,0.0
v634fow2wlmuzbbv,0.0
t2mucg26qiuu6xos,0.0
yqz2u34mxzr5gmxh,0.0
drzxzd2mx2om27oh,0.0
jde2fbjqzmyl4gik,0.009368252104219094
ekzz3fej6kqojqfn,75.04608599225121
237vvjsh6qjv6ytl,0.0
adtcelqmwbeywubk,53.42685452742742
4nfkrhg7zhiocnw4,0.0
hpuhodrkgttxgel3,0.0
wyhwwruj3fleoedd,0.0
pb2nbfsu5clvhu4c,0.0
tjddcgeh6qnnvzng,0.0
3r32ijc42thobax7,0.0
5myb6ocgatwpwme5,0.0
etoiut3wh2suhjms,0.0
iqepyooafcvbdklk,0.0
d5acu3kaeypaxpyf,0.0
y3mcoxmp4rj4p75d,0.0
qpzakisz2updcrqk,10.004884999827436
itkioqj3ufyik3ti,0.0
rbpzocviubcbiiqt,45.97902700328406
glaw2w2h3xwhhhlx,0.0
nxlqhu7ktispvzwp,0.0
qve7bcr2pl37uvfp,0.0
j4s5sojeebuoixl3,0.0
oeixyowssejwvtel,0.0
xf2ok2lzf2tw6ubc,17.432673238885386
2qdvclkgzib2z44k,0.0
yc7yirr4ct2vfchs,0.0
xjrywu2ubp2voldc,0.0
hmuw7vndpu6yco2m,0.0
cajcxydvj3fod5ub,0.0
5w2fbbaoiqndac7o,0.0
fxseog7u4u7h7oxd,0.0036249463539244665
ijqtwsruqgledklz,0.0
2xs66hviiop3b5gt,0.0
uc472imspnmgvqfv,0.0
57skpe3jasrktryf,9.953434849668717
l54vzdyawwmokspt,0.0026021638631063752
svlmffwnjlo4hjh2,0.0
i4t3eaecal6wok4o,0.0
aunxfudfxaderbqi,0.00418192216623452
7tdlmupcmr62jufv,0.0
utxfxr5z4twhlq4q,0.0
2cakn4u75ca7y2rg,0.0
am4xxincrm566gev,0.0
b3bnp35wiavowpaa,0.0
rhrx6vge7tglrijf,0.013744076737514205
a2meafgov5jjqxpi,0.0
lgrff4jumn2w22c4,0.0
hw53bflpvywg6ll6,0.0
r6iv2x3cdw7afiyj,0.0
53wpjbpycin7rrcu,0.0
wcvkcnmjh7uk3rc6,0.0
ypdqrq4maj6346jl,87.91377700846475
ze77ffpjkp6dfcux,0.0
fptxb2oylazz4ruk,0.0
qz4rqslab6i3v7pu,0.2817529631734992
qd65xiktsadwzvgp,0.0
xxpr3uxsk3wudhhe,0.0
hcpfh3uecaazlvup,0.0
ukkbpfvxrdzoa7cz,0.0
kxoyaly3lwlnpbrn,0.0
az5d6kop7dx3yk2h,0.0011138231860326456
rk2fadi3xwlqvt4o,0.0
tgp5oolwmmjmgaxe,60.04337535270999
wejwfoz64ames26b,0.0
pffe4qn4emj774zi,64.81431823298456
5cjjhc7saghbem62,1.799135140216022
fjbll43lgkvwx36l,43.28577821361
xwmk3hjcdrrb4b2g,0.0
nugdgaon45zpcv5g,74.42805728508972
xvoo3k7t2uw6ht6e,0.008977756383188778
o4dudyyqqfu27wkv,0.0
mwmco3chlpizbd7r,67.6375916746518
cl5jvktg22q6rlqp,0.005452453534810266
fvhix45nkre66mkt,0.0
bid2dlkjxjqpbgtx,0.0
4igqhe2vqvlqbmap,0.0036249463539244665
pbbpcdp6llajmvdr,0.0
7zdcxcgrtazmwv2a,0.0
glalqgxawaw7nieh,0.0
xhbzyqf4tb3f6u64,0.0
rye7xoolqbm4kvfh,0.0
4j2iw676wbiyy6f7,0.0
xxjaxgjzxkozceur,0.0
poovmzywsogxfvk4,0.0
ch3l7cxik6ycdnxn,0.0
ttrsomuhiyepqwqu,4.782903486564376
oqco52bgunrkdnhn,0.0
fq7jezbz5tiuzlfb,0.0
kmoqyoefsbvnlghy,4.244253616351097
mvmpw3ktjg264pgv,0.0
s2tv7zdgurrasyot,0.0
rjfjnoml2fuecwlv,0.0
lqmqroxxbazv7cqk,0.0
g246dien22wkzkd4,43.760108846277745
erm7y6tqncat5yqp,0.0
jhyum7qmuwun2b5m,72.62965480608202
gcsl5fse3pfrf3my,0.0
yz42ewgavl4tvcqi,0.0
ancpriqlj3zgpzyw,0.0
bqdf3dnlmntmxjh4,0.0
red3tgybmvlrtupf,0.6715938494667006
y3awxpx4fq7xxfyi,0.0
uqn5ufmetcq3nmcw,0.0
74il2rnifrphezwd,0.0
tekl2qt6n272jo7l,0.04984394306292611
uht7ilfwtyxl2mqd,0.0
iemdb3vjhqs2qdgw,82.77387961075999
l7gcbqfkwiltc65q,0.0
lvlsxecyvuuipj2s,0.0
fvp5ct32llgohcfm,0.0
g2zt2fr47kudssjm,0.0
t4vp4pkuppa22nsq,0.0
u4zgur3dokne47r3,0.0
adbf6sbhp3tmcyu6,0.0
hsalwem5xfc756pw,0.0
pmsx7n3jenmrt6bu,0.0
wmnj7vgtrxvnpfdw,0.0
fqfy3zxesbhhw2ae,0.0
qs42af24ib6mls4w,0.0
ueokqfyiamhwjojq,0.0
y6pm54ds5d4nel6y,0.0
kykng3tycbnlig7n,0.0
qrpzbom7scrme243,0.0
djnqxkbx22zrsb4r,0.0
pegu2veaomxkjtgh,0.0
dogho5grudkoffwh,0.0
t3yvtlz74mvpevgq,0.0
3sny5s2pwyyb2ij7,0.0051870047541398
clhuvln5wo2ost4g,0.0
mm2ky2clm427iuti,0.0
l2y5ncqbpgz6k2gc,0.0
o4vhpolyj5tfk2fl,0.0
anmyfhpzcnwarda2,0.0
te3a2kfq3l4hzd5q,0.0
t5pnle2ov764mknd,0.0
cyaewpnmq6c6rtf4,84.79963482555016
eh76rph7hdchnk4w,0.0
nwvo7ck3kf67igzk,0.0
fabzvplieecaj4t2,0.0
lzojti7wtfdklslk,0.0
7edgudpngurmuzol,0.0
tfd6o6s2k6vuvngt,0.0
t6dxwj4bbrjymp4c,0.0
m5hnmmmephxtvmn4,0.00418192216623452
dgtebczzwzrbpmjc,0.0
gmapeoiiwi6ekuul,0.0
llqvvseyqb6cktu7,0.0
in7g6cbrvsibeqpc,0.0
q5n5bpqknui7hn5i,0.0
lbgqsdiq3f2tme3o,0.0
rpeyhem2vj6wafv3,0.0
ncdvcbbaeipnmovh,79.4698335025033
zf3hs5rem5nn5fhs,0.0
3e6ziaf4eimlimci,0.0
lexanzfoqns7saqa,0.0
3yjgebj6hhiwgz42,0.0
3gryopmzyd5xgak5,0.0
ftr2flmcmybzcp56,0.0
kc22dt7pgt2fa7oe,0.0
r2mznceize6rsl6n,113.96054850978624
t4vfmjkivly5umnn,0.0
2elkcrwc6lfdjwgm,0.0
elr4jxztfflzffdl,0.0
lxzh3d32xd5hsywt,0.0006208785875461717
m2nd32zt3crnjgtd,46.676802249208784
ea5l4dr6npk4uw63,0.0
te3vlmxfcwuuqklo,0.0
mqijio5gi7ljwtpp,0.0
7gt4l5hhmq2glo3d,0.0
lydfaxwbf672uffz,0.0
cgn7p4xepzuuxhmz,0.0
h7o47j2b23g43a5g,0.0
gmq2dil63ji2h6jr,0.0
xsiwsvuleny2s4j2,0.0
bvg3p7phluuhshnu,0.0
zlztxp44zigsrakt,0.0
vkj3ohqbq62idsly,0.0
p3lbaubn4uhpbnni,0.0
slzcmudpqjvvy4yq,51.3189741750503
u6n62pz5shszhyev,0.0
ikum6xxj62k75sna,0.0
k5yudbik3qxhj5bw,0.0
sqg4v456ik4et5zk,0.0
jn5ypi33ymzrcplm,0.03232811134443736
ma5krt4z3m2nbbya,72.16289829558696
c22ckrmq5fcspgzt,0.0
6zy2trfgikminfk6,0.0
e67a5p2rcmpl45ad,44.35405764800991
e7bhb2echa7zluxi,0.0
xdqdjf3xulkq2l6c,0.2774474909558969
dlk65pj23f26pf4v,86.35008369959915
3h7o2a3yftkwocd3,0.0
sytr4wdkhfqeuj6l,0.0
3l4k62xwik4azmtu,0.0
t53zqfqng225jo74,0.0
4chksenimjwjrosf,0.0
rku3v32ous3pzssx,73.40471167562463
qfjw5glyargpaxco,22.594793246383983
hic2ylbp4cicuqr3,0.0
leqrmzjepyjy4sjq,108.9655145034553
mcpehgts6l6urtbz,18.762886507566783
sgy33hi6xuuekuqx,37.38621149713656
dljuxv4plkdrxysz,0.058129253025293086
vx3rlhss6gsyschd,0.0
bvgkfjqkxeq4wikk,63.54789120905087
blu3tzz2zksfz43n,0.0
ofxtqywyg5f76ugt,0.0
gzuinjaqpfk5hxfy,0.0008496379160215471
h2tlh2lwpcxv5hta,0.0
246gpsozhaelclkv,0.0
g56hbelatbqdzcez,0.0
cdcrei4pikocwx35,0.0
5clkbldt5pfsbqtp,0.0
ayo7yi4on4le7ssm,0.0
qv4hdtixbz4dd6xy,105.07750495740069
gi3xqfrdxo5n35sv,0.0
mk76u5nfvmh7m5tw,0.0
pqt7rrupwkxx7d6m,0.0
nflhun67wr274qwp,0.0
bsnvcy424zy2duav,0.0
52wrobyz25ehdkig,0.0
bxonfsir55vqhkih,0.0
vx7ziz4lcxcui3id,117.0933159434916
lig5hoifqibshla3,0.0
5exmj6s3oqax5ep6,0.0
yuat33he6rl6a6w7,2.5363847531677046
rdmolrgtm2zx62am,0.004635151233558117
nnixzsfuiurlcotq,0.00883430434739793
utcjnvkfxgxplayl,0.0
b57zoby3gef6okhq,116.04787763921391
sfkr5ksoa3mm4g7n,0.0
zc5v7prrdbpkk55p,0.0
gdt7xeouguijy4gp,0.0
ean2d5ddz747xnw5,67.10781956794072
dln3jhkbxx2xlsj7,0.0
hfiyroenjfxebhjz,0.0
ylzprbthbhe3b3qv,0.0
lgcoxcylextmvvid,77.40796775034937
2ts2niedr5gv2xvv,0.10384264241267727
zxgstyeai3j525tc,0.0
gwmtpx3myspskxxo,0.004717834509126511
zmg272al2efk6sh6,0.0
t2xk7ioaw6uqgjwa,0.02757295631903315
5jnha3z353rodhvb,0.0
qeygktgacj2dt4bb,0.0
fk4zy25hfqgbzhdp,0.0
eh2yyqxnjareod5p,0.0
5lftjyiiikb4m4ts,0.0
wsbsafelil5gczvq,0.0
wpv6e3sundhmevbk,0.0
4dz2ugh2f4t2kyuh,0.0
cptvq2xgjk7l7crs,0.0
3mlmwg4tlg3hhmyx,0.0
jxlcgzoxxj3chttp,0.0
rusnbsnwxyp2jcdg,0.0
o46ndgvnemhcr3ik,1.5706325651818267
izv3ixae2tsp2plt,0.0
bl6ecry4dwcensto,0.0
txmbaq6hsi6nq2wk,0.0
ekts6hz5esa27buy,0.0
kz7wdzc4ezkkmocd,0.0
43bzjz4tac3blc6e,0.0
txog57gdswxhsbtx,0.0
jemjm6xl6fnws7ca,0.0
m7sl6uz4w47oggxs,0.0
o7ajpc3nurukpkja,71.6547576888569
j533ex27tttsmglc,0.0
hoctzdtzjidlllw6,0.0
6bfyjgbvaetplckw,0.0
a7qhl4qnoj654c6w,0.0
v7avuo3cdgsnaqjv,0.0
pun7hqm2z4ihykba,0.0
deb63y2kt3usc2xu,0.0
wqsp5vosabgv5ih5,0.0
auzmy3zyz5ilhnpd,0.0
itp2qwu27ayefce5,0.0
vdqs6lgik4pq5xiv,0.0
qwdua5gzyo6vqeb4,149.70900440112337
q3xbjsilbngpr2z2,0.0
cwpxg2r2a7yoz2go,59.36515465091141
4e7k55zckx4cqsov,0.0
xmgyealfwetua3zm,0.0
bgkhbmeakzsod3as,0.0
mhrv7tp6k2a6b7fq,59.07869880630426
jzlatsrbkrjxvnog,50.27979725717793
kynsvm56g5lt2dzz,82.19704614066508
qo2eg6hrgj4v37l4,0.0
5wwturaghkiwr375,0.0
koy7ue5bd3twmdhy,0.0
p6ykrhsdstwdq7eg,0.0
c3nlrf64c7rzigs6,0.0
qsi6h7trc242mx7p,0.0
l3tmpk3f6pk6p25d,0.0
selzmdrewo4gwwrc,0.0
qxhrvcmqhogmjr67,0.0
oabyafekh6y26d5s,0.0
c64nquoeobjsud76,0.0
xnkelfao5af2isie,0.0
xu2sfn3ph5ht3k7k,0.0
5bumrsxl7xq5r4x6,0.0
nwh5d55ewkfw35ql,0.13306104316047163
epof6dqdx3ze5wa7,0.0
engc27y3asl3njvo,0.0
7lq4mv74wzayrgid,0.0
fc7sco76pwfee5f3,0.0
6etv6leqbpyoiaml,78.53091048319163
gvo6c6vgacacyuzu,0.0
jnf5akpuswmwx2xf,0.001085101548018948
3ayufehmnpyik25b,0.0
5iyaj6anenn2oywb,0.0
fvj5jmwquoweu6ka,0.0
gd2tca5n4mtlqo65,0.0
o2wplf6mxblyuff2,0.0
qp6mpbodvy2yhlmx,0.0
ufbbyems7yutrff2,0.0
syfvmcavf5dww2yh,0.0
ijuzriqf2xtgc3aw,0.0
j5oclagrp7tzqiag,0.0
fxagb7ufc4gp3b4c,0.0
5q7s6h4l44f6gfho,0.0
dtmrigr2x3gl4sld,0.0
ee64oliq7ua26vxd,11.159940594356696
o6wla2j4qhep6d63,0.0
wjijr77cbvcdo4jh,80.25936053862861
dhpamka4ra5q2kyx,0.0
se5c2e62wyncp3vj,0.0
utvnalkie6rtbbfn,0.0
xmgrusrar6em3bv6,0.0
kvt4penwbwgyo7se,0.0
bmccqi2mxy7uipnl,0.0
wko3lxasbkmrsspj,0.0
x6vvkduvpqsoshft,0.0
ynfxkqavmxyqb2o6,0.00418192216623452
bcensyqiep7rdj3o,145.75522574098608
dkiqluxg662534kv,0.0
irlijunusfbwmkr6,0.0
eans4jmc4a6wzakj,0.0
hp7utdapl66ol36f,0.0
fl4emiuazlmg4zck,0.0
k24qi3avwxbol6ou,0.0
27nukgldou64ixqd,0.0
ta2ibuuby3qam7vc,0.0
s4w4moe6riigiupp,0.0
qvq5fekjwi3bgnps,2.6519358837890663
hooksa342mbwxphg,0.0
ob76if4xuuhjiskw,0.0
fp2skz576xldkapb,0.0
3wglgnmof7wkrr4f,0.0
i25rqejngrfgauo6,0.0
ypnrs6qsk6dtf5cz,0.09576068660723999
x2ow7xvawduozu7k,58.54791404710814
h6g3uszbswtzzq2b,0.0
3zhxok2e3u26edu4,0.0
neasagcbb3rir5as,0.0
mvnzs5isw3wnpnnz,0.0
kzvpzd52ivjixmhc,88.13510398670627
yr5xry2frpggwpcn,0.0
g6j7asp5tgg6n63c,0.0
vywnuhvfbau5sqg4,0.0
h5nzrzhkux5o2eab,0.0
m2pvcuwtl6bfeaoz,0.0
i5jafneebj5s22tq,0.0
fuah7dng5g2zo646,0.0
pllqlzk7c5m27qov,0.0
4ppkgrc7gfsoc5ap,0.0
a66dy2vfhylvbbw4,0.0
v647th672ofuri3f,0.0
4woslxapu4ltmz5f,0.0
psjbuqimcqrcubpz,0.0
chosghy5rlcqkycn,0.0
hq7n4v5dn6lyojuy,0.0
w4uskxwwfiuqrqvm,0.0001356259497222036
sy6ra27njrxcj4qi,0.0
vhclcydqctkhmwwq,0.0
mdpmiglvcu6biwwx,0.0
tjpoqku4cdxsqx22,0.0
p36qpyfyclkegwuy,0.0
7qjwv5bc4tyhhw7l,0.0
yy7saflijx7isnpr,0.0
pt7xnwd4tu3u3h7z,0.0
kyvblq4gji5ynin6,0.0
iplzyaga7duuizqk,0.0
sectd4c62odd2xen,4.5986805071883
fso4fmhutwyepn2m,0.03328609039383462
cmkqyovglphdvfgj,0.004354236743893301
mhs53lcare7m2cjt,6.19797002785023
zkmlushq7xs7cg7u,0.0
htgqlwqn7yfm5tps,3.4255434031925733
tet5e4v7wn56xws6,0.0
rfcrmyzuor4nbem7,0.0
k5jzjgjafjhvm74d,0.0
pp4uu4womgv4mzv6,43.7583061149313
ycuannczfaefoan2,0.0
jq74wp7rrqojddp5,0.003623021527893811
l6dlhjoph2iyb3ay,0.0
vxuaongpokbg4qil,0.470348771134491
xnbf5grhaykds2vo,0.0
xsc4bawmmqldo3hz,0.0
mqn44nadoz7arqt7,0.0
2wz2psumdxizrwm2,0.2534616669946076
xrbfzwc4m2ejo6df,0.0
j564mltwvovaygb4,0.0
k5j3xqjo5oxqoszt,0.0
krf3eqafdsznvlyf,0.0
sfwlmbz4kbo5vk6y,0.0
2nvgyarymixnlfu3,0.0
lk373mlzarc7py5x,0.0
fakjrbf3gp5ztkmb,0.0
lsuzl4iei7lejmaa,0.0
q4s5flu2volnu6wk,0.0
i3dow2wgyn2od5bd,0.40552498867343617
wt66wlrbqnmcimef,0.0
3xd46uwiqcgc76fj,0.0
ywtkkvuzq5gry7vb,0.0
yhrcauz5cp2wtpbf,0.0
2qas6mhitrxncjlu,0.0
z57n3teeu7bg7tda,0.0
hahgmodt5k6o73rr,0.0
z53hwm6kvvfcv64h,0.0
aqptuekndrii3h7f,0.0
6nkjycdzg6sbknfa,0.0
ggl3vbwqfogwifjr,0.0
j3rgq4674nud5ijv,0.0
nmmxoy252huedq34,0.0
aqhn5iwshy7m7tsd,62.824931992549445
3jydeqtbnbl26dbn,0.0
ntmvouva2hrpre2g,0.0
ak5jneueipkwahd7,0.0
m3jjv6pkguqrziws,0.0
e4z2zzrxbgziavyw,0.0
eaizazfwiidwtq3u,0.0
35smn5xx524nddid,0.0
jg26hhex2s7gvrvm,0.0
kfbt7hv356cvwr7h,0.0
jaruyd7qwnat4o3f,0.0
z6pbr4u4l4lc7rct,0.0
ct36y42cg2xscqky,0.0
kjl6py2nfang2k72,0.005294725685184527
xktgrwa5kp67nfam,0.0
xapr5kmf6qph3zy3,0.0
xgykxhcse76e73z6,91.95627834684166
cqqshqwjoyk7fu6c,0.0
246chikbsyamnkez,0.0
zt4azjlyz6gpwzwl,0.0
4c2vzpykimzpu4wy,0.0
mslvn6ch4czchstt,0.0
m5iq6lnnf7czuz5f,0.0
qmlxjqp3yd2d4qak,15.636078613165257
gk6joyeovuk3hqxu,0.0
uccg24zqgbmckewl,0.9228446979634285
ul5jlp6veth4tvuh,0.0
spahbwt5a5xmfd35,0.0
6nmkxhmouukpnhwo,0.0
2uh4fec2z2obonmy,0.0
qmougbvqcgeirbat,0.0
geub3ewa3kg72u6a,0.0
r2xvtubdxagzfo5s,0.009332245962522225
ryymbfetgnedjki3,0.0
f765ijptcnyqo4na,0.0
6hcuxvyc3buf3lhw,0.0
v6dtgsienkun633e,0.0
i22aypjyvazj35yb,0.0
h5cgmrh35drpopzb,0.0
szgmvwxrgynqkkux,0.0
gthpgmu73pmuhxnk,0.0
ijeew4z75zs7d7pz,60.783662832986685
6nn7c4mtu3qjfmp2,0.0
qzpzfq3nmx7u65nr,0.0
apxkxwiaqw25vuzh,0.0
sfjnt3fb6mgojs47,0.0
f52iaerkzzu42x7k,0.0
zpa7gtv7ubfkhlaz,0.0
wavqatyni4ntzovc,0.0
w7lithdic4dti5px,0.0
76q7z7fapvlgzxli,0.0
twtsyorbi6wnnjd4,0.0
6fsnnwf2rhtk7ljp,8.675469434649339e-08
zpsiphwjbkeksrrc,0.0
5si2rrwysjeurhdh,0.0
k7vi7urm76fphpic,0.0046125247513269674
7lxa7cevekjvddlz,11.34243027062746
t3ognsomqjlb2572,0.0
7qndkih4usqnpx4x,0.0
hj2sjezu6hc77bkj,0.0
orpclpcswuzkshl7,0.0
3xkulefngyoqhuhk,0.0
ehyq2s5p2vyfkyoz,0.0
j76i6pvaqpl3rcng,74.78202255140805
jnixk6a35iozfiby,0.0
dtlbadtuihtrtm6e,0.0
uvm52teloadkxxha,0.0
uvhucxlujkzjtqcx,0.0
gagooiciyymvvdnf,0.0
q3aajjcxjp4wbyn4,0.0
i4czvwr5odkxqjmi,0.0
ozoy4l6nhvqvenyc,0.00897667044575573
nsinotsol2scit3p,0.0
ulhybzs3ttpsvdtf,0.0
yym4op4qhpvg7uxw,0.0
r5nkvyunqbfxlu3m,0.0
w5edi2ucbie5uxwn,0.0
echabrsvmpumnz3b,0.0
2khm62fptvwukfru,0.008004970988795624
xiun2tp4gbxhjkv3,0.0
fqcmsklyu77d7z3x,0.0
bcssnr3zpepjy2j7,0.0
xa2etl4kdofhrhdn,0.0
wnldkh3xttcfroie,0.0
ovxnzcbcpod2mklr,0.0
6nolfhrdyxgc5wuw,0.0
anfdl2nrpskkoslk,0.0
r44qzzfedtnbe3af,0.0
qflj7s6lcp5gfjoy,0.0
kqdw6gne532cghav,0.0
hvz63jq2nuqiakse,0.0
arf3o3mets5as2a2,0.0
4zzwdzmupjbr5hbh,0.0
ap62qr6cqnbqbgrd,0.0
2tusrckuhedx2zsu,0.0
nvuwz5jrzgxopuwx,0.009425356043967159
qqyz7z5n7snwjzgh,0.0
umwvpwe2hapaoutc,0.0
zf65mrqhah4sk5hx,0.0
b6fxsfvuw32q5x3d,63.22272408714173
t4phugn3swupxosb,0.05209146120005277
umzv6gaylrflwnex,0.0
pj53rducojn7vwgj,61.34313468736822
unkrwde3xew5dcyt,0.5883969734630082
b73l2nmsfsvacnk6,0.0
yuqrhmsrxufcffuq,0.0
sbhzgh5zee2c4xcp,0.0
uuy77u6cggnv6utv,0.0
pxok3cyeo3nt3brx,0.0
wo527tji55dqciuq,0.0
yyayrndrc6nmaepy,86.19450760078257
cb7d6q2ak7efjdi5,179.17300352620393
riopwllqukyar3og,0.0
onbssjlcrhtom36b,0.00012640105956427625
cmzrtnfzlitaxf72,0.0
k3oufqkzoqmhukah,2.275764837232818
rtsgvfjs75rjguhf,0.0
wr67lb5wmtsfifk4,0.0
2u2qhrvwdcltvzmi,0.0
kxwjyjcmwxjvaujy,0.0
qiixfbm722gb3jpc,0.0
d3qvg4u26rthmsff,0.0
fiwlwyk3tli45ae5,0.0
jfynq6zl3ti46pa4,0.0
fiyby4a3m2kq3ahg,11.128619832912007
hpthqp4lcuckib65,0.0
ak5bb3fukpi6fzrs,63.29773312451049
ksg3k4i4g4g2ep22,0.0
4qpcjqmwowht5xgb,0.07397536178385497
sauzmmjp2enn2zfb,0.0
oy2j4thjktc4onat,0.0010151536922805855
rsovt46rwcte4eur,0.5213295899015843
773zeemqgq4t5a34,0.0
a6eryqv33nkah6ch,0.0
ylu3f73qdd5mfavf,0.0
ye3k6mqsykeoavpp,76.5480781554652
eimnc62l4lxsflhw,0.0
vouc44demhbs7vqm,0.0
4aw4wzutxg4peg33,0.0
c764xns26tvoynci,0.0
7mjicw3e63uckjmc,0.0
ott745arpoa7b35o,0.0
nujq4b2oowgd5n4a,0.0
qweoctvfmz7dmnpy,65.9113569290766
axj64ayig25w3yo6,0.0
vtqivd7mxs7mugvp,77.98437962290095
5wanvm5m5x6h4oum,78.9607528421559
uvimu5hxpji6rel2,0.0
eqpiisp4hqkl45ln,0.0
4elrhlkoaes6iw4e,74.42658068658152
7si6c5clrtrjax7m,0.0
naigpzqgojqyguib,0.0
mrbrqjqc5wczspaq,0.0
p3k367kn7vkqvsqv,0.0
p3q6htkbbfuvef6g,0.0
5kjfbpayheplm77b,0.0
ipbyyz52lxjx5kas,0.0
5xa7hgsu4kvlyovi,0.001104465950426991
dzf5ctsjpbby4ea5,0.0
supxshit5u3dwvfh,0.0
mx47c5j6vftrbrkb,0.0
urwazzhlugezbkge,0.0
b3rptxntieayuc7w,0.0045928100614142375
7eq7odsfsk5fv2na,0.0
pduuxjzuo6ag3ndu,0.0
c7jdz2st6lzytuaq,76.01452980345
uqtelpbzoc6lnxdm,0.0
nsogrqtic4io26sm,0.0
pwvkqodf7erjrk62,0.0
o4p5nlxaflyf6jc6,0.0
3x5eqv566vbnlp5z,0.0
welt7b4tcnufq2c2,0.0
6biqkzdc4fnqyo5c,0.0
bdkj6hbsgiwnyt6p,0.0
2szge7lqfou2euld,63.05512643805292
76mbwet7fd62c2gl,0.0
pykvgucy5t6mixye,0.0
yv54yctihgewinws,0.0
yhwyklgs6duuv233,0.0
utpz7soiadyqcqi4,0.0
hvumgp5c52w4s4vs,0.0
tctqjvyowrezcvjw,8.675469434649339e-08
fbf64id347chrsbr,0.0
kijclu7zgzjcbowe,0.0
fyncs5djviuxfbhr,0.0
ndnb45c3fcejewog,0.0011457180504007628
phq6dn26nawdo3fj,0.0
de6vhbgkgour5csl,0.0
vbmvkhsx52dwk3s5,0.0
rmvmwukigmr4skof,0.0
l3skfezkhula2nx2,0.0007303496512868594
3owhvrtywvpuwlir,0.0
7j7orv6yfb4r2jk7,1.9134160740187634e-07
35dd2oztyklheybb,0.0
6d66dc65krpywaab,0.0
vdk6dmzilozzwtsi,0.0
efghdlzijk23k3nx,0.0
nrwoya6h6vq3qyft,0.0
5vyjgyy4heeiq46z,0.0
g7mlegmnrt6fnixm,0.0
65fkqr6pgfglxv7l,0.0
2upfphm5wil76li5,0.0
i6flsuzrceywt3bs,0.0
lymyw5nsdeqwbuek,0.0043974079486481885
fuvwnn7jpixkwmwp,0.0
dsbvzvlnourpespd,0.0
6cdazqbytgyovibm,5.2951545604857895
d6ylyjgtmunli6pu,0.0
5xn6yaobuitcw6tg,4.778866932471813e-06
shletkd6buqka2ol,0.0
adbxqeeu7r2uwdik,0.0
2bbjmkdrkrjq2byk,0.0
gal3akuj3dom2fep,0.0
kwketndoy4epiftk,0.0
gvnub7aoje5ebz75,0.0
e2c2h63mfj5o7ly2,0.0
ndx34glovwscnr3h,0.0
zsfnp7ftmocpe3n3,0.0
qvg4lpmqwbtzj5p3,0.0
eh7youybuu7gvlpc,0.0
eerztpzxnuvwl6oi,0.0
p5op54h7i6zpaq2c,0.0
aj2uxz6gkloufvgc,0.0
f4vpok6np64to36z,0.0
32xqwrxqz4liqgjt,0.0
6yhlxuje7efo72mo,0.0
p5bpdbkb3yu4ylxv,0.0
ioer5udtpsleuy5r,0.0
opvh6tnpfcj5vqid,152.76838546647315
qlyb5sx7upveym4l,0.0
h54w3dngmvqvbxsr,0.0
7v33rp6nazg3xdlk,0.0
v63xohdwws33l77s,0.10674834028519706
xtzpyiko25ky2rar,93.34869237617238
kbwdu6eok3kpyvel,0.0
htcrj7jp7sroapaj,52.377735681456656
zd7eyxjfrlwuvtd6,0.0
3wdehyhyiktqzhmv,0.0
zdk3vtc3c4kuoivn,0.0501404594270203
iawfcc2b2b5velhf,0.0
5wjw6dkhfbe3uues,0.0
nfkxy2mlrgq5lb63,0.0
b2gwirk5rkjj4rsn,0.0
np64d27plfp4oofh,0.0
o7yx4ny6rx2qqgkg,0.0
l7gxwzexkgx5spou,0.0
vxi3zwohz25kaoqw,0.0
i4lhsgh5a5ua7ian,0.0
zfxlprncnsw5qa6p,0.0
fub45sxjuemfewe7,0.0
p7dprosuq4565apw,61.21744922539207
ccqmecbt6rjq6z6l,0.0
txap5c7b4cqv2a5m,0.0
mxvik74ao5xavjgy,0.0
2d3mjmeszeh2pvok,0.0
fyiisrlg3newjwpg,0.0
7ipx2qhvt7ujs6ns,0.0
zek242d5upur34t7,0.0
4baw22kfxxlagd6m,0.0
5atli43odjx6upqs,0.0
tw3wkoqesynvvujn,0.0
4nzn7y2f4vivxvaf,0.0
x2wfzoyimiacnney,0.0
gbhfyblbovbbmeg2,0.0
upaivefolrsx3cnv,0.0
7k7sqdxdluv6uifa,0.0
ahbgy7om5ie2cete,0.0
vbmfji355huckuy7,3.0971829727571363
5nmwogsmghnnu3so,0.0
cnklkceisj2ordd7,0.0
kahijqn67gqdwzu3,0.0
cieo4rn4ogybdufx,0.0
aqdypm55hpkg2yy4,0.0
ephmv3pg575nopgk,0.0
3ysurrkxlrvi2lvh,0.0
6nxm4pltw2k5w2ln,99.91286294364996
y7h3vvbntvbxkkev,0.00418192216623452
j3msxjkcby3mlw45,0.0
znlln4pd7inxp54v,0.0
bg7qlmoppcbgsoi3,0.0
l53niruv6kulyhqe,0.0
lc3xmrs5bqclppg4,0.00038543766992815286
n6qfvcere37rnqzb,0.0
w4aobitejktkwoqp,4.258793981023828
l7nuhn4eiurotn33,0.0
czqio7kjs3gdvonx,0.0
25hvwfj6sw73iffa,0.0
zr5jzyi56ctqvh6i,0.0
bh2pgubtylwy7iu6,52.62042431255746
pr6z27xrevgij4gm,0.0
q6vxwklfkwojoy4h,0.0
c364q6ftb52m7vuu,0.0
gkycdxgesgdolqj6,0.0
mqholyoqjxk3rjco,0.0
swtgqfnunlxc7u6a,0.0
p43qeacwbbhewudg,0.0
nhlopfxjgp5vctjp,0.0
lnkavezsplsgcyjt,0.0
amlwobobyp6eyllz,0.0
zhd237zxvajwlc2g,0.0
hju6u5h3qkkev4ut,0.0
vq56qb2iaquss5zn,0.0
hsk3x7kyaw7ojn24,98.77780017122579
ohndwsuonjtmn36d,0.016102047264879724
mgkn3x7nbtt6zndz,0.14203610167721262
3scux6thdzffcksi,0.0
wp3gd4plmi5ggzs3,0.0
ogkwkntoink5dld6,64.3665801726641
qi4jyqnezrl5v7pd,0.0
cc2qvu6bchsgl55f,0.0
dby2cqrzdl54fhv2,0.0
5w7otz7quvttlshl,101.0739245313421
2hcuyl3hranqyfr5,0.0
2rbcksh4c5sxtxem,0.00847427128288881
m7wgvgsjc4rrkt5b,0.0
d2qqrwfsnl6xzriz,0.0
xhvtzniw3zwi76dy,90.10538392031629
3nvuyt2tcpm3dpvl,0.0
s4e3dyaa75nu3nrp,0.0
zdyr2n3exctz2fyg,0.0
rir67wrzmqcwkkox,3.7614406266833558
s3vppntalmtwgt5u,0.0
myfdvf7yhsrqqb6g,115.4529194958238
t7bsxauk7ysudc2o,0.0
y2angoje7trdnrnp,0.0
ugnkah6p3o6lgis2,0.0
m37no4pgyacdcm6v,0.0
zkmqovjhgdd2bzyy,0.0
oixr2gjsogn6ufyn,0.0
5qi4ariftf6j4qta,0.0
cw674h6db2salxmb,0.0
f2343nps7mwoqswj,0.0
6pianucn5n3mseyd,0.0009583495132273678
tfbgittamffainrj,0.0
7bnoka6dbwpiqbnq,0.0
pq7v7linmknqebn2,58.04092794371056
dp2tr5iexvcpnlct,0.0008511703098991533
w5wjidib7h3trvgn,0.0
gvwr24b7x2d7sxgt,0.0
h6h62fjhha3b6apo,0.0
7z4iujzpkmtu5h6y,0.016102047264879724
u425m5meuhmq3spu,0.004574075235006967
zo4ynkmd5fz564nk,0.0
tn77rytrivfuvygh,0.0
ygpjcmayfixfdsiq,0.0
rcmbv2ck3xdwle4u,68.91700352711935
szsa2e45rryamtak,0.0
23hjn542eemr3mpb,0.0
4xu5kix25h65hnai,0.11521889801321307
hxsqpsqo6ecriufx,0.0
7dye6nysq6djdpdb,0.0
m7lb2qqx5smnfjqt,0.0
eqn2cwrxyitx4rvq,85.56901257259419
shtldtog4qfqct7q,0.0
22mpfwsdhhnxdnvd,0.0
4okcvm7lm2hc67bs,76.84525785346017
syg3hdnzuo533mma,0.0
o2tuqaffvrgjirkc,0.0
3iu24jchjttfngwb,0.0
yzovuxswz2e3aabr,0.0
qby7ayzkzegayx7v,0.004313702054939794
bir7ns5oivgaxalk,0.0
32bs6boge3rmg7iu,0.0
6hbumsxawhf67mue,0.3193111853381365
6b62xslfsxykoksx,0.0
jx5ubja3akxfx2ek,0.0
pbdkks7jzt53aqu7,0.0
frkaerlz3senatda,0.0
h5fpbbde64fva6le,97.44435487835452
jqmbcurrwdk3m43s,141.70248693720418
3y2bbiahbmnly4ko,50.34039144561075
7tvqukpziep3nikl,0.0
czamlxbc4yvtysjo,0.0
gnja5g2uqrgyawlb,0.0
qflyt7rydfjj376o,0.0
segv3xlibu5irtzc,0.0
ia56ph273crc2o3o,9.833200461993346
xzn3oykdcgsb4vkh,0.0
qrhevpvsr4pm6av6,0.004552716119490789
2iajhc4uo5my2kfj,0.0
64rbdu3kkwk2utsi,0.0
3lfg3syduosxbouw,0.0
tbltvsz66li2vbsz,0.0
unt26nb5iygjcatg,0.0
tqx6zl2sqm7jshbl,0.0
ctbixkszcwd6qxi2,0.0
wwy46pqrgqceunpj,0.0
nibyvbntvnmhqtyn,0.0
6vkcjurmuzkg5dx2,0.0
eadbh7edr5izrbop,0.0
d2coxkqcc6etn42p,0.0
5j5myfadql3xy23i,0.0
u4l3fzrxqzqsicgg,0.0010315669308935042
h4w6e4lladuglrqp,60.65195454878069
v24cxsdwnu26ydyq,0.0
iiqx3zqy6kp5m54l,0.0
apvlka7xhcrdm5gg,0.0
o4zg5ns7zfpk7uhr,0.0
mbzxdis5nbalzueu,63.862365196325456
ww4hfzrdfgm6pqq5,0.0
2eyojwwev6iewpfy,0.0
i2dfs7uzqpjnzcx2,0.0
yhj3bjmr4abbr2sp,0.17159673718349872
k3vrw6awvj44xwel,0.0
fpt673futt52zix5,0.0
g65o53saqyffblgq,0.0
w5se3rbzrob7azyj,0.0
ijbho2rjp6d2kkq2,0.0
xk75t5l4s3uu4jm2,93.86483287548359
httcuoi2ss4ujtbu,0.0
obxhp3sp6wbveliz,0.0
afzdqb2fawakz7dw,0.0
qghsg4linaxthjnm,0.0
536znobehcnw5fr7,0.0
pnbizusfravnnkcy,0.0
m27uxcu4thuhgiz3,0.0
mtpigtxy5gavgkdp,0.01714873152383755
ufurvlmcngqwob5r,0.1765888354606042
q7wempx6it6hwrcg,0.0
a3hkbj5arumebkrp,0.0
u4nra2sx5pw4afxz,0.0
2hml6gwy6i54mvvp,0.009795356541576893
mjc36obfc6gq3b3o,79.65074071050523
ngz7qdnb2h7vwbiy,0.0
fca46qlem2e2kz67,0.0
xis62ho7tq4ntpxi,0.0
bkwc4tximllgl3rz,0.0
bd2vhxwwn5jlxi4z,0.40495517977671086
pbiuhy5cylijbgiu,0.0
2ijuj62s7sq3npwg,0.7801311278760948
42n5uibtfgnft6xj,0.0
36o5l7nfv6fp5eum,0.0
374wtiwxc27gdaei,0.0
46o3nyngztyvwjjw,40.15846276348657
pjorohrycyz3zusz,0.0
durx5m6gmbtmvmmf,0.0001397994944360252
ixbbmopua4orvq43,0.0
n7ayq2gxoyhvlo2j,0.0
cqoafkf3dkicjqm5,0.0
dkncfd5qjciwal46,0.0
qqr3ccwyfmzrb5mj,0.0
epzgqg7e364mzal6,0.0
2qndvrvcrvq23l2k,0.0
mf7jdvq5ev4sivoa,0.08184145858866128
jf2djh6ymt3hlsxz,85.35002576215892
voubszlywu4o6x3y,0.0
fswokbgg7bfw3fk4,0.0
buuo37rgq5cvq2wi,0.0
z2zrm37elcaausoi,0.0
ghzd2urbv2vocpvj,0.0
ut7jqaezirt64pua,0.0
igyk2i2jffllqxox,0.0
6h6s2bxu5c6joeqj,0.0
pomqsf6prci2tgvc,98.14511496420495
uqq4fi6sxtqynuro,0.0
rgkpm6mdmhknut7x,0.0
rbpqfjyg7cdtbajg,0.0
z55weybridcwn6zr,0.0
vqdjd7wbgghayejr,0.0
d2zkb3uu42tdtgxf,0.0
kbqjs5nyxqvnqa64,0.0
gf3jfsfrh3jchdon,0.0
zi3jeiezr33kcvip,0.7046357604503345
qs4gaxj4hmqyucq4,0.0
nx6j4xlmssfv4l3i,0.0
b4p7sngq64gpd7pe,0.0
penkqwfhgfyew34f,0.0
ejaysigtfkfjgnvp,0.0
wcavn64stdcvqvze,0.0
5w6uwssqtwl4gz3e,0.0
r2rtuz5ap2f22ihc,0.0
7kfulicsukmh3mcv,0.0
vqz5dtq4aakmbasg,0.0
eibulbl6pexicpls,0.0
54zxs4sozkwllawv,0.0
545ko44ksgsojdtu,0.00418192216623452
joepwbbb7ofvxf7z,0.0
vsruxsclpkd47c3t,0.0
4gap27uk3gigsiof,0.0
lem2kwdz64ptqho2,0.022823880122385568
owlqhfkrneu7kz2t,0.0
dwk2uqjz2smyln6r,0.0
ipawtzsq5akqyzi4,0.0
cinikse2mlp5ra3j,0.0
46wzpwffs54krywp,0.0
ixd2svgc4kdomwol,0.0
fp2zeu2syqdoxmyc,48.45898022102695
ueda4vp7ms5t66ro,0.0
ck6psnoqoh6v4jzj,0.0
vf5tvfto5boi7w74,0.0
mbb4j5nenrvi35yd,0.0
us6abudjd7lctmup,0.0
hwq5vbhgxlyd4hli,0.0
7zxdhzryspuiynuy,0.0
mxpcvyv7k6dfgx6w,0.0
n7zn47hlalhunba3,5.943016277410965e-05
piwiccosfjzoz66h,0.0
hsap4xyqui4g6lte,0.0
4x6y6vuaxxuqeupw,0.0
mxdd5vb5xpoun7ve,0.0
ju5li4b3curbcdjn,78.81608261692008
oryfwykwv5m54r44,0.0
mlsmw67mwqjgrhp7,0.0
dedfon36sefsjber,0.0
p5jbehkpa6cozond,0.0
pqu54q7sjixmvodf,0.0
wytbevllddlzz7hx,0.0
5ctoxcxo5idui4l4,0.0
a5uaefbcgtrwx7jl,0.0
o22wkog7lk6nwwjx,0.0
oqlcxubjfqxkwqzu,0.0
52bpsjibswt3cfx3,0.03237104969945545
757beaahcg76tw5p,8.675469434649339e-08
hfx4462vvvemauo7,0.0
ekrzqbfbo3mxztbp,0.0
uhwbfq2rkiz4ht2h,0.0
teyqrgigumgu4izd,0.0
zcxahysziydjfral,0.03607690741794002
ztnb4rdyywv76wnd,0.0
jxikb3dkbk6kd2fp,53.26359015258534
i7p5crs7ifrxyiy5,0.0
uvwfyoahed33hoay,0.0010031246052381044
vmmulbdryktqajnj,0.0
5xikod762ehkdhg3,0.0
g5npqqoore2yudp7,0.0
mveloyedwfebwxl3,0.004574075235006967
f74ly4myzdutokoz,0.0
auiov2gf3a2qeu4v,0.0
pav4gbxasmv4d2fw,0.00011965316315906082
ogyysi57i3iqm6xc,0.0
2mgyrn4uxrxmw5lm,0.0
jbhermbdpmd7pysv,0.0
76kmdh7bhzk5mmjh,0.0
ymf7cj5sztbwy5fn,0.0
v7v65bwgyxs5mffy,0.004995889347563026
emzgwsj4pimuavxm,0.0
7da5yqnvkhqbi5jk,0.0
ry77ra5kunggz36f,0.0
flv5zbeuz7e7lbdj,0.0
anbkd3cop2qddae3,0.0
scmc5vkjxl5vb5cv,0.0
7huxdrn5na7syili,0.0
ob2mmgtvctm2pe46,0.0
kgga4vbl654j2sxr,0.0
qfp6tamrcjkhjgz2,0.0
qhnkofnkg2br5awu,0.0
bsiu7vrkaii3o3zj,0.004635151233558117
rwzle6wevo25wajg,0.0
s5h5ejdhddlk5i3p,64.03591034279903
xz3ny5h4b7kgkw7n,0.0
rmdsppajdhm55fuh,0.0
qbdmcqoky7ax4ots,0.0
oiykhbsal3w2redq,0.7955224976441656
jzkx4rmj6zatzgzy,0.0
gtdx7bz77haoscy4,0.0
qecbovslwkibdcea,0.0
ori3u575nim6t72u,0.0
uf7zaaovoilky2tu,0.0
rf426wttyrkljaqi,0.0
ol6wcryuunsovbkd,0.013920301950314308
ef66xgioaozkakje,19.545648882436208
5neducifseqz7cgq,0.0
h5qsmkz7htogylft,91.89391555991946
yqi6utgjov2vcm6r,0.0
q3ioa73kogsoxp3a,0.0
rfzfgltei5cerlol,0.0
psyhhhldchlbwjno,0.0
7sgrvfc4kpwn5w25,0.0
kl52d3fb3ynh63yr,137.96303439999497
d5gesdwx2tyahm42,0.0010945633864605463
xee5y3pryrwef3sn,0.0
euluxrvm2bmx34xn,0.0
kpvdpv36unahsmps,0.0
szo2jdmayow2id27,0.0
m5fmj4rqpl76hzxf,0.0
2fbjzgmscig5ucjy,0.0
7qp7etl53kh374m4,0.0
hnnlt5zxr76gqclo,0.0
yt7zmn37znswivuw,0.0
27umyjnxzet5ad6e,0.0
k5zhyqh6sz3to5fs,0.0
m47oitojp7zpuxvv,0.0
v2ngdertlcvfpuwi,2.003433229718266
2a54igflhf3bdzws,0.0
2fh6kezv5gp3tezq,0.0
dmoujh7ieefe7dgl,0.0
drfolbnjifhl2xgi,2.33737829804112
bbrv5wn7zmtpursg,0.0
3svlhysq4d73rbxs,55.238427231738086
ivpowllmjsatfpex,0.0
mwp7xxo2qxzp366m,21.850844392949547
f4z4kmakfuzg4nsz,0.0
akbrfkz7brbpgfkh,0.0
4peyx2nevi2o5nif,0.0
sm7ozlhomdfvt6cs,0.0
cokmdube2rzdqbj3,17.720319428596255
j3772hqowsy2c6dc,112.58639933768828
jva5bcn2q34wch3r,0.0
uyeaa3qi5b5emtkd,0.0
5cpubjmhk6a6zcdp,0.0
swfurvlp3afxf5mv,0.0
dwdmbod5sniizskm,66.27890621041051
ucj7rnfoadd2af2h,0.01009000022851486
xec4ip6yomaowirs,107.4223510082972
ufjims7mcaz3labu,0.0
yxqzioeulrl5zo3w,0.0
ug3xpm6dodflrsor,0.0
zfoyfj4qb2hi3qgd,0.0
j5xi4v5ca6nxcwa7,0.0
qtow4qujukg5gkmj,0.0
ts3wfhwdol5t2a4r,0.0
4jeza52sb3eiv6nn,0.0
nosf34ghpofyjcjv,0.0
qrcftpbcre2xb3sa,0.0
ov6cqv4lt46dzs55,0.0
vzoinbua23if3my3,0.0
cyhz4e3pupma3u6s,0.003460446096226968
kdz3iyl2epn2r552,0.0
kp4xjsusou2via4x,16.738591226419008
qzxx2ffgjjn7hlkl,0.0
eg73mrvrb5yeadaj,0.0
vg7lua6um5qzwnod,0.0
pbk3ug35ks2dtclx,0.0
jk7v5ra3tr6tw7d5,0.0
fqed3fbnqod53pyo,0.0
txvjchvced4lglpw,0.0
xkpwjcxfdexm2zci,6.796094031226073
ffckf4dxjo7wlnsi,0.0
mtddl555uir5xkhx,0.0
d7uzppu7sywkzher,0.0
kaipk3kypth5zil2,0.0
n32tmf2icll6ggpo,0.0
rpbvqj7tkjsxoweg,0.001034211128023093
uv3omz2mgahhfvpt,0.0
5w3pesmxmfyv2lng,0.0
rjsmcbo5riscbed6,177.85951032825844
antrkgbtqvx5zpau,0.0
yyfudgc5la62sv77,0.0
3uofq3fujqmm3cij,0.0
jezmhyr5r5z7hx36,0.0
2co4jk5hwx64sfys,0.3838369571796501
7rjdgnohjjv4b4cn,0.0
7dxh6uevozhziwvq,0.0
t7n4aewjl43m2nnp,46.00620953117798
wnfmf7wh6rnstnzu,15.188468141179507
utomhmph5nwauvmw,0.0
ffoynrpgsg4r3zt3,0.0
wr7fvvnnczew5qth,0.0
okghd7mdo5q7p5ey,16.92424031133272
iagfz43mzhgmdmbg,0.0
upner3z6exwsuogh,0.0
vvaghiulynvt77r5,0.0
dvduc5m2kszruceb,20.3910740940555
4azcsucxicexbmno,0.0
st2ecahjbknkqbvk,0.0
on57wbrjnb36d3fr,0.0
fyl2kgfccpfubccu,0.0037990377421238
hksoxcucpoce3ndz,0.0
emqrcjwwlixosvvc,0.0
dnyj3skndpowhqxd,0.0
pdva6c55snpvyc3b,0.0
hyxuy4wpemgdiy7j,0.0
bxgu3gpktruixnu6,0.0
4jnaviovunefrpnz,39.8091672676207
g54jxogrsizl3ml2,0.0
p7zpanr3kldhugev,0.0
zyvvw5cvzttogsih,3.4742232188946574
dkzs6hu6lnxdjx6d,0.0
g4w5hv7ovuwa43g3,0.0
4nwmcqtuwfhtckph,16.55761620518635
ubh5mbkyzens2nok,0.0
elah54ro5ocoytua,0.0
ndu4e66ggw2nmfwh,0.0
a7ydovczgwldiwdu,0.0
graj7m5ctm6aaac6,0.0
6nl3n33cyqsroy4p,0.0
is5r2nhfwtjvp353,0.0
ewflzp5qydea46aj,0.0
iwfbvg6wfoxbs4nw,0.0
b3xdksrpguz45fa6,0.0
767cky5qf26cv2bd,0.0
ghhr7lijqvjypnen,0.0
erkltizs6fgfxkib,0.0
z2t5twgu7ap7fidv,0.0
kve7bint4xd7pxp2,0.0
xucymaywdrdcnday,0.0
7ft5pazzcn74ezi6,0.0
2bsguyiszmtztohu,0.0
vdyhun7esbl5ba4s,0.0
orlhymheodnhoefw,0.0
fctunxids77oenjt,0.0
esjkwqbslfcvbg3b,0.0
coh5ceyd3fradyec,0.0
3sfjyww5vydls6kr,0.0
zsqmdqgf7bxkgvlx,0.0
woio557yfqum7kaj,0.0
xmklc5eow7rjlalt,0.0
owvsxlqyyjdxd53z,68.46029540304615
lnoyc4dmcnk6hlg5,0.0
t4t3oau222q3qixw,0.0010651033610767162
5m2mbopjbzgtri6x,0.0
vq5htuk3mxiqzg3i,3.7014633427758277
bzqvaacv2t6p4ehb,0.0
uzm6fvtmwf3bagi3,0.0
hcbyogzindyss4ho,0.0
4eai4kem7nmajaer,0.0
hn5fecutv4qkqiev,0.0
7ojo2mwbdrg2ukua,0.0
qwva4y3jbskbxm6u,0.0
hgnvqzodopmp2oyu,0.0
x6qvvnswrcl2ko4r,0.0
44evbuzufbjvi7hd,0.0
n5tuligff5hdqo7b,0.0
touhv7b4ismb3ffy,0.0
scjlmkvizwvsdnbp,0.0
xa4zpuocdtxgmbtd,0.0
t42jae5yymzouie5,0.0
3kylehtqppb4plrt,0.0
j6dtuk7zowmacxyp,0.0
sbmvsaxy3bgrk7ht,0.0
szuqa3lkstvw22m6,0.0
bttb72wafyqcjv2v,0.0
apc4daeuk37br4kx,0.0
gofmrahbu3m7hsen,0.0
q2ueuxau5ilyflv6,0.0
lvjvnukgq2qmpm5b,0.0
oyi7ohltq765oa23,0.0
qi5vbnxj7v7lgpen,0.0
6womwfhcc5kw2q7j,0.0
7nj75kbaa7mlecst,46.85748709430882
k6ybcdb4yafz7eij,63.49123480609512
kfgcawzltn47hfhc,0.0
fhfpiso3ncmkb2mw,0.0
t67g57o5bbuhsveg,0.0
lyohgpou4ynygjxw,0.0
r6ssptmnr2kwl7oe,4.572425431541367
diyvjpa4ahb5ysng,16.224957097418987
htq2ewrzgak64guk,0.0
v3zrefn23niouc2y,68.10295457259595
zwjhhpi3xes4jshy,0.0
egyhrx676hr3jtjv,0.0
noacsnozd32sqvae,0.0
4f4xii4qi54td63d,0.0
5e5xl6fbyhmshddo,0.0
azmgnumwyhdpzkxz,0.0
m6emlf4va6tiyg53,0.0
7q6kwkqel3hbzxlr,0.0
lgk4ybfbst5cn5uc,0.0
rxzqiphkcfmi2j22,0.0
bkwqbg5re3xbd6ea,0.0
kpapxdlseioaqfak,123.48230428789125
fxmis57ie4xpr3ax,108.63815618781705
tp2qukv6oyzqj54s,0.0
c3ju626ioxhdkayr,0.0
trjf3ryhaw3nr3f4,0.0
aouxuanpezmuj453,0.0
mhciesa2pflyox4q,0.0
qp5kuadncau4fkan,0.0
zhwgkgaempuvyjvv,0.0
wz3vq43dhlv4uubs,0.7373580482147208
3zmick2kok6mqw2w,0.0
g4754ft6eya4ydty,53.02047177821466
m4b5a57gqrcabyrf,0.5378595731303425
7mszcqcpliw5hjmd,0.0
rtzoxi7aodeekesf,54.10155768785167
7blvbc6u32di6avc,0.03457254416687276
wvyebpzkdkf54qbu,0.0
arrljb7sgsg2pxip,0.0
ctjm62r6i5ceht74,0.0
xrb6fhz2rau3il3a,0.0
qxpoj7toqwkciqb3,0.0
cjhkhln73envaxna,0.0
d2le7u3q5l2rkpwk,0.0009155147687189752
g4dxd35pdfpmjdvv,0.0
ndrbsyy3yfufjaiv,0.0
ovgznqfbnklhcqwn,0.0
2lstrbdy6j45udi7,76.77346236399994
hb5nnn2uqmtvuhw2,0.0008873283228534848
o462jbxw7mfjwn36,0.0
sytmzaqptdedkxbj,0.0
fcj5x6lcagkhcnbl,0.0
dwzzowbhu7mt37nz,0.0
jyuf23odbvevnliu,0.0
u5rd2naadtwf3f7k,0.0
6qlfxl2srw5x7zu4,0.0
bxw5rwfoixv3zkuo,95.54509258188193
wc6bys53yevfvmwq,0.0
ndcs2pe23kd4w5cc,0.0
mysbav5uwi7ey4se,0.0
24im5ldx7ne6n7fl,70.82557419935567
bqw47x64sgvkapmd,0.0
tqdripglprjji3h3,0.0
5jmcewcsaehmysg6,60.867308161380855
2eufmd2g7sfddtvh,0.0
q7ryimaomqk6535n,0.0
udl3hxux7kndh3hq,112.89979185961762
glcvovt6l632divw,0.0
jbnma7se7fxjjy5r,0.0
ugkxrzdijpaji4uu,0.0
tvrf7jzmnwpawx43,0.0
pe2rf5ocixb6qwm2,0.0
ch25explmkvrl6ry,0.0
4fzhyozig7ydl7fr,0.0
xchonwtz3x5tyqgg,0.0
mxv237cgz5myxoyw,0.0
2sctk4ssgcbc6ejt,0.0
72owzb6fzwlkzsfz,0.0
7puo2tb74bx5wt5t,0.0
dkwjnbp44c7d6ajv,117.4350600770806
hac3ohz2bijn4gqh,0.0
3sshtbdnkljbrx55,0.0
xq5hwflb5crryuh3,0.0
nt4d2zlicritgzjh,0.0
vwq2iuwvcwfn4tjd,0.01932952704396178
t5sn3ckio2lbocam,0.0
ylqhexvwzehcrmcp,14.583219504026971
bbtdl3wqy7nti4qj,0.0
tteg3dchugn7oyor,0.0
o5wfxabvoitukpga,0.0
vbruf5hyqkmts64e,0.0
oo4awntv2rt5xzdm,0.0
5ezoa2qer6hthrng,0.0
pdttsu6zqczee6lx,0.00836130533816646
7sonicplonu4kpr6,0.0
hgvcwnnbl7fipuus,0.0
ddg6ub5hit3gbrbz,0.0
b66uqwki63qmvoml,0.0
6ebm2hg333doezfq,0.0
u2epba5ci5dqvfkr,0.0
7dlszda2t7reezc3,0.0
rze27sdjbc2jf4kw,0.0
ti6lzja2xbdgupt7,12.821047613418463
wqg7dpjtsyvitfix,59.54290012987384
bxs6ljh3tsswigw2,0.0
f4h226sjrbggno6n,0.0
7dbq4beddoer2zuk,76.01721430950984
glhkhykgdzsyfxz2,65.4965333052542
qnjcwvl5boixvojv,0.0
4tqmgbtml5r3eyio,0.0
v6vzm3zalobdsbjl,13.52479119356663
gk4cyi44perrojug,0.0
tuxsti6qo6imd3xv,0.0
3syrtqpesybkghvq,0.0
ahalsh6ek7jarvf6,65.72088189454769
6v2vfodwvzvn7nie,0.0
ai7kc654fkblmafv,0.0
6oorhw2d2lut5atp,0.0009240358372686479
cpnnqqbbdsvkttgz,0.0
4lswim6zyig2gglj,0.0
ved7rg6rkoyvk7aq,0.0
4qh2natcbkvz4kqv,0.0
4eu46rykgjmzvdcn,0.0
owiplw4gfb6gzrj6,0.0
p255rkzsgp2mm3rl,0.0
lhbltw6sx7tpkpsd,12.2938062785156
tmppuvw6vm7kyavd,0.0
odjrcrkktm2i65pp,0.0
wlmxmhp24onjmc4m,0.0
37tkvvk4nj5h4olm,0.0
duxrblmi5risnrbk,0.0
tajfjfebgrtpp2xt,0.0
36lbpyrvpyz7ga5r,0.858765756303736
vgek4f4srg5plmfu,0.0
nqcehwx6vo6ozodf,0.0
6e4rlvw27fvzo3dw,0.0
wunewyfoha2gh6vv,0.0
32dtpgzjnsvn4kwg,0.0
kzaghqdce34vr2nl,0.0
6xmvohyuu3jfm3v3,0.0
4a2xywlq6et65jwh,0.0
uez2brfdatvzcldo,0.0011048016095159408
lfgwhudge4rqy2ea,0.0
2aaidnb5li77coia,0.0
bwtpcyidq2spkdc6,0.0
fdzeg4vvhxo2d3ob,0.0
n7n3ftvfk763dsxh,0.0
tiyqptx3jzbjow2x,0.0
6ktxuytj2pusqri4,109.9011923799521
bc7azepklcmhc3hl,0.016102047264879724
jmhkc4zsudu2ui4e,0.0
vba4vedahnrumod7,0.0
5dinft33o54ap2jl,0.0
wliaklngdf3aprhu,0.0
az35k6xfjiaoxlvn,0.0
hhccccawz4l7qz7c,0.0
lf6sujvkos4k62i5,0.0
qm6uigadxdwalavv,115.71510024682763
g5kjmnulk3n3lcpf,0.0
drcwjcooixcijl3b,2.6512848891476617
3o76z2tnrd6c5ve2,0.0
62g5zb2thoywd6is,0.0
ib7raioj3piennlq,0.0
c5fw4344z3xsbo27,0.0
umfspfvbf67p7yfy,0.0
jxfqhzbxz74jlpmk,0.0
db36cicjhpxm33xi,1.4518047260541897e-05
y6ciuhdy2ci6dx33,0.0
q42d6cc3ecrves7w,0.0
2lkuzsjtgizv5guj,8.31088689567596
s5ot24c4hx5uzany,0.0
ow7k3o32b4a6byfz,0.0
nmcaucuw2l3eo2qi,72.88064486504004
z2tcao5npsqjka27,0.0
6io7p42sfxvig37z,0.022823880122385568
2zksboj6p5yl4o2p,0.0
iwxbi36qjjdkattv,0.0
5ghpbwz2hyehwbk5,43.24410320277397
nfezvuixchppqh53,0.0
mfmpgop32e65uhoo,0.0
t6nw762q34zsxdmf,0.0
75jkwdhr74javskb,0.0
efzroczy2eoilzgs,57.79142221684557
quu2gxiudthl6mj2,0.0
kdobots2d5xpgenp,0.0
v36p27n3cdigshep,0.011815194493116098
pxenvr4sz4kkx6ow,0.0
nnemee7ktblnlpkq,0.0
r7qtqmk2t4h4n65u,37.921785692817885
fwzx3sywzdz3yplz,63.225451694203834
bqz7k54be2u77d4y,0.0
pltx5c5ebdsgry2n,0.0
2thbjooh4wiyikz3,0.0
sp457wppmimvcial,0.0
k4d5lovo36gagznu,0.0
75nouyybh7elxde5,106.5079112999398
u4ysrwg6jmogdejm,0.0
pexpzvplqpqusf6w,0.0
luqunjoe3rvwlzy6,0.0
xcpkohwjuwtbbjxf,0.0
7jhmwf657ltbo2sc,15.654532594019537
smxxyfxofabhrwv3,0.0
4eh3xa4szterbhkc,0.11006823805921348
icp2nn4t26hfczlj,0.0
rboox3vdihcajjds,14.341230774640684
75ps7v3e22wbgsai,0.006036598875604475
fuctcaivr6mnxnu6,0.0
z5pw7hgdk3mkytii,131.68021002140358
2md4maa47nca465t,0.0
vs5yurjymmzgwd7g,0.0
amq4nty3lbzyhzp2,0.0
4muof3tltvoogda7,0.0
ur4mqhhrj7tidlmk,0.0
cgqreksherf7dr2c,0.0
bcyv4jgy6flmvvkc,0.0
bgcv6uhsjeetfr7u,0.0
zibvh7xlieblhvei,0.0
qxybympwbgsdn3jj,0.0003779832646077803
fgbgk3pfy5u7m2w3,0.0
ou7oopyfhdi4kzbw,0.00407234934868896
jdx5zw5fyvg666jg,0.0
6izljaspf2wcjzly,0.0
vc2u3wcbxlczclev,0.0
kyr7bkjtjin4e6kk,0.0
7hi26aw6tx5adbfc,0.0
yrzcb67nluzowxba,0.0
jnvfy6zitu6reuzl,0.0
dzcjs2s56m4rboou,0.004552974499889733
vzpzfzjy6o7ayn2q,0.0
odfhpf4nbvwdoaqi,0.0
rtdddu44ti7x6ikt,6.682157481264876
4qn3ultxbrbgf3r6,0.0
xhvuadogbv4qqxhn,0.0
njoekim6yasq3hto,0.0
rfuoced3fj34mrar,0.0
2zpdqmyftxcpxbya,0.0
hkmzyqtcw7dhzupa,0.0
itfitfz3gbr2jyoc,0.0
whbg2wbbjolt44zt,43.02798426060555
fhb36ri66sm5zali,0.0
dl27sguz2o2s2o2r,0.0
dtrznfkk5ey5scqy,0.0
thceu65rsfyfggey,0.0
oqlngjyb42bjuyh6,0.0
3bfhjasvsmt7nv5m,0.0
6svo4ckdlikskj4u,18.15959222403855
hwtkz3drwau4f25s,0.0
ugdzu7jnawprjmmp,59.092394601898846
voqo4m7jboe3rcap,0.0
ptrqhxrz5p2melfz,1.164520757051058
vslsa2bt4h4iyyrr,0.0
q2ksa6ij7lwa6xwv,0.0
esnhxbj55rhxqglf,70.70245351495157
6llmdbohh5z437hf,0.0
v7daoo2xjoqbbjqc,0.0
cg2a7lqjgoidcart,0.0
7lphq7kasglzuauz,0.0
nqzbuvrbduucli5c,0.0
dbfrgvwaw42sozsb,0.0
5z43dtds32wmtllm,0.0
yx77dvs33a4lsg6o,68.5698129249334
v5jwm4uis4qrf7bd,0.0
xs3buoog6x6vk3bs,0.0
zzujip6qizmu5hqa,0.0
q4pla6tjdely4bef,0.0
azgqpddejeza6aaz,0.0
yzhormbhqssg3a4z,0.0
xkfnm2icpi4s7vjh,0.0
6hvfurmtmunvlwbk,0.0
motm43j7clrw7hkq,0.0
xnj2oclmemibfy27,0.0
g4o6lh6xxkns3e7s,0.0
2dksz7ewzffzvnv5,0.0
35vmafs4qbx2bfnc,0.0
zanyngiscae7kpvy,0.0
yfap3mjahcbwsboz,0.0
sbwphdief7sizqnr,0.0
2ys4omahldz3c5jl,0.0
5p4g2c6jwzii3dn6,0.0
w4ig46xcjy3fpklv,0.0
xynrgd7ez6mqeotw,0.0
wrsjur3r6pjxtxhg,0.0
s4bk7zse4hotgpfh,0.0
mrahjot24rqaabxw,0.0
xoo2wjg3mwiz2nus,0.0
4tebzqozswjz34er,0.0
6q6qachvzeorkb64,0.0
tp5g6gg6agcd3zag,0.0
w3r7pbpa3ykzldlq,0.0
l5ufxzqonadymatb,63.78818209130496
5dvm7cqgqd4eqkf3,73.1927555594338
tzsuur6psghd37b5,0.0
w4mfyeb2bvgaadza,0.0
iw74revo4jyhoxk5,0.0
nhlh5xfzsylyimng,0.0
eagw35hz3ucjrswi,76.21009636594688
vj6gv62neak74lmf,0.0
gkzjbpxwo6uzyczs,0.0
eftx7nektyvhnpxh,4.660633785564145
c5tfv3hwumea7ysp,0.0
uszsy6nhpq6gmfif,0.0
6xwbaledpore5twh,0.0
smu5tbdts7pne4xp,0.0
74q43r5q5u7t2kkp,25.532764767370303
jqaokworr5gswck4,0.0
6jdeyinup6bcqyiw,0.0
dtxyblue3xb6bnkt,0.0
glkdc2aiiigbzssr,0.0
6xwsejgl3zxq7vi5,0.0
bqzz6kjjyzb3rb2t,0.0
unxldfbzdwhpfjfj,0.0
n4h3wwetbzwnapg6,0.0
uixpiewtylxxmtnr,0.001124956010213111
ex2xhohunf4fkkd2,0.0
fyon7wj3fqmshmsb,0.0
3arfujhunhfisjat,0.0
5efvuzu6snliw6bf,0.0011048016095159408
z6oy2kzuowgw7op5,0.0
etq4ejnyoslnqwqr,0.0
rjglfrsnpiflrwie,59.330427528230985
xr6ajflhhtmohx7l,0.02175435398049464
vwxfo7iyovkjjkx6,131.09384716592155
cpjxm77bgj4zl6sa,0.0
3kms7p4dqrguessh,0.0
eg5d74cuw7lnbq7z,77.52582067665027
xlrgpojzq6lszmgb,11.627319151035676
k756votclhu3npu5,0.0
e3avpmgtpcowl5kt,6.0053218833246405
uop3huptaikgzomn,0.0
wfysu4z4nbfdlq3c,0.0
qju2xi5rifte5e2n,0.0
n3bsrku4qbz6izy6,0.014255698265495843
nsimlxxl7o6uzupv,0.0
j5qvqblbhccuk5ik,8.705925960766143
fw2xsi6oc4o6s36r,0.0
7tqpywrelyufnmx5,0.0
4w5kdqm76gzaq5fp,0.0
lremq7chiv6r5mdx,0.0
qsutr4ucpyg6cxzt,0.0
ivgmg7ck3xgephrk,0.0
izdqmpbvh4lev6zv,1.800554362836403
wa6r4rqmervuomoc,0.0
w7arbjheex7timqn,0.0
ajxvi4krlwbxsylw,0.0
bqews7vnncfsn5xu,0.0
tfvpsbodujqtfzot,0.0
zxvpicu27mhlosw4,16.96183999220245
6yr6jhg2gqpguljb,0.0
gd6ywwayejcf33lv,0.0
jp4iaelij5fbg7au,0.0
wymnzdtlit54wkt6,0.0
dc2eanm2mkorvjkm,0.0
bllcm7fjjcca4rv6,0.0
ohv6iinncpojtyjd,0.0
yp3ffm3hcl7zmchb,0.0
seib4d73z5upzhio,0.0
mdotmhviijzmmhw7,0.0
smi7urkzoxe4fijn,0.0
tt2gn7skbltg5esi,0.0
s6rcw3q3icxbsxft,0.0
6yiaonwphbmrnbr5,0.7825000897754723
5hkutcxj44ttuqb2,0.0
2q47ibiw6w6zm4dh,0.0
vyvvsn6omcm7r6xl,0.0
nfvdjeqjnwu4csaq,0.0
pqieswdgbawigxa6,0.0
mmi3dtcwsfdn7h5v,0.0
gazdlzvnac4nkak3,0.005730723178929993
sbf73n4rkutsqyct,0.0
yrsggawz6tpoikc2,0.0
u7b72segw7vfcqtm,18.09463172711921
44xsy7igosguii6i,0.0
siqkaan4xd6abzzm,0.0
irrxmpsdpzrbpopr,8.67534125266341
i2ayor7lb2smtqc6,0.0
ghvczxcljsdshzdk,0.0
d55bgglmv53lk4yb,0.0
ved4mc7gmzrof6r3,13.496599485390051
y22cne2e55y656uu,0.004652880613870117
c4qu7j5vvrwn6mqg,0.0
2s4rv4xlgurzj3el,0.014600735447230787
nnsvt3ee7dnc5vw5,92.64749561286794
zcb2dds7hivy2siz,0.0
r2vn3oqr674epuxw,0.0
h4qu54wl3kvodm2n,0.0
3cs3kwjmb7y6yxx7,0.001033823087480733
iswbn5kkvxq2gm5v,0.0
udr5n5a3t57ghlwd,0.0
t74tulxgwttsivyv,0.0
w7ge7peo7oji6ref,76.63791031868347
cnoelhqozfycyhv7,0.0
ami3txrsc56rlpl5,0.0
awyzailtivqw7q35,0.0
klb3kvj5bfyxa4xo,0.0
acu37t6hv5dcmsuc,0.0
2qv76iscrdrglfem,0.008362353394626975
6uzrmxvkbrf4qfmg,87.09769951565701
k4qhzj764vo6br7m,0.0
j3d2mlzvwppziw2w,0.004437231248838616
cbzwc5jzi7of6hwi,0.0
op7rnfpwjax5f5t7,0.0
h4cbmtqragw77x2g,0.0011457180504007628
acpetmx2guydufuu,0.0
75bu23d27ehengye,0.0
ggras24wut5irhea,0.0
mp5tdpuelvmrhu3e,66.78755014747365
tkliagnurjay3zpu,0.0
7pb4oweuogttlrzw,0.0
dnpmw4vgmrxxd2ju,0.0030956901625207372
c6maot5nqdyzmaqg,0.0
643ox2brixhyss6i,20.199414911868708
kqc7kmtrp2s5te6t,0.0
l3fxmych2h7k6fze,0.0
kyfq2ft7qadsz2j6,0.0
um7tb4wpu7rqv42f,0.0
i7uryv4eyniy7j2v,0.0
wtqfa6hemv4neibg,0.0
oustdspimivygart,0.0
4v23cd2jzfychcs4,0.0
ycbhmdq3e4vunfj6,0.0
iks6resiup6zqshw,0.0
evjoado7ptsyjisk,0.001021868880509299
fywmhdlwtwslaath,0.0
upogdn5dptiyis3k,0.0
vl3rg5rj3j7dyumz,0.0
salve6iuk2qfbhtg,0.0
sfy2j6dzr3nud5t5,0.0
jutatu2yoalox2ei,0.0
dby2sri2z5ps62af,0.0
acgqetx2la2quno4,0.0
vav2qj4bgdluii43,0.0
bckwt2ayetzxukwd,0.0
ljmppu3ci52k4tje,0.006283286954132787
nfooxionhp7pzz6z,0.0
ynma4tzbkebcxzy6,0.0
5batlzgjzgismpmk,0.0
acl2y2zozdwmcuj2,0.0005693342983231441
grjcx6nerwwdd6de,2.3945974931011063
uxkdb7q65cehk6op,0.0
xex24ni7fmkydkzi,0.0
yr3fcnz5njlux4ol,0.0
rto2cikwplfhutgj,0.0
n4pebxoaeeuu2zzk,0.0
qb35meliagc3ohuf,0.0
6vizzzpikuxnxh5j,0.0
ibebscf6gefckaw4,0.0
w4c4kbljy3qjvh7w,0.0
rm72uc2f7nj7jqst,0.003874593853812325
vhg2getu6zstv5ei,0.0
f4iddsuozgy7sfzy,0.0
4umnl7pswth56gk3,0.0
uwduqzqr7weicz77,0.0
kx36rrch2czwi272,0.0
zkmsjo6kgsi377bz,16.282039674880938
yxtplgfbesdhmeee,0.0
tdbvp6rbgcoiqkot,0.0
lhgig46cidlzbf7v,0.0
4w7raqczquqve346,0.0
p2e4j23iwx2xump6,0.0
w63t4p3jqrejhqx6,0.0
dsbc2a2j47sptxzd,102.77398197110625
nnqmjd6rz6sgpgua,0.0
3verjg4ajo6zdtlh,0.0
fspbbpvjwo2uwagi,0.0
6h7da6khzmfpfjfh,0.0
f64pqzyyd3nfw2gf,0.0
akdlpwi7y3swh3dz,68.35570212566668
ane3tbw2zywsrcnv,0.0
a5hn5lcs65aqwc67,0.0
v63w7jzxmfx7tt4c,0.0
cnmpyw5vcdey4eam,0.0
ji4t25srlxdowkif,0.0
qb6szlnzseqqkuco,0.0
mm6mqwwxriyt3bra,0.0
o3i3kddlc3u3mhg4,0.0
3rbqsplkeukpez73,0.0
cf6mw4nvziacecna,0.0
3rufmvj6wctnkyzt,0.0
zplnosftj774w5f5,0.0
l6rzgjta7or2dz6g,0.0
2wjsibrxw6vyv2zx,3.54299957843212e-05
4i4l4txyz7nr77rj,0.0
d4dm3nf3ipqc6nwu,0.0030956901625207372
pkhkxo6hqu5iyfea,0.0
me4ixauw6k2rntac,13.51477293135521
kob3s3nrihad3b5d,0.0
gnquh2xqmveaayut,0.0
vw7aqknx7pbhmjni,0.0
dbxhmqd5q47utb4f,15.323418104464343
7a75nsyxpv2fdz6q,0.0
7dy5yephuzjf7s75,0.0030956901625207372
h7x5y3mes5kbs7mt,0.0030956901625207372
e6idty6wmc6ruwk7,63.349273983873836
hxnm5ul4wog3gyze,0.4299199334208121
t27nre22k3uwqwwu,0.0
pljdb2rxrtf566ae,0.0
este4gglydbqk74m,0.0
mtzfzweypufudqrz,38.627551365842464
r3g5nkheojissl6u,0.0
kt3wjr3ubt4zkuxc,128.98991745973137
s7fsg6x3ydpuv6z5,0.0
wxiynppxzrxhyvwh,0.0
qk6q2rswf6i4ntgd,0.0
kzitblbl3seijiig,0.0
daekvhvzqmbjzrit,0.691990560659293
y2lzx6keh2o5ezur,74.85525068028845
juqhr55a5ha42y6d,0.0
r5ykvjs5526aiu65,0.005969351711199779
ltkvuhjpxcebovp4,0.03856632735580086
fdfwmmrmncbozllr,0.0
2rvtfuaaqkqkwdue,161.94521164499014
m4hkcqynabmda2kc,0.0
mzw5wlfffqhkorwu,0.0
enp3d4nfqclzcehi,10.95463241845633
rq573cwihhehlhuz,0.0
hruer7kkecfrvaz4,0.0
5yg2ftcky7uhln4d,128.4089568508286
uvvbbs2rfrxqkaj5,0.0032192172256841297
pnpfxbf5y5oivict,143.70361698900706
xcqs5ozwdsuqzhyx,1.5665089439511175
ywz4f75do6aciyyu,0.0
qm2j2p4y7bmsjz4a,0.0
onkgbuqff2ws7q4o,0.0
w7z2d222i3pzclez,0.0
dvjdwddls2l6tlqm,0.0
eqdes2hcn7wfoio2,0.0
r2ca4kg6g3ad4ump,0.0
viojxvkvcyzkx2iu,0.001094167852664267
ydou47flfoxggnzy,0.0011065451458481714
qwp6rnc7kknrvuew,0.0
zbgbtm6k72q2rxci,0.0
frejgwhblj3igbfo,0.0
rehxxc7u5rws4lio,0.0
z23bh67xdjdlilbp,0.0
yd3frg3fdc2eua5m,0.00035092299247758393
tn6yvyuzq5mr4p5o,0.0
pppvneqzuckp2q3f,0.0
mxxzqka46q65llt4,0.0
64jhwpi3uai3sdvz,0.0
vptp7pkakudgj2f5,0.0
tayn2dq3zfudsysi,0.0
wqkq4y55mtquysvz,12.75982783820706
it63r6do5wmtryzu,0.0
7gvi6f73yhagm2ca,0.0
y4fe4lhe2ltmpgug,0.0
blhxw26juqrcdfo5,0.0
rxhmwg7if5rhgdi3,0.0
qqp2ndmfcu6oabym,0.0
57pulq54mpsaud4g,0.0
7jcr7v5i26u7no46,0.0
tqxtnc3sr2jknmkz,0.0
4ka7rl2qnm5rz5oc,0.0
efjrafdaz6xfx24e,88.51703890651692
faeqwrtlhlogdgxv,57.72532598332117
nwf7h2gw6ue7ngep,7.873768488121406
r4nr7bjxifrxjo3x,0.0
xuzrvwe7ciifzlis,0.0
yox247y5ythf65u4,0.0
heuuvhjjvcjuspjc,0.0
i257f4egy2tcsrxd,0.0
djqetsg5uiyklbv6,0.0
to22x2b3ihqn4soy,0.006579823326064628
jih36lye3slil2nd,0.0011045932147855807
p6oeckyb3jg3rxbe,106.5010024797748
gnzgo6icz3iipz2s,0.0
ggc6ex6wm6tr4pep,0.0
jhstnps7ulsfynpv,0.0
hqzyrrhuewadilb2,0.0
5s3uwshayhkasxk2,0.0
2swxwggxhkohnmcf,0.0
in67svr65xakk3uo,0.0
d7u2khahyk66wug4,0.0
hbpcpyolfk3p2aks,0.0
adsgsw5xg3jh44dt,0.0
kaok66bu2p77foim,0.0
27om5v6uoyezcyr5,0.0
bd62jgirfdl73xcu,87.58918331170226
k52fragw5fmus7w2,0.0010750276032658655
j2nflm2tvbmnpi7z,0.24297002136001908
df2wjbb4gk4hngm3,0.0
b7aoihhb7ctm3kxy,100.15719942829968
bhpey6hv33mp3pq5,72.9592833799838
qagrfyqtkz5k7hbe,0.0
ahbiadnxjliqi4gc,0.0
ufegd2ysh6ybycle,0.0
ewl7rry5y544ukib,0.0
yowsut5gfboeuz63,0.0
oyelbet2v3473gln,0.0
mkkei3mcklrnlzvl,0.0
xhvkttvi7mafpo5j,4.813765455516198
6yaa55xn2hg3f4wb,0.015639504290588416
ysz6dfi4tv6o35va,0.0
oikowxobws4mbui4,0.0
2r5iyawgfezsdvso,0.0
zyti5lzlxb3ystvf,0.0
yin6cytqkhzy76ws,74.6434255940014
jpvyak27khv5rzej,0.019587517150248365
w776wndtzrlgh7wk,0.0
o2ljnt7xbzdlwo3t,0.0
nk46fsqx4n3wkq6u,0.0
4pa2x5fb3lfdivra,0.010360651745443605
rzqfjl32sol2lmmh,0.0
diat5hc6ic5yzpdz,0.0
xqrty3dbtcweln72,0.0
wvwfblouybjlrq2l,0.0
guydazd4bokxzxs5,0.0
q33qrnimlp5o4qrx,0.008361780041904401
ioqzaamfica6tgsj,0.0
g2nhetflxx5yp7ga,0.0
ssdxpxdkhgvg2z6m,0.0
fdgd5gxuu5gbhjzh,0.0
3vf6cigifiqtwm2g,0.0
kdkys4lo5jgryqs5,0.0
unuzcxj2nntoxnwn,0.0
xjo3kcseb3akt5pf,0.0
fhza2tbd36zyz2sp,0.0
u4eep5khm4mmb4f6,89.54845316519632
qvs2kd6qotxohvtl,0.0
kef4zjibsgteszgf,0.0
iwrv5l3dtunndyl2,21.541855519970643
g6ki4bfhww6zeota,0.0
4ghn4zpm5ip6qiin,97.61920646764611
2gpo7v3k7zwqgust,0.0
6jmygqyc2y5x5hyk,0.0
y2luxdelnatizykt,0.0
gaqnspdsib6t5aii,0.0
3i26apr5pe3iqbme,0.0
pg6lyhksftiyluvq,0.0
afsneo5kgdn4nlv4,0.0
zy7cenmrmpa2zlqb,0.0
eugj5wequh2ne7dl,0.0
pbmvb27q3hsvx5e7,0.0
h6ugwsl6dfzymtbi,0.0
dsujwcqbrreseoxx,0.0
yzaknxsnjs5vokmn,0.0
mxzyd4tnibtiejbb,0.05732836052585028
rqubymfdbvgu4lje,0.0019571778137897487
fy3yqhz3zzny7uog,0.0
jmfwrxxleiyrkhw4,0.0
2idqzrudft4likcn,0.0010155770602615437
vrmw52vbgbmj55p6,0.0
5bxbihplbzqif3k2,14.003601206067463
un253e3j3qodlyob,0.0005014190856986821
xcoxwljzjagzxjnk,72.85484101143732
666r7szxzq56ztfa,0.17684372022358388
lib264pchzofx7wa,0.0
goxl7bhm2pgnetkr,0.0
srark4aiot32i4q7,0.0
qiny2cqotgl3ehaa,0.0
ojawnek6w2rxc3cd,79.74298568745101
7zkqg4qa4bhgqkh3,103.0886643143274
onhqqtvotze5kcqi,0.0
l3jecblzzbhglnqj,0.0
zeyvpgf3e37rhwu4,0.0
msw2cx6g6t2utgln,0.0
y3erd45djrxqfwf4,0.0
ypyc2op477vk7pfc,0.0
rj5ghqnexil7orq7,149.20227915072667
64vvnkdfymswang6,0.0
usbaxrv2gqnr23yd,0.0
ea4tysvci7spcoiy,0.0
egmbcdjhnsirbfwz,77.38871429569939
tyaxdbaiaprpwzlr,0.0
psi3nsvjmrhdazfk,0.0
7qoorbl7cohp2m6a,0.0
sogytwqbk224vkvt,0.0
xiflrsoilcuhi7v7,0.0
bw2odpzeddzhpkok,0.0
6krplpoiz44a3xqp,0.0
r6jwqm5nkaopv4ou,0.0
g5hf3itrhoj3ksr4,0.0
arby35kilt5n7rlw,0.0
uiot6ahscjqd6mli,0.0
phzba42pb3ciwv7a,0.0
5r3fpja7efxv7a2h,9.522427623464257
cufbwfaosvtatgpt,0.0
m6gocm3ib37kwluu,0.0
h5t3i2r7aeolve3z,0.0024362663495600596
wsxn7gt4wwpehpxb,0.0
zgfrytgnue2bwnwq,73.78803826659426
jaewpwd3ytoaya3c,0.0
7rbjs3hs5c2rem2o,0.0
flvpjnsok4egk6xy,0.0
mufc2nf3lntgycme,0.0
ofxekhrsy32ouqqc,0.0
5mah4qz2ibso2vdz,0.0
2gzkzmws4huv6uds,4.5234652257561665
o4tzrombc26gkumf,0.0
piigkq4lxmxqtyw7,0.0
w2zusk2ns6glat6q,0.0011048016095159408
hfjyino2ozjun3os,0.0
bia3lj6ivgljgkjj,0.0
xg4kd6ugjjaiwgss,0.0
oh2kqzwr5je7kl5x,0.0
igsftgzjmluw4j5y,0.0
ll3sbzinmbvfebpm,0.0
wzmyqlrvr4g3twan,0.0
kljtrudxjv5gi4hn,0.041427282086852736
gfbolk2ingllrt4u,0.0
6edfi2yhy22g7n6m,0.0
3tucdqzhylcufxxr,0.0
jpnuosgqltuyqko6,77.70906098472463
t6ppc6kp34za7fjg,0.06384369560842877
n74rqsjbf7v64ea3,0.0
ripfog23kyans3oy,3.65759312878213
tjpcmr36fvbjvvau,0.0011457180504007628
m2ujnkbggf4kx7zx,0.0
lkrunz3u6my7albe,0.0037990377421238
kwjp5a467h6v4t4e,0.0
2x5pc3enyxtg7uer,0.0
qyf5x4e2lyt4uqh4,0.0
nap3rkz2otjb4rwd,0.0
vzr7zlkwuti7rvcd,0.0
s6o4dgky6guej42z,2.1229323979917423
46pp2xppbvsvvqcl,0.0
m2ngh3ghal2nrybx,0.0
wmhnazxduotrr2bi,0.0
f6b5eqaumkocujln,0.0
tpucqx44up3s4fkv,66.93597898581348
5m7gf7mkpw4rjdew,0.0
6sqweat7p3qb6pcm,0.0
6z3rqap7pqzxitq4,0.0
piobd42yz2d4o7or,17.213608384830735
eeephaf2bh6ahsld,0.0
quw5k4whts4v6u2s,0.0
tmbjayxaqb5jpser,0.0
yzxy5ofwhwpusgtb,0.0
exa2ztoxq3gfsltk,0.0
dvcyuo6v6v24ytxv,0.00011266810414919006
z774khvkemekwou6,0.0
5iu6coq5krqzt5pz,0.001034024696218238
gkul44g4prl7dd5k,1.911035623818317
ljfofddqss42q4a4,0.0
trzb7budwwicnvhd,0.0
ltcqwqnwlgpj5lgn,0.0
tqx63aso4xjpfiso,0.0
y6t3ymnyn5pxdpu6,0.0010853080959846405
f2nkjzw4lw6rzymk,0.0
bliteifqodlpmhw6,0.0
6cvv74xfg4aqkvu2,0.0
etsx6vnakhoqvo7h,0.0
qoacchacwn6cxsq3,0.0
tmwd4hhuvfrfod2k,0.0
dl5zeqe6hibl6thk,0.0
scjx5zhhyzuxjjs7,0.0
ilj2byekumbgfcpk,0.0
kaljodc3pmfarw3u,0.0
nlxhumeqo2vvmet5,0.0
bokf77ocdft5pmsv,0.0
lm35osozbtbperfq,0.0
lerw6gfhrszkzwas,0.0
mc3n6hntwlfqveep,0.0
g5ul5m26lbo3jvbj,0.0
66gq7lbr3wny3gor,0.0
2ijwj4eoxmnq5oas,0.0
k3qbyclmfbcy2qen,0.0
formdziastil4t3e,0.0
o4rlddjylr57icv7,5.631290333456585e-05
m472wti3nrm6xtyd,0.0
wpxnmwb6r4ygiz6j,0.0
z6bocwtljpgvpnit,8.670612994760418
paaz3xo2tjipuwij,0.0010614381528803378
qwcrrlo4jn3l4535,0.0
32q7vzmnh5c6fpef,0.0
ufx77nnun753mloz,0.0
wutq2dosa3dt3m4y,0.0
aaiesplvwc36zj3m,0.0
jnql4mzb7lc2ayxq,86.34749894224926
b66js4qb45tj5z72,0.0
66ek5utdg44rzgke,0.0
qzt6evp4achtkiq6,0.0
ms5r2dral3ytmvyn,0.008773255972437636
moqr7ffdxl2abbig,0.0
qnthjanokm52rfhe,0.0
pasp5o4rrwqozlci,0.0
rqem25qkqduaof77,0.0
dpq55kfqmbwfqrul,0.0
3fmc66dye63lx7nw,0.0
et5w5d2bdw4r3znr,0.0
5uzj72xbrow24tw3,0.0
vgpkmxeq2tp3btu3,0.0
cnl6znnf45pecesr,0.0
oacclblpqdwzbshm,15.886912554755625
rcj33z6vqszj65xu,0.0
37dcpqtfjq6w7sdv,0.0
epl4dovda2kdgiy6,0.0
knsp3i2wqxlounck,0.0
4zqmkcpdexu4xscs,0.0
7elhpmxxuhge2hdf,85.40337185006754
dq6zkwe2mktgbb4e,0.012942039363103794
taxxqmcijacr7lrr,0.0
laumzbeuvjuhtx4g,0.0
mm6yb6n2cf3ifzsv,0.0
l3rzs6zhz3yoznyf,8.516743371035521e-08
frb4burnlkbbdckp,0.0
aporuisjnpowrgvt,0.0
6kyfecsnrrhlp4uq,0.0
yadmknccylrubkqh,0.0
abbr7b762uuzm3kx,0.0
nsor5an77oxrdxh7,0.0
grzoi7ifod46r7fb,0.0
njktgafqquc4bf73,0.0
hpfzmov5fjgjtluw,0.0
wpu2f3bhthw5ll6x,0.0
x4wh3fbwfxd2efbu,4.998625590958695
zvui6ptfi3dqp7au,0.0
lut3f57bcf6en227,70.05703979620255
7kdcwmv4vqjblwc7,0.0
tvb5tpqbt227pwtk,0.0
zzgttyrvxuza3fqi,0.0
4vy7a3ik2pvxrdyt,2.484600076127535
s4atzbejrtq4mscr,0.0
bzjy3wt3kwvfyluk,0.0
qlh35gluntlpjxw6,0.0
72iv6xdvucos63ni,0.0
wbueppqlnu6ldmcc,0.0
jn6m73iemqinof5j,0.0
ve53v743tsb3l3zv,9.878646382588268
23nz5txpb7gxr6eg,0.0
sewy5nxzo5ggnmxk,0.0
hfomhdh5b2txcffb,126.30332523731684
w4odd7h5uyzwl2vk,0.0
j32jacsahvzmj25w,0.0
zzbvsmtf6elzcinn,0.0
jfuzulnfbiiuqr5p,3.08011416217954e-07
jxbxtkuzjkuouwns,1.6659585442735707
foqdklpvllmlzzi4,0.0
vsu745bhzelpzmi2,18.973174961214173
6hag5f2z7tlw5ebc,0.0
54zpbg3l77badf33,0.0
wgyv7yrn2aiej7es,0.0
4lt36jxsalfbk5x6,0.0
tdwb6me4dkkdhpg5,0.0001364537198499686
vnvvltjmilulteex,0.0
n2vjvwtlhmhfrwzk,0.0
5xngo7i5jamams5j,0.0
grtlzeopywhsrilm,0.0
65imihjv4pcisx7w,0.0
f6vdalwfuxbfgdwb,0.0
yw6v3w2amib5wubb,0.0
zrlj6jqij7yu2dnf,0.0
sifait5zytpx5e56,0.0
36czceglywoi7hyo,0.0
jd3atiua3fxi4pzs,0.0
pnnovln2panicwyn,0.0
x5spcenep22fmfap,0.0001184915438107849
u3ebwd3cz5w7rtso,0.0
duvdqrokjt5gelrh,0.0
u5vguhxc437w5b7q,0.0
lfwa3rspjxqujlse,0.0
qtoofrh5s7w5anrg,15.141201942867664
ofophs4z2vcq4kkg,0.0
33ccdmzs5isvi4hv,0.0
pvnt5htt46fwx6u6,0.0
6cn3brw3e2mcfg5t,0.0
mi5noa3ifptapfoz,0.00035747225987508863
xjtb7qiqmhkjreya,0.0
nk6lekhctfbzhv2p,0.0
miwvw6frxlg5pnbd,0.0
akbfapbr2vnyokrw,0.0
zwg6zzmkljfgcgxf,0.0
rti44yqyopejlas2,0.0
ckpc2ydjstocgsgv,0.0
mlazfdt3qry2zghl,102.72964568946296
f5yoy3gkhaqujxqa,0.0
i2qbz3lmz52x54oh,0.0
v3vku7vvoxlhisg6,0.0
iaid3d7udl7hmgfo,0.0
3uz5rwhqvivd2gjv,0.0
czzrjkt3zchu23hs,0.0
fvsi6q2hm3rgmfst,0.0
tdi5kb7mw7b5yah6,0.0
nlczwrkpcv5d3fib,0.0
6rtl4fr2ch3ijgow,0.0
djl73pg3pe5gj2md,0.0
e4ihtj7vkdnot45o,0.0
qrqb55nf2psyb5s5,0.12371450588265384
tdulbmyub5xfhlrj,0.0
yd4upaqlp54jf3ew,0.0
b5gmiiqz4liroeff,0.0
zzkm75qvxu7eaphd,0.0
2ihsbyn4lfghn35y,0.0
sinxddopvf54mfcw,0.0
azzcnccmxn6dbbdf,0.0
lzicutr3d3jjmsjh,0.0
oumn5a25u6233hzr,12.945211880551687
iqkzakqwpq6rwyre,0.0
x5nmvtjeejaowke3,0.0
zoczc6ksq3b6rnew,0.0
k2kaa5i2rz77ij74,0.0
7zlxowphrkgdbsz6,0.0
clpzrs7qrf47kh5c,0.0
6i4d4jkxb5zo2wus,0.0
hqndcs6cfram6kdt,0.0
l657ktasdfd2xmd4,0.0
uxrdij5aporvk5bm,0.027359004678559517
bazrp7apgdofa6xz,0.0
2frri55eoynkbpua,0.04614389209125768
rhpazouzfum2qbbu,0.0
ithxzop2misrenkb,0.0
cxshriwq25rwuufb,0.0
awv33epf6x5oo77p,0.0
2tzok6jzk5fskykj,1.176818747623669e-10
ffcsx5qvzfrjtwaz,0.0
fflftyyeeidds3ny,84.69774866941492
4jjgyel3xplmxskq,3.6006346175135606
2q4sa763v2avxljs,0.0
hwo7r5tajxqy63ab,0.0
7zlbdkacytbqgult,0.0
aeo6dl3kgojdevoz,0.0
ngbf4wgpumjfbays,0.0
q5v77tihkwrzj44x,0.0
7y63rcmqtuketzkd,0.0
xqgcsauta5xmrnno,0.0
nafdhlzxlv2634th,0.0
ydzc3xwcxl67nbkz,0.0
xo34rw6odcmobl7m,0.0
pg3lyh27bhvj3f3q,0.0
u4ubbmjceifuqhrv,0.0
m7sjermasumx44dm,0.0
6kcbtslpqdwfitix,0.0
mpfqqgsvvlu3l47c,0.0
n2cqpoe2vy4tanch,0.0
q6lrn5dlwndsowkp,0.0
ubtt4ryy345kdoe5,0.0
hrsydvh5y5pj5n47,0.0
2drzz4ij7ig4u4cn,0.0
fpi7niuogzctdvv7,0.0
xne3kgom6bcnlmym,0.047956665144719024
7zhsfm5kbdc2unie,0.0
s7uj55fs7oxe465x,0.0
ppblf7d62zonq2rw,0.0
p3galijuys3yhtyb,0.0
uhgfq7cxzb2qcox7,0.0
otpiubf7mrcdhefx,0.0
mxnw7sm33i2pyqnr,0.0
6lkxs2axjezf3odd,0.0
ithlhlqutb2rxp7x,0.0
oqznmanym4wxqzkl,14.90137141539953
elgbn5oqzbcxet2s,0.0
4j47wyjkth5ukkmj,0.0
cgnwe4tstyasrk67,0.0
6e3h4e42utvpgl6b,137.51448657270447
duwjpiay7qkxejnp,0.0
k5gowt4tpuotdotk,0.0
54rmteruvzlnmtpu,0.0
wsveofwxo642honj,0.0
ufg5f6elqubmmrfo,0.0
yz4x2znfsxeql674,0.0
jo6lmnwfyq6y4u5r,0.0
7nydnswrop3vhrog,0.0
i6m25fi3b3j2v3oc,0.0
xdnrms7c7afyduoe,0.0
v62a5b5yh4vq5bnv,0.0
jdcovyj3wqp3fwdu,0.0
b4ul6o52nwuzlmzv,0.0
djtroiwrknxa344e,0.0
uqpkzzy3fayqxw7r,0.0
gx4bkkujqahbyhme,0.0
rjqppvkpqpa6dlqe,0.0
zax2sa3ijdbo755l,0.0
llmgk5ujrgfsrom4,0.0
d6nrgfofskmlme23,0.0
3e6xn6pc4cin463x,0.0
qipe5zoo33zk2bog,0.0
5p3o34ki3qr6725t,0.0
sp5gz3uok25mnrqh,0.0
75pezb2taju6bbiw,0.0
fwtfmxdcuqjmkf2e,0.0
m6vt6w6f6az3zyaj,2.7784235594087514
ebox52wlusx4mlgw,0.0
mrcmpyfmwfg3l3bg,0.0
dh3mcxs3gbyi5rpm,0.0
vjlpsfbtfudfcswl,0.0
cgbbqtjwbpckejt4,0.0
5ixdakhlgqmj2bgu,0.0
7xgxsq7pmjmtzdgo,0.0
una5whztbhgmdz2b,0.0
yicttzz4ypr45bau,0.0
scdtzkovrgfzad32,0.0
kr7twtejdjr46swz,67.64396298803956
3gxzqmh2fuvvyjde,0.0
vyhiufwp3xjh6q4w,0.0
rbeamdkn4gxniwk6,0.0
3ekkmlrn45peenwm,0.0
s7eomwp733nrjovo,0.0
epy37nfbhbbyvfl5,0.0
xt6ynsw7bxgvqqbo,0.0
dyty4vehwopgvah4,0.0010851819475057492
hypksmtt3puczqlp,0.0
shvwdl34nrthns6a,0.0
iwkmdftpnrwfcjy6,0.0
kxb2muihb3xiqojm,0.0
4dovdapeyayxqkw3,0.0
ocartgsdkyhn2fnj,0.0
rabcig52vz5wuc6x,4.13402732667677
wv4f4wbj7qyw6a5p,0.0
molm34gnwkiqr2fi,0.0
5o2hsu4threhjxne,0.0
2l7pjolepl45grcj,0.0
2dlc3qwyja5rx6fd,0.0
wtuob3enntpg4evn,0.0
vep7kajrbdvjphpo,0.0
gv7ttqx566bh6z42,0.0
wqqgs6wn4fpzchkz,0.0
pab5ksfgxcr5ivhu,69.42694202094536
7hhlpss6rmcv3qqp,0.0
ip6jgdvjrfuwb55l,151.10054806582093
bkzl2mkmisndolbb,0.0
42367voartvvrjya,0.0
l6ohwa2hjminew3u,0.0
ho364qyxdl7fqzsy,0.0
llshyzyp75g2jcit,0.0
xgu7fs7quxpxgt6s,0.0
6qqhjxfm45vubcdm,0.0
h32b5kkwazyv7bmt,0.0
efgyq5mrtrf55tn3,0.0
xh34vuz6lsy6j3z2,0.0
oq3ufvhngz4na3tr,3.4540483527801054
qnnpqghrinj777ur,93.13214814972697
ce4c2sffeoo6wm2y,0.0
ppbwrasigicksdnq,0.0
dyrzfnehvqaq7ur7,0.0
hqmjusnmiqlkgmgf,0.0
a3hgn7wnobqfrom7,0.0
sd6es3uslqmteo6t,0.0
dmei7hooz3yfl7qq,0.0
jn47vxk45se2uldo,0.0
z4yi2bwz62tc7dkk,0.005530618174667123
45fhbithrpahzcwy,0.0
mfdfdunkbokd4gju,0.004255521957411038
merbqz6zdihern5y,0.0
fx2y2ayzm46larkt,0.0
f2gtds6tvx4av4wu,0.0
qq2zib5efdpmmahh,0.0
fyz4befmf4wtdnzp,0.0
yxjdix3ndfytfniw,0.0
inhh52k3i344ghto,0.0
2j7fnij7tcy2545w,0.0
okdafkgqgqpsrya6,58.427678143951
xqrd3yrbxvc7ldy5,0.0
4fzndnuiudq4ijdo,0.0
oxoo7ovzl5qqnlj4,0.0
2n6x5swtrak4ildo,0.0
5ldlidpfk2lhlvhg,0.0
3frrcgluhmn5oiqf,12.54149413749862
btgtuizewrtprtul,0.0
6xpmxywwvz32ndls,0.0
74cozkfchukpoxfp,0.0
57pgm4s6l6vnwlgx,0.0
yz3lc3c33n4olvh6,0.0
m6jhci75uapp6rhj,0.0
dkjd4vaduv2t747z,0.0
g4igiubju76f335e,124.92185079171433
cu42w6udim3tiq3g,0.0
5mhxuul7ksxdbirv,0.0
zbumwdzdruk3yeem,0.0
3ah65jujrhnr35c5,6.248554245974033
qfzq6zhh5wdjilwk,0.0
vapkb2za4jjavlrf,0.00011965316315906082
cxlzlmnyhe27eyjs,0.0
lgtkrex6xpfkht5q,0.0
hmoqqmrrjljl3x5d,80.8883567572491
tcijg2gwrglk4adj,0.0
rom5dz6amymnlfjd,12.305362989964745
l26v577zwgo3pqfm,0.0
6anzp34qmxdastpz,0.0
25f6qekyp77bnx6r,0.0
52lffpc3lzwmth3u,0.0
kf5woydvrsv4ksid,0.0
c75sw7qqk6qw7xsy,0.0
jvxj5dydlaxs7uzk,1.0847027945843266e-05
zqrw3pia3jygbnpr,0.0
mhfvv6ez75hxrkl2,0.0
u2jvhewi54ygph6f,0.0
6vno575hsmxeevla,0.0
tg7xnd4yymu3t4an,0.0
7uc2jrf34bx5q54r,14.02496284292284
im72nzoulrag2c65,0.0
enavclg327wo2xtv,0.0
7xudssf3nrksrc5i,2.1261771317239983e-05
vwngiz7li4ojhpgy,0.0
gzbpiru5vrcihfv7,0.0
mawmwczmhtzfmlny,0.000273531309695124
gq3enbzqgtp37tq6,0.0
kuvlokt3wy3ccjqh,0.0
f7ksbkwsy6fkju4c,0.0
qefynrp7ew3h65tn,0.0
55z73wnq3xcei6iw,0.0
52so3brrghootzd2,0.0
qwwqajjyh4k5esrv,0.0
6coayucmnj7ccolf,0.0
dzifkrr67a6gmyyz,0.0
rkvdxy4ntordqr47,62.6624699157349
roqopzo5zg35edjp,0.08782679311348078
uywf5z7z36bxslje,0.0
vhkzbal3hp5c5ogn,0.0
7bciwq4hh2u4vc3w,0.0
3uxxn4kjv7tlbxjf,16.46418461173088
gr6y7n76yisyghnj,0.0
o2gufxvb5glq3tif,0.0
m6553x7mekpblbya,0.052443272249681344
266kntsoxnbq5uid,0.0
7mldusboof5dlmsm,0.0
nfyycxvt3wgu2crx,0.0009738563467845557
uz3tsh5bv6vlolb2,0.0
sf7v2vgox4g46zns,0.0
sbqj66u3vgu6vor5,0.0
wnewjzexuu6pee22,0.0
v2cocrjwudiff2pl,0.0
fc76nsuqjxwirz76,0.0
haxfly3ofbk6tjmo,0.0
ydovkdqk6zqq464n,0.0
qe7nxhb2brxyijss,0.0
iodhcw6eyxy745qq,0.0
nnzgnfvew2umc6js,0.0
itnuxgdphsmnxhqo,0.0
kpmjrh2mdjio4k5w,1.2159162514353348
m3mfl4q6gxeoblho,0.0
e5j3zvqmufnge6kt,0.0
qa7reuep7cmvbbjd,0.0
u7y3sgipju7vfeci,0.0
4cy2pjsnlhszb4dt,0.0
hfxoq4c54qvb6jck,0.0
2nayb76shyrdz7nh,0.0
r7tjin7mapntcf3a,0.0
x4v4lckndgl3lsr7,0.004552716119490789
ofxibo55axwn77zz,0.0
qycyt3277n24yr7i,0.0030956901625207372
ffjg5qccwlgq7wmr,0.0
z4g3rxgftvb57vot,0.0
53ojxfj7te3ssnh4,0.0
4kbkiqhfnzcp2ukf,0.0
lf7ikgfbiicgri54,0.0
npvsfwwwplcoloyg,0.0
3hbxzwpqj66jnory,0.0
qstkh5k7x4ne2mq6,0.0
eqmhiobzwvxvqa6e,133.8872895163125
fbdisqq5l3ah5rud,0.0
qgszdc5ksvyehklb,0.0
wt6dg47ngr2yupqj,0.0
p72onkl47zbegpzp,0.0
flq5sezfjo3sys3h,0.0
mieo6suteyox4bmd,0.0
357lvzths3fgoxfz,0.0
bk6eolyr7qzu4r7p,103.58260181595116
rzvv4lmdq456ozrf,0.0
usdmv6qviudnf7po,0.0
l4gjc5iyrw4ixpyd,0.0
rufwivwdi7nzwcmw,0.00018044155790517645
lvjjjqmgr72km7qt,0.0
3ypjdxu7xztk7xvg,6.473540438569053
wcmp42vhoduuyyjz,0.11719089743756299
6j2zrqnfhrt2ogow,0.0
iochtkduyc7oslxh,4.079694298704511
tpussrtp3w5dpdlc,0.008362353394626975
24dgxypbvmphc4ua,0.0
wnzzvrgmgewwnqdd,0.0
ay56es5g5n5ki5q3,0.0
c3dacr4ysldy3fsu,0.0
7kpi7gdhifzwhelj,0.0
gma2uhu2hcskjlox,0.0
s656lfk6h7wjwmdm,0.0
m4y3d7sw3l7d7svn,0.0
vqj6acyrl5sr7zen,0.0
dgwlg4sgkggbe3af,0.0
l62tr4cvrmcxkh5l,0.0
hjxyg3iulxtstec2,0.0
ow3aka7covdj33f5,0.001021868880509299
r4eibn5h74pp7j7u,0.0
a7gdymwpe6xmchcv,0.0
toyonmq44hlagq4v,0.0
uiylid3d6sugdqab,70.71642151589589
cu2huhiczb7fzqds,0.0
q3b2gplrtw5tx2dx,0.0
nckelb5nkm7fi7mu,0.0
h7adpnuxh35ubkls,0.0
z2lx7s3iv333p7nl,0.0
zu5imuumy7qdxp3h,66.6383318313172
t3o5kpmlsla6augn,0.0
vy4obi7me4xpprg5,0.0
zsxe3mrdmiotnhrm,0.001281930128632224
eaxooexfdifyzji4,0.0
q7r6ya44wkkwzo7b,0.0
qxj6wjv6cfn66ldy,0.0
uboormypughsnn4m,0.0
55dkkdgdvscr6i3v,0.0
wbsqcoy3ifj5fre6,0.0
mltpt3o2afg27p6j,0.0
u6xbwil375wfqh4i,0.0
mggdhgujrrmawian,10.752071450148511
sxzric6ohfec7ixj,0.0
hbqqtljfr66mssjn,0.0
zryljau22jban2wr,0.0
oy4xsgtdv3k3lp72,0.0
6yo5mgj3vp3p44ow,0.0
b3mb54ei6ovzqlam,0.0
vg4p5dssdix7vu7j,0.0
4ukfr6rlein7y73i,0.0
a4jzkxjqfvgc5fa6,0.0
pljpvho64dftr3hk,0.0
jzp6giwuc2opgklx,0.0
tf4sls3oydndxxrd,0.0
rb5nbs54fngaimxg,0.0
h4fna4s7xcb5yjcn,0.0
kieogrdv3fss3le5,0.0
7n2scf6czwek3sjc,97.83036606096366
5iizs3nvsns5mf5u,0.0
dj6tuhepdj2jwieq,101.23985922088283
3phndvlcib6ggh7k,0.0
toftzlsaro5bhyf6,0.0
trag62326jk72bxc,0.0
hyr67oo3qskkk6nw,0.0
5ukw6c5n6mvqqlwt,0.0
s7f6ftaxqdrgxpdu,0.0
yfnmkkj73if77bsx,0.0
up7jbtwmy5pbs3qb,0.0
7ccxnxr4tmeh7lya,0.0
lncfqql7jaf3yg6e,0.0
pt6pebhq5wsyorcz,0.0
6fcakyfxbavicfut,0.0
53e4qshfhdfl7rk4,59.93568766769063
cyyas6nbcxksdehy,0.0
xal7czrt3w3ibfks,13.31832037959469
kwymm54ppnxdbe4l,0.0
xke3hj5zb4egqnwb,0.0
htwshm3cplm2un52,0.0
4f3len7wwcwputfe,0.0
ao3srdy3fscdjviw,0.0
lraxx6mz7tdpogtx,0.0
gayployxpnqzzt4h,0.0
jmq5fldnuxvyep5m,0.0
vhct3v75kygfhbm7,0.0
sowotd4myhdmbw6i,0.0
tqwszwrixzwbgiwi,0.0
77jsjcl5wite4cqk,0.0
vai7n5fua7trj527,0.0
jw6x66w5y7gxxefl,0.0
hh2ib5syxazq2hsp,11.990411225475187
kobxfy4ht2szowwn,0.0
pwxmu3pjm3z6l6vf,0.0
q7qaye7ufshajf64,0.0
ak3zibjq7srdm2my,0.0
svyjadq7t5kp3b4v,0.0
4wbjnrasisoy4hbr,0.0
ky2ufde4r2ljyehd,0.0
4kgvyhgnwa3emkgl,0.0
agj65mydnzh3p5ia,0.0
otwmhe6pxgetq3gm,0.0
kzlzenjhu4vqbwhj,0.0
n7thvjkdy3ojccqn,0.0
m4tbhquqyujazkhm,0.8357309109868015
kpyl6tsrthpv3sif,0.0
eiwt436ppzy4s5ih,244.02182329121433
si547upmfycalbvt,0.0
yskdhq4g2nacldyg,0.0
6zu6yifm6hksltzj,0.0
4jdg634exkd7uy3f,0.0
z5lhq6vynedjxrey,0.0
ruq6zm6t4zobocsu,0.0
eyl2ctslaw4cckk7,0.0
ixmggyjykak4jp22,46.058210150283955
xievox44xauqbeu3,0.0
bff6cxpjxcsnmzvq,0.0
55ikgfz5egjzkmat,0.0
awqztcc27acqq5pt,0.0
qlcn7s65gcbqwfaa,0.0
sp3qj4377pi5bjl3,0.0
lclyypdxk5oebkqd,0.0
qkzb5wdbswlzaavb,0.0
rt7mcvmjqri5pmig,0.0
svwfowiaejft7b4x,0.0
c7xwvessrx3yf4w6,0.03344554498247137
4vdk56hm2i2o42vx,0.0
cb5gxf5kqkdyj2s6,0.0
d42kwpu7ou2ts3uu,0.0
4c6vc77n5vhb363u,56.63689136812502
j4t75y7djrg656mz,0.0
yaslanxqy5nnywal,9.920012393246743
3u3me4a4erwjyhzj,0.0
vrg6vbltgerdulvs,0.0024847669758444233
2bms7s7hsh44vpga,0.0
npcf42o5mtebaowx,0.0
yt7r43sjl2pjyauf,0.0
24enau2frpnfblbl,0.0
x256rx66e4bb3l6x,0.0
24g4nwylehunfajk,0.0
55voizxk56tvfzol,0.0
qokhvrrbx5vs2z2w,1.412711588043002
s4ejz3lurcluhe4e,0.0
x66pnlxjnwppgr5m,0.0
if2svojt52dbc5fz,0.0
picanfz3qnxem4qc,0.0
reed6ornnb6gmwrq,0.0
bnoxe42ahffct35t,0.0
7uvxenjimjzeq7sp,0.0
ajudydpxjt4yboda,0.0
usf7u53yxxpf5ldl,0.0
hsf3ot65zjvjeutm,0.001034024696218238
dzogeq7gqvhigjau,0.0
l45tx4lhkloijzus,58.26600880094345
xqrvjoix5awgelak,0.0
qadtfpaouxwcnj37,0.0
cfrldmtbeohvx54z,0.0
52qtst6pxno3anke,0.0
6akhrwbliic2sq6q,0.0
n4pxzvhytn2wtrfg,0.0
2koypaxpywvrnodb,0.0
n5ec4kyqbnbvoxpo,61.38706476517744
3kncm2jv2tyqorg2,0.0
hv6nimxj7hvpfk63,0.0
txj2hfvca2kdu42f,0.0
tojfedgmm2fsrjcq,0.0
qwlrdri52w4ut7gf,0.0
4j5jfxdhc3mn4g7o,0.0
6loiobzjtdgmofqk,0.0
vj5sgr7xchofcri6,0.0
vzmejzi3pqyeukty,0.0
zrqqj5fadtpywm6i,87.9137020355538
tfwxucv744itnbtf,0.0
xfrwlrvaygtyk6st,0.0
sqt2rsvvjovkyqwh,0.0
ss6lf75p5e25clmh,0.0
lqhiuu47ovnb74x3,0.0
qifbfzjv6aiupe2k,0.0
5kycfdze7pdaewxv,0.003589507424429314
syv5rljbgejsigpm,0.0
zwn2kcr6chtz2kyp,0.0
xdzvhdnujt5647ji,0.0
scs66oswqjm4v6hy,0.0
ge2oyhy4zfrjxrgq,0.0
xjsmavok2ufv4kzv,0.0
trhelkyzgtig5ndn,0.0
bspx4nvzb7uivrkp,0.0
63b5hhtnaav2hiil,0.0
tquhf5j6nboeky6q,71.95479940165846
72dlbgvgdq2pk3gu,11.26535783590994
vhghtp4cm7pknpzh,0.0
j4aihc3o2rurr6dr,0.0
4ug3oey3p5mdsclg,0.0
tuolrdfkoorvbwms,12.604401393278048
5ifxl3evowymftpw,0.0
gqe73uwf74kqmory,0.0
xmjzi7kmgot5ijnt,0.0011048016095159408
aemjwpey45y7yibi,0.0
5et3rst2wreyx25v,0.0
ffuivagqtxubum53,0.0
t5ctyasnbpi55fsd,0.0
lnxx3rjc6l5gbp4s,0.0
br2jh5utdtblsnvd,0.0
cyef5vntgkh7iw3z,0.0
lnjztv3qm6t2wwze,0.0
xg7jnvbhvf44f43g,0.0010853080959846405
eftaijbmkp3einur,0.0
6a6o3yeiwvwglwoy,0.0
vottuumzjcpvjpmb,0.0
z6n676z6qwc7xtm6,0.0
4iw3mjxj47dpcxm7,0.0
iljsxvsahfkotzpx,0.894323554795483
3ha75cpvs5qkmwj4,0.0
qgkwkojfw5qqucaf,0.0
ogl6ylkjzfn7hnba,0.0
xr5hztgi4pkjz6ur,69.16681564979368
xu26llz7on6o7ksk,0.0
jqlbazgvz2fs7iby,0.0
dw5bx6fy3u4dsemd,0.0
5ua5dhwof2xtzp7x,0.0
46zr4pgckst2bdvz,0.0
6fliylmuoldii6b4,0.0030956901625207372
z5qumzwbeujk7tab,0.0
zdhztfk7vqgx3kzn,0.0
edtpnhgvpdobxcx4,0.0
i5plfh4pnj2fbbvp,0.0030956901625207372
nltam635eufkaj5y,0.0
et5wgb2esdqdo5gd,0.0
ssv22ros3ki5qhdx,0.003681441000960789
mv2bu52xhtrb7gk4,2.534959704580474
fzfmj4dhj4kosh2a,0.0
udb2oaourg5f4snu,0.0
kow6dxenhxmkvg5g,0.0
6ushpzezz6mxxfsb,0.0
6wwzs35z3xhkqb5q,0.0
jzyl3vzvbdcrlgpu,0.0
nxniknw5u4gdl23s,0.0030956901625207372
k2jkwcomdf56w5uf,0.0
43tdgzrosyscwr4p,11.953377998794382
pftzai5pugm5qcta,0.0
m2koaroxv4eedkqk,0.0
ee43ghzfiespg2gy,0.0
ejxpglcdzbw475mu,0.0
jbbzkr7ewfvzmp56,0.0
bwele3hhaoienkmx,0.0
j4g3geohqgnhs4pz,0.0
clmo6jrgoxos4g2f,5.02472574029605e-07
mbnvgmloi5x6tyca,0.0
y6t5lidsmxi4suyb,0.0
7i3qfs4yqoy7mqgd,0.0
bosr3bnomvo2up4k,50.63042326891609
sp3cb4ymob3zdot6,0.0
iza25pxfsqsaad4k,0.0
anzsvgw65ahmarq3,8.675469434649339e-08
nxorit6bbt23zh7d,0.0
55mptrbyvyhwuqqv,0.0
3s34ti4bmpczndfw,174.8164170646449
3os6svx5aqpvn22s,63.18869283213639
zrcot6nkyh2z5vpx,1.927339062326813
ufvbeahe5ybalymf,0.0
4y6qnji7plxuyznm,0.0
lxt2keppbainpevx,0.0
ewpihqyybxt5m5iw,0.0
to4wqxg4zendjviv,8.675469434649339e-08
ouxlj6mfy3g4mfas,0.0
4extv6ucxzhwlfi6,0.0
hdhdvrd4tpvonpmi,0.0
4yssqjs2syx5jbmi,0.0030956901625207372
mudglggfppj7kkqa,1.1964314427188017e-06
ffey2wfp5kjl7237,0.0
sytwoxzsdjnykl3s,85.7502417861463
feuqi54jwzjamude,0.0
zi5zw5rf4npfeqbg,0.0
5vc5zhvdh464dmka,0.0
p44zwgxxvoai237b,0.0
txopeobbs3qqgxzv,0.0
yegt7bclzglb4kkh,0.0
zienbdwqvp3qxynq,0.0
selq2hchryylz74z,0.0
eu7xwwwztea63bt2,0.0
ewfblutx6e6uws3f,0.0
edzbzdrw7rbf65px,0.0
btaf65o2vtvjzzf4,0.0
s3a7ka7syj24afub,0.0
yhvm6goj5c7qmlxt,0.0
5ehb7sjkuwxxvxfk,0.0
krooolezselx7qhi,0.0030956901625207372
xhyxalujiyecg2mc,0.0
ndf2oesifkvzumkz,0.0
bu5nfgyh6b2qzmdn,0.0
wdu6e5hel5ecyi4d,0.0030956901625207372
emn2gakrepxjljia,0.0
ngwgvsl3ndai6a37,0.0
imam2g3vd2mkqaou,0.0
ws5zadvxi6hn5vhh,0.0
j2s7ac4bscnulg7u,0.0
atm2vtxld7727itu,88.85425445670663
w53zogsaf7podcmb,0.00011427234637451476
owqnsamjjfc7yyto,0.0
hfh7n66ftbodc5vq,0.0
t5ciszfbwl6ujwo4,0.0
xwfejapqp25mkjqu,0.0
s7jz3hoqzv3x7a7w,0.0
dzrxuvzlyuonufq7,0.0
vy33ezuhqez2kwhh,0.0
prqx6icsl6fsj23g,0.0
p2jcozth7cz6yj6l,0.0
lo2355hv6go3o2xg,0.0
uk5gtc7qa45f4jmk,0.0
33mfgfqwe3ganhs7,0.0
psodofgcfweso6ut,0.0
35hou5ngam6rwnjg,0.0
7tsa7odgtaksuebc,0.0
syo3x4o6gscttecd,0.0
e3iqnirvriayv2fq,0.0
au42hplf3yabqrbb,8.95186940977819
s7alhit3ogybdqfl,0.0
tnafgshukair6az4,0.0
lp435pb2hl5m722j,0.0
2buonfhhsbqwmfrd,0.0
q522h7rgj5kjrjmz,0.0015184879050480534
f4i54oluwtmt3knj,0.0
igzcaunedi7ysnd7,0.0030956901625207372
mfznulm4cs3ag7he,0.0
dreoeyn4dqumbthi,0.0
pbnrqit2o3jimee6,0.0
kwcspx3u2xyykgi3,0.0
whejcw5onuiqamgb,0.0
4lodzbtmubvzj5nf,0.0
fn3sxicenddzbgjo,0.0
qurs7ov6m347f5ta,0.0
xtlzccatnkbbm3ca,0.0011457180504007628
543cuwepxddx7rts,0.0
af36uwh6rxhw6t2z,0.0
eaewsrx7knky2fgn,0.003156547283599262
ck4mnfj5wl23dj6g,0.0
5iebxbvo5ezjikkm,0.0
iytj2hnzja5f7ayn,0.0
33azaqdwzfmw3mjy,0.0
w6xtu7zyblytp25m,0.0
b77nx7qay2ocuf4h,7.917708579059172
3r4xsfpj6ehtl6ry,0.0
fkytszaatq3wucj4,0.0
2s3a7qhr4lmjhjho,0.0
ptp3f2ca5xvw3dth,0.0
nffzd6c7in7ypjjg,0.0
vlbczzybmidry7dg,0.0
6trppllbv74dzo3p,0.0041202894805663
d6nbjrq42k3kezm2,0.0
dgx7arjtivpja4ts,0.0
24zwfdsbyeo5wvpc,0.0
fdpgygwh2b4pa4tn,0.0
jv3x2pq6g3aetlgl,0.0
z7oykksl37fblntb,0.0
dvpkhz7tlwjgzhcy,0.0
jj3k6qvxdipr73iq,16.538639027711575
26udgfyrzy3r5jiu,0.0
rdtmym4phk7k3bto,72.29565610260713
q654sjsqtjusq6hk,0.0
jdzpw6iawi2a4ouv,0.0
ysxftdzcnw4ppcxn,0.0
27w5s23qcnr4m2fq,0.0
swsmshezxgw45bw7,0.0
h4ew7voov2twyfqq,70.2324154034739
nyr3762wlglznnpa,0.0
y3wsb46iwypzscmo,0.0
fxvypnhlkjfe2wlj,0.0
7esio6birugqds75,98.62369460822052
vj3po7dmtt4r2qau,0.0
nic432ja6rmskza4,0.0
b5qmt73wmy7ck7pt,0.0
rjwzswyjkocedd7k,0.0
rxezrklmtjqb3go6,0.0
dd7j4gxhvkpcvvtg,0.0
62jn32uifjyan4ju,0.0
ppo5g25qvrhzy7eb,0.0
cploecwbleharjfr,0.0
l2fk3gohwlnzfupu,0.0008165473515890307
qu5jfiolahoplrol,0.0
ytt4xvo7by3o2fhz,0.0
nzbjb7kazx5om7hi,0.0
7inumowgnbb2z5tn,0.0
adqrzhttqkxm5elj,0.036551097398599824
4jnnh5lun4faiq6z,0.0
3iddxszt52cnhyhz,0.0
7k3nyitwsy2a5zru,0.0
ihzi4nurvuvpiha6,0.0
22fnhfoghx7hnd2w,0.0
dsjy2mwpdwqnsbke,0.0
hghbgxjgqal6bzsg,0.0
qshfsw7rd3e5rvsz,0.0
h7nr55ehdkfls2lv,4.9664143938128795
erifevmtxtep7mak,0.004552974499889733
72p762adq2fprxfi,0.0
t7bl2w2f2lrk3z2w,0.0
rgqm2eorhisuhkbm,0.003874593853812325
5zq35aymrnjxncc5,0.0
wukqbe3l6jcamald,0.0
wvydwfffum4gay4n,0.0
bh5kiydvw5s7tfqb,0.0
lnhdl7uirvsnl7kj,0.0
ac62rjaehghk7bk4,0.0
lwexpgpge2axdl3i,0.009718856108246283
ozsdkpiuz2do4ifn,11.585330331977769
y2lddnegxzirzo35,0.0
hmkonjwfyr4mxvqj,0.0
wm4vpjw4yac24ny3,0.0
floffdb7m5mneh6x,0.0
g4enbmpbyome5lzf,0.0
y2zwecxe3mzrssux,0.0
hphhyyy7ik6regwu,0.0
dmmtrrwdp32fsr64,0.0
qn5dm5357mz53udb,0.0
xw67u5gdeagad6wg,0.0
5lky7ynke6te5qqe,68.27050024216105
qgabbpjg53blsib5,76.58557479091097
v24vgatftcrmvlfu,0.0
4srctlny4ug7nifq,0.0
a5epjpl2p2iauq7k,0.0
z3i4a6ara2ighcal,1.1964314427188017e-06
xyz5wmgrzwbwuoyp,0.0
fn4egtnwv2ocl7vq,0.0
ng6f7z6g3lkjhibr,0.0
yc2ehdaiifa3opp6,1.1964314427188017e-06
bfghhabn7xf73g4z,0.0
7lhnc2m4n3t67wcp,0.0
o62cxcr6u3ksal5o,0.0
de2ymyfc2vt37v2v,0.0
eqkde4i7t2y6r764,0.0
zwk6zio5prvclxco,0.0
za63jyxowhqpbmsl,0.0
alaamtzwyjb46j7q,0.0
4tfgrwbuy7wvbp2w,0.0
6voovr5ofsm2mrik,0.0
tbvsgeij63jwtgkw,0.0
w6rfhznfuygmp34l,0.0
iopuenm6rurhrilm,0.0
xzfjqc5jgxhcjmu6,0.0030956901625207372
5ulrtd5wgbtcb567,0.0
ysvkkahbemnu6doa,0.0
chkdo5wyekezdv3r,0.0
ces3fomkrjlv32yb,1.5083760732445
vmk2je5oeykdpva6,0.0
dvlnx4kdemq4xcmn,0.0
adg6aluh5qbto2ge,0.0
a5kwrbpii6qcpmv4,13.65859465053095
z43aq7s4z3d6tx7x,0.0
vdumscdvsjl4urfm,0.0
4ybx24yeddifg5s2,0.0
ajetv3zxkqaic36a,0.00048220263565571257
3ih7c6ca363xvhcc,0.0
rcnd4lap3zjnaw6y,0.0
r3tmagaypfin33y7,0.0
cgggtik3hyi2t6yb,0.0
x5hxol7ho52er6f5,3.08011416217954e-07
g475nt2ariryz7ft,0.0
rbiylcomdo53lrit,0.0
ruwdon5hqavp6n6o,0.0
rftshjnzzzatlm26,0.0
zpiaq27w3miy3rkw,16.621651841274637
ghz37o3aebmizipr,0.0
b53uunieflujqwu7,114.32170478255337
xqzaanuzgsopuoll,0.010292303470434123
n45447aughp4zrvi,14.968224992704167
o3rcoxpjh4gzbtay,0.0
3ojxp72kw6br5zcg,0.002009625612267619
nudms3bhgqwrerwq,0.0
x23vbw5k3siu6tax,0.0
euly4pzvs3xzvim4,0.0
l7fqmwukj4kmocqj,0.0030956901625207372
2wilwrk25xbnjoo2,0.0
gfmcyxq7hflkrc6a,0.0
tz4gladr6kov4dn6,0.0
z6kyvjmvvutir6ye,0.0
zx6ta44mhglyytzw,76.03572721197689
5o3lmhamveyapiq5,0.0
rqzzlq6cmaser2oj,77.63008243980698
ihoudwacck4w4355,0.0
i2dmwmalxqelh44w,0.0
hvrgvvrrs6wky36y,3.08011416217954e-07
ln266uuexjijexdx,0.0
lgvb4crvckulwx3q,0.0
nzs2lba6jgika6ia,17.577076273158443
zxnhlhzg4ugm4nw6,0.0
jwmuyx7pvgycvslp,0.0
pgjaqfmuchoh553l,0.0
t44unr5elhwldc6f,59.74812090531312
6il5ugi2phlsr6zi,0.0
646djh4ttsgtpmak,0.0
bnj7slevbgprzfdl,0.0
iaictqshqyb4f7h7,0.0
347wbl723cla2tat,0.0
4p2mzuzx2ylwwf3k,0.0
sqln4oqmfocxfhwc,0.0
syettqpzo5f7kzvd,0.0
igfelpzt6eue5ecm,0.0
6gmaetd4pfspfpqb,0.0
fbkp6nrihsrhhzxi,0.0
ysu2akhqcf554335,0.0
gb3o4tpy5gzeeowi,0.0
pk5myexn342hwjfi,0.0
erelnxat45hm5pxt,0.0
inekxyqavuruxhrd,0.0
xrng6xibknw6zky3,0.0
3d2ocmyqrx2sk3yh,0.0
fhjanzoqbtvq6phx,0.0
zn6lb3zq4gemjgzm,0.0
rhtbjxyfgyr5xa67,3.08011416217954e-07
mlv35puq3rpfxhkk,87.38462531788701
2j63avuvs6be2jhb,0.0
6hdzdthoda6x2mgf,0.0
w6tbmt3vtzy6staj,0.0
h7ypcoaiy724oweb,0.0
dynj3xrtuzmgluh2,3.08011416217954e-07
krof6lk4og363cx5,0.0
skg3xtxrc4lycb4t,0.0
ickaclvmypkbxkya,0.0
gfnq77h3edv7ekgq,0.008305804520177325
6xhbtkidvqvv37vu,0.0
m6lugcvaqeo56m4s,0.0
bps62mnzxnfj52z4,0.0
mnnnjf4a3llsaj5b,0.0
haqdolgnjjmvfbup,0.0
hpmbuwzno2xih7zw,0.0
vvdjjpfvbshjxfba,0.0
jlzsq4lp6qhafsyh,0.0
66hvusa5aubhsubn,0.0
on5htmgedmhxjrmg,0.0
ert6tsmc6mayg6iv,0.0
or3zvmmno4mdg6c5,0.0
gqwzaravsyf6ukdd,0.0
5oe4tfda7gc5czyn,0.0
q4lg3v7e2kwbsagc,0.0
66exerod6ahaabxp,0.0
znu4blbwivcnxay2,0.0
xylj2jm4qnkz7ueu,0.0
ql5u2pysx2jr3awr,0.0030956901625207372
4bchjp46rjsakmds,0.0
mhitm5hcgakxmnwi,0.0
b45dl2p5cznvid7u,0.0
lq24p2sycbzcskb2,0.0
s5jq6d7xth4wshne,0.0
s7bdpv36q5xrsw6i,0.05517115632521127
u2juaptzajfpdngu,0.0032192172256841297
rlj66rfafq7dje7y,0.0
oimlylnatvjgkliu,0.0
ubsxof52n5r75akb,0.0
beiqwtbczf6ek6u2,0.0
66sxtbxjrhyvcxat,0.0
snr5uhuejpzcl6bc,0.0
rhc6o54bnsuteyaw,0.0
qsbsmmfbckrza5cp,0.0
z7r7hmpmeykhztnz,10.64785462934952
pzr3czqalkti6lkt,0.0
flzf6apzmjguvrxy,0.0008168748945435767
j7cekvthmeuuer77,0.0
6iz6txuxdoxmlfbk,0.0
aybeiynkzs26l6qx,0.0
yafbmo3tlrd3bekj,0.0
i4hcruf7g5eq4ll5,0.0
p4up4re3rsyjde7y,48.32904528574845
rg27pw5ge6voo42y,0.0
qtkytwm73lpnzv62,0.0
r4cyamtalw6hyeez,0.0
jcxaywrhuvvmcnhn,0.0
ryu6pqmgjc3eb4r2,0.0
gs2evhgzzg2oo4cq,0.0
ls247tvpodyb5aug,0.0
z7ilvzcq5b5qxum3,0.0
3xldvch5e2fyzfjr,0.0
t443ewqumascqsev,0.0
ruyftzuen2rx5cxx,0.0
bldolt624hhewgwc,0.00200195742106981
xjtqu2feolbops7a,0.0
tgavc3n26lqwbwwv,0.0
qpwxn5thvdvpe6qr,0.0
7tvpwsdfdkdtazxq,0.0
a5ak6q2aqa3vqdz4,94.0982727363774
2d6i5m7wvda6yxih,0.0
m6y3sjmcrnsla7y3,0.0026104974712115145
drrffcb66ynxf5nr,0.0
3oaihm6k2gefpq6z,0.0
qilhpxe4cvmrsur5,0.0
hcgvb52udvqkvte5,0.0
e4yaqxfj3nbftxo3,0.0
scht5hqfwbjntvpy,0.0
plxfphp54kuiquag,0.0
a7gns7h5t3ut23wf,0.0
su4bysdkmekiyeu3,0.0
xjiyfzcg73ohyrkr,16.41156672709514
kb67wujutnxizt7p,0.0
7euupovbhw7mnlbw,0.0
u5hkkp5huqmaj6qo,0.0
cgosg7csx6hypllb,0.0
2fe5q2svy3eifewj,0.0
m3u7l6zxkymgyaim,0.0
a5waiqlfw7mwwxds,0.0
s5fovuiy2ecfz67b,0.0
jd7c4pv3nyx6kde6,0.0
gtmlezaitrly6aiu,0.0
kgyh642zkarbmu2d,0.0
zaiuzhnkhaprjyuf,0.0
c7vg7ppp2mhuoiht,0.0
3qk674jfv3g3lduj,0.0
ul7dxovicgbauty5,2.7102544086329545
cgebvhhxhzxpddn5,0.0
zfpmrbrixhs2xnh2,0.0
sfhcgok6ishh5z44,0.0
s4fua352l7sr2jqw,0.0
rdyzzjaevbmy6g3s,0.0
bag7mgwxphck4ceu,0.0
hirr7ivrvrwbo26x,0.0
bhuxoifjdtowdher,0.0
b2y5muqbxayevpn2,0.0
b7tga6pw6c45ciyu,0.0
ancfypo3rgydoztl,0.0
5q42ry2khx5jckxe,0.0
5n5op7lkyy26trbj,2.750625219203725
3jn5wk4w3tqfexuf,0.0
h5pr7nb36ziyyled,0.0
oamzcmuv2lvs5hek,0.0
vq32jc76rzhib4lj,0.0
t4oxaysxpr2suchc,0.0
ywo66nd6qentutna,0.0
haeqsctiatco2afq,0.0
hvv54co4obzddgmp,0.0
urqedvv27ktqpltm,0.0
4vrbomwp2qy4u25v,0.0
jeoic7gv23c7mjav,0.0
etvzapwjbethedxl,0.0
owwvi4yiejukq4ra,0.0
fwxm5ctwo3yugxkb,0.0
5dupjubpk73dtz6n,61.35149108223222
sosnhvot7paosubf,0.0
4jmxshi4z6mhtgad,0.0
rfak3vdl3lvodkhf,0.0
a5narxmgdckbx3nw,0.0
7nilz3okxcd7pkoq,0.0
cljf4mkaf7vcknog,0.0
dno52jqaxa6nsshd,0.0
4kc5dwcr664zg3uk,0.0
cb2hsyicmsvjd53b,0.0
6fw2zceebwvzdcvo,0.0
mvidarahlm44p6l7,0.0
2clt2navcyvesrnf,6.586809656358392
i6bees3vaktuijzv,0.0
5oh4zvqcl62usv6w,0.0
lbhz37fzjlzwri5n,0.0
qha22dgz2vxsl3yt,0.0
hlrxovmgijtd7tny,0.0
vbycag2j6yfhqyfo,0.0
lkaos4d5witsox2t,0.0
ebq6uc2e33uxhpze,0.0
h5cfm6bpjuj4j22f,0.0
ydfep6wsunubqvi4,0.0
uafqcr3bs7gwo4ud,0.0
t2puh6qqhwdv3eco,0.0
a2einsrll6ly7sve,0.0
bx4i7duftseo4lvm,0.0
sre5nkazyzaiz4yb,10.828505162342337
rathptgcaw5akdmr,0.0
ue2w7o444erqarje,0.0
nroxaeebrhvuunxw,1.9079693982858945
jqpmzobrpkuh7pib,0.0
cw3rrmxa6ze7ivni,0.0
ubj32axfwjnxwzfo,8.847212922303151e-06
6pvsxd2bjv2owkhi,0.0
6aailblt376ogstf,0.0
rathezdvrnuv3xss,0.0
n3qzplzp5c2fhupd,0.0
7max2azzqxwzpvz4,0.0
zlmdslw6v2u3vhnq,0.0
7cvsvst3ostde2gd,0.0
krzt653ybrnet6ne,0.0
nfstxtxfobbc66cg,0.0
p6236qpcqo32i5fs,0.0
orj7333hk34yuttf,2.609029495744669
vqwssfglgajp7xdw,0.0
zpv7st74ffueyxus,0.0
y5irescfi3ns6nps,0.0
dcjhr6sne7c324wc,0.0
b24gp7w45xyqy7br,0.0
dz56cnkfsrfjzeqf,0.0
zjlelxjm3jnbyhih,0.0
6myyt47shhrtlp4x,0.0
ih7oagcdn54uz6io,0.0
75y2hlugwr3e7klb,0.0
cagn2n5qlishgxki,0.0
v63q2vlh5nae4pll,0.0
pwhxehxiotwzxdzr,0.0
62eo3g3irc3qau3z,0.05391789918215213
zqbr5b5raktlaoxp,0.0
3x5hmgcrfm3a2s4z,0.0
zegxpus4fesprwna,0.0
7oer2yqxrymomctc,0.0
ferq5qyrmilkcesv,0.0
7y7e6lykr5v2tjqo,0.0
mmyuudcoht323exk,0.0
xbsnqxo5xjsm3i7d,0.0
z4dggzhm7sst3vfj,0.0
sseu5smsc5qf6xx7,0.0
f6jpm3j5mgjfjz6r,0.0
bm7v22nbwk4z2wxu,0.0
uu37pub3tuskbtjf,0.0
n2b6ylhepz7yripi,52.063607367769805
6q27srss6tye2ygt,0.0
266qhfk2ralczy6l,0.0
7inj6efi6z47ndoz,0.0
qgnpxtm3rugwxcpm,0.0
u5xuydis5tl5luso,0.0
xdv6oztcf2omdfcs,0.0
kzmjup37bsf66i4h,0.0
nsb3ai5f75u5jc7z,0.0
vwakboyosanrxpcv,0.0
hfr3k2urplbbwc5k,0.0
4ihq5ron3w2uktg4,0.0
wekhao7maya3znnw,0.0
mpo5jj6rhffatj2t,0.0
cut2kpm267f4i7p5,0.001833020982263979
czfyxmkxiwhsxwnt,0.0
uhe7ptstlvf6nlvx,0.0
hwomt4z27ue3wu3i,0.0
wszktbbluqzclza6,0.0
tvvkab2cowwh7ti7,0.0
ycsc2ufd7bg467hc,0.0
blahrivqkrdxggoz,0.0
slb5pduyixlonxyr,0.0
bkjtr5wgvzi53nqt,0.0
hoqneltmlmmcbdnb,0.0
6hm2shcv2moznewv,0.0
fenw3d4wiz5muylt,2.412667341811151
whqll7ezo43v562a,0.0
pfxdfqx3xok55yd7,81.50094287868967
cbkilr5pgdjavc6h,0.0
uppyflgcaro25hoi,0.0
phpeufzdatb5pd4z,0.0
5o64vasdl72bv2ce,0.0
cd3x4nnvxfklxddr,0.0
zvjlq325jli7jqps,0.0
chiy2hjw3iegdbnv,0.0
t3puajzewgzwsmdj,0.0
lp3e6ke7wz3qwn2y,0.0
sovotjjurocla2ch,0.0
jpkcnwjvrlgja6lb,0.0
7heqsq7rtmkc2myg,0.0
6ypg4hzcox7inmho,0.0
ojsz4oufqhq5qpys,0.0
hohrqyz745gdtufi,0.0
mu3u42rj5xft7y64,0.0
gpjkpk3kfs4uimmh,0.0
fhsihu2pma7jvyep,0.0
krhbqnybig3xkc5j,0.0
5w5iwcr4adrd7uka,0.0
nliiegw6rxix47tb,0.0
cj5qp5gubunoznus,0.0
aotclrnnfsxi5ybg,0.0
hcka23mavitgedlq,0.0
cxlfr435dnq7k4gb,0.0
ta6dmivish6gqepz,0.0
vy2i4ay52sva7ceh,0.0
3tziwbqa37gdvpw5,10.59119689657849
eyhgygyad7phbspk,0.0035515033977773364
njsl6zrb2i5dklmq,0.0
rqovf3mwoafd4nli,0.0
xdi5aqgqye475jyi,0.0
ixhhjpkmea3nwm5y,0.0
vhh2alilbqvm36yo,0.0
prbsmayodkjxnazs,0.0
m3e25c4z6vdteb57,0.0
bbbb7eb7v2z57mp6,0.0
pqcfbxfnxw5cf6g4,0.0
o7hx3zde5nmbkp2s,0.0010220693203029435
huolkcnpsy3wyhdt,0.0
wdjv6fguu5j7tmwi,0.0
e3qc7lpei6bnvbks,0.0
g7oa3nmuyj4t2l6c,0.0
jswh4spkj2lk7bam,0.0
wauj3kzottqa5vbl,0.0
rsnofwpldvsdn3oe,0.0
cu3kkgqqxc52zzpj,0.0
g57xiggux34w6edl,0.0
riw5un7qr5b76cjp,0.0
6zzlvso2nschizmo,0.0
auu5i4w6w4ts67sc,0.0
czy6a5tcye3ch5xh,0.0
ipojiu7cfgfu6qxs,0.0
vc52u3fvkz3zkd4h,0.0
jpa6yomwm2lialda,0.0
ezvdtfkgx65q5zt3,0.0
5z3amgplpjymsi3v,0.0
r4wdaou2qfrpp4wn,0.0
v64nrhjygzyslrma,0.0
fq2xgnq3gxcdlr36,0.0
pgecqe3h7mqrnzuu,0.0
etoyumgppcq74h7v,0.0
pf4sogrkb53mtgbf,0.0
rvnjhn2nhwd5vftb,0.0
shydqcmpuhbqwffw,0.0
wspuaes4wwdvg3et,0.0
ipqpejzya45jn6fx,0.0
3aul76q3b4ts6yno,0.0
nulb4b2cbdfffkuk,0.0
im75x7gfvwqegoa4,0.0
2hguyxhuati7oqdi,0.0
ppbz5dphyz56wezj,0.0
bwkdqp2f6jefmgj4,0.0
42b5bknin7jbgcae,0.0
ujwnj7dcqa3bhal2,0.0
d7z5o6bqt53obxpn,0.0
btx7w4efnsejy4xf,0.0
txqzdpz6afhkhawk,0.0
e4y24scllbgeq3kt,0.0
zto7udrwqtmyjgms,0.0
fi6nmrmf2olcyh7s,0.0
mfaijyenvsk5aq4o,0.0
by2yc4pggczhykv3,0.0
itlayfci6pevzt47,0.0
xxvjwbzv2qd6dyd7,0.0
d5dpql5ukzohpzuc,0.0
w5uimlagbhs55ux2,9.14882599979803
oh76awdsaquqibly,85.88248477487929
i5yuorqu2obheits,0.0
6xb4xs27xo3isio3,0.0
whcqiasxdgu3phzu,0.0
bvroxvambboxktig,0.0
pmavyvb4cqyhudng,0.0
kjorvth3f4ge4rea,0.0
az5ogx5b6esslwfk,0.0
w2g7boqepgaz27zp,0.0
cbtunfatwvz7son4,0.0
2lgemscqwaepqol2,0.0
xlfrwofar3i6zywz,0.0
nrrefcmbhag4tbyf,0.0
f6jlbzxu6vuu4mgy,0.0
3xd7d3bcmh44rgn7,0.0
j6qoqvevuk4alpni,0.0
v2ivfl7c3vca2gwd,0.0
iul6ajriyhwbqcwz,0.0
qzclxhzcenqdumec,0.0
oy4on3mgujdsl4xs,0.0
v3nofiqp56hr4wct,0.0
3v6jynbgba2em57z,0.0
luvky7eds7sfziwr,0.0
m4vduv6jemfj4oxc,0.0
y55qhofajt67nuf6,0.0
aafmocpxgt3orro4,0.0
kvwmiopx6lwgwl5c,0.0
45bxcmdiwy5qnovp,7.782069635858134
lwjp4tylyawikuaj,0.0
ba4tp5y77s6ebbxt,0.0
qxnmvs7skp5v4iam,0.0
w2s26mcb2poelxmi,0.0
ie4epmnkgksm3lxs,0.0
zxnq2xhh3vffeqdy,0.0
jq7olqgazuf5fkng,0.0
qa4htpdjadsdvnca,0.0
ca5tmenb5mm2dr7g,0.0
h3gqn3l63ql4y636,0.0
umerqezppngcsau2,0.0
ihr3lr37b2b3bzhx,0.0
dx4shhqtkp7sqip4,0.0
jamq5w25k6uw2ig6,0.0
nfxj7em7hdt2b2xg,0.0
onb7t3cfwjh34vcw,0.0
we2bozjbxcllkvtv,0.0
igufzcfilihpiqzt,0.0
w6gdwjhsbuex7svm,0.0
r5qigv4j5qok6cux,0.0
wntfbuzdkl4nsyqx,0.0
ascs3n3hjhu4qmk3,0.0
jcdhijituacmezlp,0.0
x23qe77n2p2sdbnd,0.0
mrhckeyww34wc7gc,0.0
5kw4o4a25iocgvgr,0.0
h4fwq3ravtudsprj,0.0
mnhviaiz3dgaob4t,0.009569748625588055
zclmzslnzrk4w5zs,0.0
cgtu7cr5vbstbk7r,0.0
4llk7j3tm5bqphiz,0.0
i4mxkrqmpf2jlvpu,0.0
xryqbrxytkuobfbt,0.0
na4trpliy7w7lcvy,8.413582018873404
34kc4ab47fi5oaob,0.0
klp7pn4tgiyunk2p,0.0
4ys7qi5zavdbnhsl,0.0
mrjn2ozg2bhru43o,0.034428573246528336
qck7fznqkmnkttzg,0.0
mhytifefn7vtzny5,0.014927615506455334
h75pju32i2ajxpg5,0.0
aj77kd7xgyzpfyhc,0.0
rjbcq7sc3tzilm2z,0.0
kerwrifgis7ykfi4,0.0
z5ly6vshtx7vbq2x,0.0
pyijbf7mtu3b5dz4,0.0032818839549483506
c2xanphlnqnxt4nw,0.0
4uhydagope3nry5d,0.0
f5g3hvdpgvnvq2nh,0.0
smgssv3awk5qh56h,0.0
fj5z2mei37r5wsle,0.0
soshzkzx7exgacl2,0.0
bwttdcnun7v5m42r,0.0
zebcxgmwsk6whgmx,0.0
fvvt3isjpj2w4hjk,0.0
p4mgvdmbmrt2ktwh,0.0
obe6fghnd6j2y5sh,0.0
k5sn2r275pwgf4ph,0.0
othyeil2fsbncj7c,0.0
bireoctdz46asi3p,0.0
3rvnq2hcdcvvznnw,0.0
gcsbdcrthyrxfdo3,0.0
xvlykjtr2iigryfb,16.04252598983076
6s7nw2wmc3gcrlhr,0.0
4ovldnlsaipxl5hb,0.0
st5gbbu5xfjtindp,0.0
qxy22ri6w4tf6jx4,0.0
wrys5f4h4bggdb3x,93.76152113235835
wzyixhjxwnx4buxc,0.0
lsv4vudzg3rhzcrh,0.0
a4rl3potfn4j7idl,0.0
a4hzkmgr3cslo53y,13.97544485010037
veqmt4kfjeef3jyf,0.0
gezo5sch3amsieyx,0.0
ipqszzt5dmil36pa,0.0
ivqfss6n5tvjt65o,0.0
4p26e5qdikubb42m,0.0
5warmdypmwz2nkav,11.764618218823836
xttd6xognswdnhmz,0.0
u4k3f7uua33klc4o,0.0
yctv24a4kl3xghf5,0.0
7sw3x3pyhbuxlnmf,0.0
5prulrbjmzio7e2g,0.0
ahow34wefc7jqwyv,0.0
hw4ggikdl4isz2wj,0.0030956901625207372
mulgu2e6vekoknae,0.0
ohv4v7t3g5jfk3yc,0.0
2ebcmbh5uanapcdh,0.0
l57bjrwrhk2bom6c,0.0
cxiclhm66t7qyamf,0.0
w6kk4dzzcievwvro,64.84888686306192
hcnelwvrqtqxwa47,0.0
3nx3u5lwbqquenm5,0.0
lhxgh6bm7nnyacnh,0.0
h75i5a4ebvtpgfy5,0.0
h4g7a2wyvyi6hwlj,0.0
njvs2dosyx3qkecb,0.0030956901625207372
qkjktmu7frgxwqku,0.0
s2shm745tqjurmyq,0.0
dxul6ymfp5aff2ab,0.0
xfgounp2v3imciya,0.0
ujyf7h4lmcdpt4b3,0.0032480821359898346
nhhky7rroamalquw,0.0
4zxkfcxbjymdi4de,0.0
o4p75o4qkpdwvbjc,0.0
5eba3vnsa6onodke,0.0
etcthpbpamabguh7,0.0
qroldhtjdtqosxm3,0.0
6u64ypldaqkwbmen,0.0
6e42kcjlhnk34xq4,0.0
3ymzrstt7tytid3o,0.0
pfqxgo7bi3q4fxzj,0.0
2hkft7752cnh6zyw,0.0
al4gu656xctk5cvc,0.0032818839549483506
kgmervjs5deblshb,58.365999558901116
brzyiplqaoqtgpfx,0.0
5z25vddtgjdndvcz,0.0
ziunhiid7ikpnwxb,3.08011416217954e-07
absxwsrv46h5mojy,0.0
5fijjcdhrflyimmn,0.0
xva2okmvhekgotqq,0.0
dzzpfyhbgb6obbnl,0.0
dceqsyndq5yashwu,13.653341551567477
3ilmgylmdwcljcp5,0.0030956901625207372
ok2odgqbinesr7ko,0.0
omci7srd5czx555i,1.1964314427188017e-06
qmhggip6lhdmfi4v,0.0
jr3l6cr34jhrkiq3,7.398228458790212e-05
xxkcyb5hlln6kadx,0.0
wpjapgqpiwi3mglm,0.0
bs7inxunse7yrded,0.0
gw5kgwt5yhn5rcrb,0.0
ecndksef7qbxjm77,0.0
fbpw5stqwdwk4rot,0.0
dctkas2mxzqncmlj,0.0
vi5fsapelxnpgy4u,0.0
l6twrk67fpw6juxs,0.0
m4ebwh3r2mna5p56,0.0
xhtso3wyo6o4ji2q,0.007372436098499949
5ooibhhgcfy4xc57,0.0
24qvrlrvllzqtsmy,0.0
2ugldj5ksasmrrx4,0.0
2xctekuca6glofi3,0.0032818839549483506
4tsfvfrruvtz5yvf,0.0030956901625207372
v4qsznf6mjwtgaun,0.0
kif52qabbgw7pz5m,0.0
5o76tvapzxamg26n,0.0
djks2v4q5dhukjzz,0.0
4i4z5vwihycuxlfe,0.0
z6yxwn34tdwpj2ar,0.0
ntq4spqg7e5sbwmv,0.0
tayssfnfqabkyp7q,0.0070903833467657745
bxfwc5pstniiaay2,0.0
wlbn7bqfsvslmpia,0.0
3ylqxzt7ht4ilfdi,0.0
ncewobdysvmerbur,0.0
uifm3mdjtepjkudg,0.0
qxhjirqqkngnboni,0.0
tvwaxqp2lztyu7cf,0.0
chrxrjxdnqntfzo5,0.0
5sqzopxkmw4krtfi,0.0
nqtorcb7hb2vhpiz,0.0
katqfnctbgz3qwg2,0.0
extvs2v7qfxhg3jl,0.0
owq3invpib4jmnt5,0.0
cmamogn3ihqcfryz,0.0
6he7gp3hyvrjsd4l,0.0
zghta5imlv5mvwo3,0.0
4nnzbnks55jqgjoz,0.0
ljjrkcsgx6yvsf5a,0.0
fa2n44kk52fmu35z,0.0
y376rewtaxwj2pyv,0.0
ghv7ntuko7mybcjw,0.0
3mvaslbw6baxc7pq,0.0
gttmhbqu6w2tvfwe,0.0
izudteivfoq3jsae,0.0
okj4lwqdfg2w25th,0.0
aowj6lyvwato7eye,0.0
4encjvyylufcbxuw,0.0
ks3gmcs7k3uuvhwa,0.0010345028091740271
fszbyp6oikmhugbl,0.0
kdlqm7riaryrdns5,0.0
ydy3aku6yvib3rvy,0.0
bb62vyhhrvckl7ud,112.27802538942689
vbwkki4cl34ul2yw,0.0
eedrgr6avza7icy2,0.0
3ydymxpm6hb2cmxc,0.0
fd6ristdrdiaunwc,0.0
kmeb4qh5z7wco5nz,0.0
tahhk7mmzqmeuocb,0.015565921501658257
vmktpxxjp6mcnrt5,0.0
3rvsz77fixh6rmeu,0.0
iz65bhhg56nujb3b,0.0
ewxc3kedyt33ck4q,0.0
ecarpo4fbklnuebq,0.0
5akznoiw7iggpop7,0.005356245655832428
irytngzbf4mrwsya,0.0
podt4xshr6d2sapw,0.0
stzk7o3jamvqqwhs,0.0
2yezgyazdiryr5zy,0.0
ygsyjdn2cqovuzpt,0.0
ggigknh5ds5o7t4j,0.0
enaymvgtk5gwbyrq,0.0
4hyz7esn3jlrh5hk,19.316253865267996
fnvegpe3brge56xy,0.0
7fujgauavp62a6b5,7.216999648482714e-07
nxfxe2fin6w2t5az,0.0
w2wa6r4e5p7xgm4w,0.0
go7xfbhr7izglqr6,0.0
fpe3ik6jt27uleba,0.0
xkwof6su4vugdyoo,0.0
ug3pwcjzucjlsbha,60.42159431277328
rj7ntaii7i2vz5ij,129.30614220424823
5zhvv33ecmg5c3e7,0.0
43n2ce5qkhkybtjn,0.0
7vfgvtmgh65n4nnu,0.0030956901625207372
crbx2xfguw47fok2,0.002354168878754754
ws2ycd47kbvbm7wv,0.0
sro74eoeojw3nrs7,0.0
2okd3u6g3qzrb557,0.0008727489280652565
36f76raml54jummg,0.0
covdo6zohfscy7qv,0.0030956901625207372
7juzogvodiaqtq55,0.0030630009715328656
k5a7ojust7t62q3j,0.0
v3ekhnfblywxc6i6,0.0
v5jbpddwg7boscmz,0.0
6uphjcsn26ewsfdj,8.675469434649339e-08
aysv7amlwnar3i4o,0.0030956901625207372
bmho5dctblhaoomq,0.0
xwreo4c4xe2fcewh,57.600770506006924
n7alitwivixvde32,0.0
5ykkka6dtbr5f4yq,0.0
sia5t3kskmujdonb,0.0
tuxqsvljtmappehd,0.0004015060503200615
p5htd4vgrcfxg76z,53.24874177307892
4loy3al6brjj57vu,0.0
szzy773ymmxpvgue,0.0
dfbxhltmgmethclj,0.0
c3hsn7hucwnmzv6t,0.0
txlrukfh4jbicln5,0.0
fiflcuxbbsxrnd3w,0.0030956901625207372
cgpn2smzw5mhx6i6,0.0
l7eei37l5evtxh3m,0.0
v5mb62dml7e7yopq,0.0
6tly3ysbuf3ub2co,0.0
cyrox4zhrwmcvdf5,0.0
3dom5petypqkcm2z,0.0
ufrpeo2scq7havem,0.0030956901625207372
lubu45xugotatfus,0.0
4jgfy2q2a2tes6u7,0.008362295905865272
fqx2rimijwg5v77k,0.0
4pytovm76zosce65,0.0
te3jl62ynwv3bgnl,0.0
6pzffhsj3urtdfiy,0.0
gkrmiokm54g65rxg,0.0
wa5vvxdmkxedzvw5,0.0032818839549483506
bbvftyh376uez4vk,3.08011416217954e-07
7ofgmwiqyesxeqet,0.0
fqso5qviz4fbykqb,0.0
kco5wuoq3san7tz7,0.0
xcdsvbsfxmnoimkz,82.47455513226035
fkqduxeglwaqeicf,0.0
wrzd2nip5eg4iltz,0.0
kof67ihvmkrzwqpx,0.0
2wd23kdacim7dczv,0.0
ugr7rzi7qadslrgd,0.0
v5d73bwrcehnblyz,0.0
vpwbeb7zv7k3vhat,3.08011416217954e-07
a2eitfdy5y757a2d,0.0
zoqgtjyee5gxlfwp,0.0
27snn7w7fwpy4c72,0.0
pz52b3zxv3ibfa2s,0.0
7zz7wkqlqm3zwcak,0.0
pbmiod5z74kuosfz,0.0
6mhsqnlif7dg3pif,0.0
j4nhwowhphybio76,0.0
fig5n4eflj3twu7m,0.0
73hubcgiadybofby,0.0
ccmxcb2gcypwdwxt,0.0
66q72eoasdryapbo,0.0
t3iehpsac5yacns3,0.0
ymzf6jmjlezo6klu,0.0
zi7khywcocincune,0.0
bm5eeyi2l2puok7t,0.0
2u3c7nvgpes7cdy7,0.0
gr2q3nhs34gahbo4,0.0
scettbxtmkrs46ow,0.0
uzp6slmdpkrt7zvy,0.0
fnnkp352etclpt45,0.0
abxwbi77wc6san55,0.0
pbaexqsmc5m73khx,0.0
3uhmw7dnz6n5k4be,1.542732291659909
whxtzazpnp6p55hh,0.0
577juyie3qez6w7t,13.884892830438012
az6i6xgfzaqvfg3o,0.0
vmzcm3n6hidqkbdp,0.0
7m2hcnv4ehaahwsl,0.0
bs3c4dvlrwbde6mw,0.0
5kybtyqkyk22rggq,0.0
rxqtqu6kec2thlyk,0.0030956901625207372
yxvkkqoo4i7lmfs5,114.12464929110244
svfj7bhr7daul32i,0.0
rz3xjnrob5uztwvy,0.0
rmjmp3de62bqlblj,0.0
ua76vugedowhty56,0.0
scfq24mqlnzpdotd,42.85325059498511
iavqjuvmpjuvwrou,0.0
bcbgluvdqyvhehzc,0.0
zuevfrozc7dn5qch,0.0030956901625207372
du53ouvuzlq3nrz3,0.0
nszpye42lktuutp7,0.0032818839549483506
w2fe7s4pwuonm3ry,0.0
fgsws326jiualpyz,2.9490806595970414
zosawys4tmatew4z,3.08011416217954e-07
wfl27exh35e3ksuu,1.1964314427188017e-06
c7gv2f7pk5bjrqqi,0.0
ynahvjrgiqdjiaxe,0.0
ksn44jasffgblpnc,0.0
jrycfn2cnwf3wmeb,60.57837369900192
idkem7u3w6qhwpft,0.0
pqv3pbz6mejjlun6,8.675469434649339e-08
aa2gkyq76mhkjsle,0.0
nu7wczjc5kla6w2o,0.0
fptmacafirc3egfu,0.0
7ydvnzrogfckbx7v,67.5050819157288
5igh4dffepd5dvbt,0.0
u5k65ezuvncuvktj,0.0
6luy37p5pux2aa3h,0.036551097398599824
a3thm5ifgxfygm3f,104.42522012195748
qjdag574esgzma23,0.0
7n32olqm2qbvpeye,0.0030956901625207372
7w6mqbloto5ysfa2,0.0030956901625207372
5gts6mgkxkqbmoe2,0.0
zvuacsnbbkatv5sz,0.0
s3gvnthkrs62ymfm,0.0
vvktgmaxhgsrve3a,0.0008715413240672094
bwpuenakii6aa4j5,0.0
jqzn7hlofdk4o5if,0.0
2rnauuflenact3wx,0.0
sjz5g5ugcx37sgmc,0.0
go4dylh6cr67sir7,0.0
26bafcjrfs6eduzf,0.0
v55yekgqojvkuv6a,0.0
lcybdxpz335zs3wk,0.0
i5qiawo3irufp6dd,0.0
iftpp7o6qgmtmeyu,0.0
aep62zpqcuowa3gq,1.1964314427188017e-06
hfv6rxdzxxp6fsbe,0.0
o2ybfcj563qrxpbt,0.0
3hbqj33vt3id7jbg,0.0
ndrpskbwvtqvp7o3,138.94114721658713
kcx5n7ewtg6mzooi,0.0
55pos3gth4upazbd,0.0
miu2kfjudgk436tj,0.0
xgs6aelmfo4oozu2,0.0
vwvvttuxbl37ejbf,0.0
njjx4e36pm2g4lx5,10.613528877791653
63daubqd6v3sua3u,0.0
7lf5oqxecuilv37a,0.0
x34yxss26bbd7pci,9.22147857248215
3cayobpmebobbnop,0.0
72fqsu3t2lf7ete6,0.02175435398049464
hebmz7tcqsh2td63,0.0
y7o723zo3f3642mh,0.0
vnkdhn2ceusijars,0.0
miinxacg7ay6twyv,0.0
uront3nzqhs4di2q,0.0
rhko5rxzdjhvy4q3,0.0
wgc5oyxkp3i2akag,0.0
wyg4gh3yc7ya4pcm,81.4144329786352
wiwtmmrtcqoxjd64,0.0
4j3mi5jf453ezpax,0.0
e2pktmpwdivr22pi,2.912442142984612
pkjec67czvagx3vv,0.0
zedx6hfymubd645e,0.0
l7cfgnswdv2gdhkh,0.0
pffkf3hakbfo3tl5,0.0
rahaknjnc7rpjfss,0.0
nnmmxdk552pspj6s,1.1033680700858188
rivat3hu2xxrgg5h,0.0
bvhqwmzin7p6wveh,0.0
ld2keqxg6zfpklrg,0.023694120721253653
6lo62lw4yt4gjicx,0.0
aaoqah4danl5x5rk,0.0
og6if6f6tsogyks6,0.0
c5yxosbrijc4tsj5,8.675469434649339e-08
avjtcys5uf3p265u,0.0
czxyre3nfne2intg,2.977866512534379
2eiahdtyripcv3u2,0.0
mlsdlwbogx4w3okw,0.0
2te2w4phflglycqs,0.0
su73fzmxaam4vrfl,0.0
ddfuckm6bgmd7p2d,0.01306574154409502
obm5qf5cdvzg3wma,0.0
aifj2hfvnhrbxzpl,0.0
gwtsm5t3xc2nryym,0.0
76prqlpf44evptjd,0.0
qtqnxgla5hrjbqf5,0.0
ub2r7ljnwynjn6uy,0.0030630009715328656
3fwch3q4ssyf762i,0.0
cfko74mjrogd6wzm,0.0
mzri3w5ixbtcsnd5,0.0
th2mjeyh7bgyyyvf,0.0
z3ungqxzyapqad4r,0.0
pxngels76fxq5nyp,0.0
6akz2sye6pu7zz2u,0.4244518224403132
p33jmgzepwgk4yr2,0.0
xft3uwpjdltvgmem,3.8423217668732805
jppel47rvrhqcwrc,0.0
o3q5heqyrr7vohjj,0.0
wsair3n4ismbnjoc,0.0
uzpzwn5rzxy6o2cz,0.0
n3ptvpeqyl2wwppo,0.0
m2zzr4hpxhw7iazx,0.0
iiktt7xdkklr3o4g,0.0
yltc6ugiipy5dvhb,0.0
oj67bcrqm6r6biem,0.0
3bldg2erffpnbwpn,0.0
oqvsiosltcfyclk5,0.0
wld2bdehz7wsosii,0.0030956901625207372
kbue6yt2qgpitm3i,0.0
zz6an6hc57za2bph,150.76535214933395
u2actm3g2kd4bug2,0.0
oyer5yjngg5cqpln,0.0
a7ypij5vahbtuhs6,0.0
3hnlzvku2jq6kiym,0.0
ktkubobpjryb4ckg,0.0
6tixajtph46lnmom,0.0
f3tmqtl3gahox56j,0.0
fer4c7km3z4ioip5,0.0
vuzayv42kix5x2ly,0.0
a7ggcmb5smkiml4r,0.0
46hfi3launt2dy3l,0.0
pfneh2prp5oklf7w,0.0
wfy4r56dnlifmolw,0.0
msbnmtfi2t3cgno4,0.0
e37taxarlkx5imxv,0.0
ioqnp4qxgv4nbixn,0.0
trjlub7blkkgzrr2,0.0
7o7uw4gntcauoqx5,0.0
zkujmix2ou2mfdjv,0.0
6duvc6risllxte5r,0.0
jxv4fxqugnqgff6n,0.0
gtxfiznqo5x3xnyy,0.0
6q23tmpdkqdmt6mb,0.0
f62hsf4z6awkcnno,0.0
z6wjjzvqaodqijnt,0.0
ibkv2ecskqiyucrh,0.0
qomihs7rk3d72d5m,0.0
zvdlwsix6jj6sz3f,0.0
num5c5kmtxoe5htm,0.0
7hnw7prz2g6xfrne,15.588612713166489
jkgob5x43axnvfok,0.0032818839549483506
f4oz4c47autczqou,0.023694120721253653
3fmqb2c5l6lbipvh,0.0
5vmrfwaeeonvr3qt,0.0
c5nseqvbgjp5tukv,0.0
cyanjd32ywoha2ji,0.0
2hp2pmdgkodkdh2q,0.0
zvpelpnbokvboyjl,0.0
wjw3vzidcnzroq2x,0.0
suaqxtdg5dt67quq,0.0
upec357imzulo6sd,0.0
eauv2mgnqiweikcv,0.0030630009715328656
gmsnyxrvymtxudbe,0.0
jkwykkmrcbwjfboe,0.0030956901625207372
43vhu67wkqru2vbb,0.0
itwhqq3lqv3ygadc,0.0
vgrbgz77ismwzzjv,0.0
joiraddq46opgal7,0.0
6r3q5gulp6lhmpu6,0.0
b77rrgnsy5cleuep,0.0011457180504007628
autycfjbcxig5sd2,0.0
epvkflmllpo6tjvr,2.457598486183679
lg472mchiodfi74s,0.0
efji2zt7zsmtnnbx,0.0030956901625207372
2or2mphz7ko77irf,0.0
lmb7xnfos4tfr7x3,0.0
zf52mh5xlryzcdwo,0.0
wsfsoehrx7f44jpv,0.0
yg64ex5twr4655l6,0.0030956901625207372
l3yjpkar3vvmxc2o,0.0030956901625207372
v6upcdtggjkkjds6,0.0015621139890629532
n72vthhwjb3z2lkj,0.0
4ocekez7ifgntljm,0.0
ns2k5piswmv3yy5y,0.0
qlrj5pob5vjxxsdn,7.035545799035574e-05
oa6hoyagttr2oxnv,0.0
c4vxqexa6c52wcsr,0.0
tctnpzvt5nnkpots,0.0
c746yyj3rj5mjkhi,0.0
6v5r4pwduttolxaz,0.0030630009715328656
jwtq5pxmhw42lei5,0.0
y5pmnvo3xeqf7sbn,0.0
wdg3jawivlmnjkwp,0.0
q2l5tjuethnvltm4,0.0
ibjkspzzviqv5t2y,3.08011416217954e-07
47qugu2vuejmf42u,0.0
neae5aaqvzdwehhj,0.0
ipbmfze64ej5ck7z,0.0
psqt5tomdggw77lr,0.0
humjvdi5fdwoxmvj,0.0
7lmc6yukb5gbjkz4,0.0030956901625207372
nazhdkmsg6p7imkv,0.0
ai4dlvgnsk7fxcmz,0.0
nllizbzss7mjf6ky,0.0030956901625207372
xqt7laix37ozm2vq,0.0
nmih7zlvbre2w32s,0.0
ig53qcw7owpqvqq2,0.0
3skolqsepw7r62aa,0.0011457180504007628
qjoynx7jcnazjfdw,0.0
7qpwlini7qfjqcks,0.0
svbj6es7xsiopn2l,0.0032818839549483506
nozhl5gvnapgzvko,0.0
gzfvaruqxomgnf5p,0.0
75jy6lqapxanniy7,0.0
ooidxf5otdxi544m,0.0
ogelnxew5kcgbdea,0.0
mg3p36tkqqiwsb5k,0.004530331399214355
33rgr52ma2nm6imd,0.0
sd2yllrpecm2o7lf,0.0
d4ejupbjwshmem5a,0.0
pndo3avenzgnykgp,0.0
5mfjhnwav5ms2mi3,0.0
tvi7nth3now5fba4,0.0
udmsasheutp546c7,0.0
dzftvfbovxdg6b5h,0.0
45ah7w4ojiz4n46h,0.0
yte5swc3e5eh42ek,0.0
quoumedey6ajugfq,0.0
5fhwxlrp3hwbnzuo,0.0
m5fsn2d3zgcfqbum,0.0
ulafvnf4qlnx7s7u,0.0
7a3z27hvf6ggxx36,0.0
fyrfipk53znopr6x,76.82399562459959
s5gok6xbvbtmbciy,0.0
wc5iupbzwnmzancv,0.0
vxqyze4yt7sqlylr,0.0
fjzzdzhuwlrl4wtf,0.0
fcw53mbsleqitysh,0.0
gajrhrfokpb4beg3,0.0
5rzps2hjiepekdey,0.0
unzaazzt2egfjumn,0.0
ivdscmgkzgzpt3sf,0.0
mjvj4663otfzjudw,0.0
yn3e6hrmbbobjyat,9.54529990401379
ugrowwko3rc6yykx,0.06721224441786382
cdy7xy4nqe5n3hct,0.0
xlesz7hqirgtqsc5,0.0
uthf5mfeloayhnni,0.0
3xetepmgwa5dnw35,0.0
3f32p7bnx6t4qsgd,0.0
iqrrsd7np5erlrt2,0.0
ar73ano4ujuqszxf,0.0
ahlk2jm7px7m622g,0.0
vmo5w4x7rmdgaqkh,0.0
5zvys2plvxcbxowe,1.2871320788653884
d7bz4optct45csbh,0.0
ljbyzkysk6yemz6g,0.0
o55lif4rby3pfo3y,2.6932065764098634
py7xys7friwhz37a,0.0
zniqh3zw7orjybcv,0.0
wr7wboee7eesuua7,0.0
mwi32iznmx3uqyjd,0.0
7xb3trmxwlzlngh5,8.541524711655654
s7tvey7cvu264r47,0.0
zxhwpkyji45dhu5q,0.0
ouco2oyqaoresiih,0.0
f5likjbgplzezafc,59.9275941342819
wey4dzp3den3felg,0.0
k6xmreqcyy4epihn,0.0
ld4jc4ls7g3ugml6,0.0
sz6bzjmpbhcidimu,7.04004987174686
36i7ow2mpalicwye,0.0
ihvyy565rjmfel7h,0.0
424vk46sicts2doj,0.0
7pr6tq6j4f2z3z5l,0.0
6r4n4keqg6mw4i2c,0.0
4qkboxcba3gpkkx6,0.0
vehupehmirczlq4o,0.0
2fu37z4bmgfpeoh6,0.0
vyoixknn2cmu2aea,0.0
jri6bltnlouffx63,8.675469434649339e-08
hi67g4ksxwbitcf5,0.0
vr6q34anqbpzsn4h,0.0
hqr4wfcckyljgcts,0.0
27edvzgwxuc6vk7f,0.0
2mswnqgvgjar4b3l,0.0
kgtjl5rjcp5pzjpz,0.0
ila34dsg5upfc3ta,0.0
vtzpdsic337mi4pn,0.0
wythub7fm7ydcaxv,0.0
mk74fwxpuxpwc6n4,0.0
7cby74nq7ulznnci,0.0
wzr6dqwk6n2l4xxb,0.0
3zp7x46dkys7ekoy,0.0
k74nofi6dthme5yx,0.0
s3ornsbugr5mnsk2,0.0030956901625207372
ijt57zrsjutbo5th,0.0
fzkbdwml6tc3mztn,0.0030956901625207372
v7lhjru3xakum7eu,0.0
dxwirp2v5l2xhqea,1.2643056421026149
7ontcammn43n3azo,0.0
i555tahcmk22oxdp,0.0
5vutiogd7w4m7xnl,0.0
t7gytujbis372gzf,0.0
dul3tw4ggemrpny2,0.0
e7ntpa6tk7kx262n,0.0
3yxz2yi442gpntll,0.005666596642534163
2jxmt5aeuzmyvs2q,3.2720694452442407
ejxlapicybccfh56,0.0
j663wrb55uxji6q5,0.0
fc7n2a57bvy5xxea,0.0
gr64nilkul4wybtk,0.0
plqnpuaym4gilhyk,0.0
pwfrbh6w3mxoizvk,0.0
qpizrevaxpvbinsr,0.0
22s4kzjan2v2jlhw,9.977216977985528
r7cyhaueroz2ef33,10.830765072340393
h5jap54az2zvn4tp,0.0
5mdx6vmztekbox27,0.0
4do5tsmv2y5ken66,0.0
lmeledi6ug434vw2,0.0
qajwpsm66peks62m,0.0
5lt6axbzu5wa33xf,100.76456720642338
i5emzzkygi5ckozs,0.0
u6k6xqzk6a5et22c,0.0
bhjcwspehdy5ynaq,0.0
7gfwhifqbxuzj33e,0.0
2m4nuf6tu66mwbfk,0.0
k5klfmbz47yj357j,0.0
bpqbokijqvblhlg3,0.0
io6ia75htfwmz4ey,0.0
ddzozofy6x2blrs3,0.0
eid4m4ka5n6nkhhm,0.0
kbqlpbbldppddmjj,0.0
7isswj2yaadqi7cu,65.64925949703736
ju5ryzyjdwdfl4u5,0.0
ueyvidus35aizg4c,0.0030956901625207372
p62bcjjyetrowntn,4.853646376191414
4a6pmy4c2twhxnis,0.0030956901625207372
bvyte3sq5mp3dcx4,0.0
u4o6qib5xq77rk7x,0.0
manyh5fzm2msodof,0.0
n34dwippkir2atqh,0.0
5mb3vjstpsp666uq,69.79470629402574
zsulstdslxjlwdcd,0.0
wysyk5kt3re6njms,0.0
obwzyoliyvwggpxm,0.0
wsvcn7kxlmhfmrx4,97.54958322967141
y62qbwyyf2pk2fdt,0.0
gjegxuqwy2erb5fv,0.0
kn2cnwuhfbg5syqb,0.0
v2tpuu44ir7h6thk,0.0
lqxgwygbviql5k2g,0.0
jcq7fvwjemoxg673,0.0
wn7e5exgxgzu45tu,0.0
mridzvlnhnubqqk3,0.0
d7iqrlvbsngmh5cx,0.0
bfmild74jztjpknp,0.0
jqwbuffmkwdt4aml,0.0
6wy5mbxdiandajwz,0.0
alss3hgfklzphrvm,0.0
qf3gc6a346toawc6,0.0
jblivilcs25kbs3n,0.0
lhpdszan7u2umgy4,0.0
ocmxia6nzwrjzfq7,0.0
j3jumchnevjzdqta,0.0
xhm5deomzbii2deb,0.0
ipz2nf4f6zpr4mk7,0.0
wgebyeh7y2vj3fjx,0.0
aqofqk4k4pzq3p7v,0.0
eo52meiamyptdfno,0.000915588618884963
7jz5qdtzmlmwi43o,0.0
acnk5gsc6yioguvu,0.0
2fdonb7rgapioqqo,0.0
7uyphtolfzy6hecp,0.0
zfnwyvjgndnud6hz,0.0
vdty4s3qtioovyj2,0.0
pc3q4q3yiv2fvrvz,0.0
6nkh75z7ithrcoym,0.0
sucre57medqb734l,0.0
n5rivskzseaxmmjp,0.0
x5nxqnwfhua3zsbi,0.0
pr4mwcedl7kazo34,0.0
etpsui46mazqclzz,1.8981079578228504
oibf4ohz4zgocxa6,0.0
ffsrzzrzaaehsgcq,1.89185931011336
stuh3nf4hayi4dty,0.0
qnab4po3v4wnyron,0.0
uj3xqgy2nfl36tef,0.0
o2v2of3ockqibs6i,0.0
ad7j3jpoudwjvdup,0.0
dxw42x3tebwtes3h,0.0
o4fagthzo2xexglk,0.0
r64mrtvbz4hsrs5l,0.0
4fy5wxeclu5wqbp4,0.0
cllhrokgdmuulyfz,0.0
st77lmbhcexo5663,0.0
bdlewevrzhfiarhl,0.0
yosq3ijzl4lzqu4m,0.0
wq3vqwhvxgoied44,0.0
cnqo6l2d6eadacmi,0.0
owqhccezc2coilqx,0.0
ie6igdxwn3sannat,0.0
d3p3m6eio2c4emc3,0.0
sht6qakdqjb7iajw,0.0
wk4i2egm34y2rad2,0.0
spnjxehsuzqin27n,0.0
23qshkno4s3wi3sq,0.0
kcapzgjp7dmgb42n,76.43613200968107
xa4cubjpeiawicze,0.0
2n6cqgq6zhlt3nzp,0.0
vuuwlpuuaxxo4wmu,1.5082956335898927
qlcb37vb2yiuf7ss,0.0
fyyrhqbu5zix3rod,0.0
ztx6jt2xuu6fxdbn,0.0
h4g6i5gfnod7k2rs,0.0
w67plyd3texbmigc,0.0
qoyybav5vtfnxywb,0.0
vrddaoovfbrwotal,0.0
ei2sr6mfat74m763,0.0
pnbpd2zmlyvc6y2l,0.0
jm2fgjn4ah2qufwj,0.0
64uzsjjfa5yv7nna,0.0
ynw2m5znkay3oo3y,0.0
criwua5g4vdgqmr5,0.0
daocufjtfdsfpqvj,0.0
gfyjubwb5o2rekrr,0.0
mru2sfjskcn242ag,0.0
k37fdslc2xsighmw,0.0
rs5ipb6njrq3ozu7,0.0
wefn5jmv4r7zsoyg,0.0
ms7ppmyp6f5jjqkr,0.0
4ta7hntsn2oclm7j,0.0
bnidi765xokhoevo,0.0
lcwvxf2zjqkudboo,0.0
mpcy6pnzs6qtshcu,0.0
vvhmoz43ygjzjdwt,0.0
6bx7qcyitphfojsn,0.0010734855015815145
4apzuxl2i2bcllxi,0.0
cn3zpspastn6an6a,0.0
l6jfluymgx2pu5yv,0.0
thyaqmae54voqo4o,0.0
vmnn4v5c65u35slf,0.0
exu7r2eaixdpn76o,0.0
qbcdmutxger74l62,0.0
fjprunrn2443fsoi,0.0
yyxan6pgcuhcepci,0.0
alw3j65oz6c2w7i7,0.0
i2ycbs3nzl2xf5d3,0.0
5dmtmnnkybyut26z,0.0
ssdqxeg474lgz2ss,0.0
7zw7lirhd6ogzlcw,0.0
zhcm7q7dxsprkuaw,0.0
7ohkwu67gpcxbm3f,0.0
kbv4qz3xjjlqqghu,0.0
4wvvvjdiszwtx76t,0.0
gqauawewresx5ty5,0.0
cbtc77everbvym5j,0.0
5fs7d4kgqpfx2oew,0.0
qkgkr6n5lxlw34ix,0.0
2kwlokshcegd7ik7,0.0
nnfakhje2ylrhtxp,0.0
igcpeebwfx5ngnpm,0.0
436a2brvq3z6ez76,0.0
hxw46i7bauuyjbd5,0.0
km6f7eod2u32iacc,0.0
annmsh2mmb3gfysg,0.0
4rwozxnzcxmylgyo,0.0
fp622kb2iiiyc54s,0.0
zdgqtcgduri4ugoc,3.625179643315657
m2fnedsjhjins4vx,0.0
3gxp3hlu57ma4skp,0.0
pgtvtcosuywrui6a,0.0
u5f25ta6lnzpmxzn,0.0
ne4jn6llf4oqi2zf,0.0
jm4oy7vcjnagmqqh,128.42310164032372
uovliyaldq4dumic,0.0
rabx7p24qof53nnj,0.0
ccno66toiqjnqayq,0.0
pqvvkk6gv37xfmda,0.0
curjqi7lhg5xpobc,0.0
4wcq6x6ytpaivhgn,0.0
jndi2urw3gavvjro,0.007274472763658339
26mdkwsgid6y3ozy,0.0
wz6y43zivvxz27yb,0.0
ak7yxewipbqqrjbq,0.0
von723wvrmlbr37s,0.0
faq6qoopgtq3ufj5,0.0
zopucv7tiria6lk4,0.0
piprmdp4fqt7yfo3,0.0
i7tdyfy6lggelpck,0.0
p4cx42j3ino6iluo,0.0
67s7pbzajns4x7nf,0.0
ms2s64oqlu4nxsl4,0.0
ohgg4kkyzwbbdsrx,82.31615073038782
s3dtnkkem7bh3zi5,0.0
ammybg23v5tpjqjb,0.0
j5mdem253twih4ug,0.0
vtbj7xepj4zpcewk,0.0
6kydli7z5qiwre5y,0.0
huaasigiwxw663e3,0.0
zs3tatuwp3q3nolc,0.0
f3a5y4ulemln43lo,0.0
vq2sidi3ppmzzwiq,0.0
o5nscfuh76bm2djz,0.0
jl7offviuoljqjhs,0.0
kr6mfxz7w5hoi7m3,0.0
hwpe2raegebqk7h4,0.0
gdka3rozzravncyl,0.0
j5ewsklxyohkomgm,0.0
7z3d3ivyptide2sc,0.0
335p7avbjxbaddsu,0.0
ev77nkrssryhbouq,0.0
p23rwlfqs4ummquj,0.0
7ji6lrlle7g33k7o,0.0
pzkpfz2y7ote5hbe,0.0
hpt7rk73oyqowkr7,0.0
u64lntteomn223hv,0.0
snngkf3zxz2w6nz5,0.0
cb7eqbqg6n3xhppf,0.0
l7tq7elqzhmulzm5,0.0
iathwpaqwkjst2hd,1.857477231652108
wstj3bmu4aeg2ptx,0.0
xtgfccjh6gezyccw,0.0
gyu6qvvjwxoufhhj,0.0
jyyoz27zijeghqr7,0.0
xtdi5tidhgzew53a,0.0
vrcks6cxebiaggcg,0.0
3g5mtstjdv5s46ql,0.0
5f2rfmc7v5vagtom,0.0
pigp54sagof3cmxh,0.0
3hcax4uszata36aq,0.0
w7te5xneajyajhln,0.0
65xtki2x6vx7h5ls,0.0
d2vzjhbmluf3isle,0.0
3znb4ih64ey2kohy,0.0
mtsm5w2hqwdubpgh,3.08011416217954e-07
uw6l7hviiyfmdigu,0.0
mcu4wtagh2c4humn,0.0
zadqbi7jhuuj2pst,0.0
s77e4x2njlgqrsvo,9.693392928761847
fqv6nt7v4tmhg46t,0.0
y56ehhxeakbko77k,0.0030630009715328656
z22mrs5zpukxxnmc,0.0
p3hkst4skzxpykli,0.0
diqk6w7ty26u23qr,0.0030956901625207372
ts6nz5frqiirmo2s,0.0
xmzeyug3ox66z6lm,0.0
qyztcqaofz6cwlbv,0.0
hzn6dbqiy6ye4q7m,0.0
f4riwe7au7hbubgr,0.0
pp2zorzez7aixcxz,0.0
q5qdb2bg24sdw3gt,0.0
64yxkzzcnpm7kkqj,0.0
6e3tzbd6oudm33g7,0.0
z666vemkxg2htaxb,0.0
yvr4kczcktawi6a4,0.0
laxrszmu3wapdtcb,1.8798189754497083
7zivmjonwju4ozp6,0.0
cmtqzzlf5ikf5mpb,0.0
6kl4ozgjschtv3m7,0.0
se6gfjdl54izzn7g,0.0
2lidqhpxm5budm3f,0.08203911291391935
lnxhux3z2gca6p5j,0.0
htfqcbq7os7snh6h,0.0
zx63egdo4okyacrq,0.0
lowoe6ji7lhntilw,0.0
gbhrscjy2y63upyo,0.0
6whefppdjhbdhena,0.0
fl322hhy2qwyzql7,0.0
5g3rud3pvh52xgqx,0.0
yss4vwfq6jeixfib,0.0
u2u66own2hx7owa7,0.0
4fj6eo2uzmiozilx,0.0
qrjge6ogljp5vjpk,0.0
dmyiehhf6kwnl7fa,0.0
dim5z5qntfc452gx,0.0
qwkz3vu4cjsau64q,0.0
4tmfgcercr4swsii,0.0
2g3xrsms22eh7q6g,5.488942014964695
rxrxuc3nakwl2tkn,0.0
styjff4erwjxesq2,0.0
v7lsl5c4vcnzbfju,0.0
azsmhsc6oonbf42v,0.0
qxq2me7y2abt7j4r,0.0
gyfpylm7jgzxcz3u,0.0
xegi573h57hojp63,0.0030956901625207372
te7fetwc4ljsiysw,0.0
aih22upk3lws6v77,0.0
knigjor3baerdxvf,0.0
6qu7oovvynxbaq2f,0.0
ky37gaejzwe7nu2x,0.0
yoyisvv7lobxkgax,0.0
hunl5mzm6legf65k,0.0
g6maer6eolp6jp6f,0.0
o4m6iwnwkkf5a6tc,0.0
cde4jovlvhgt5etw,0.0030956901625207372
ea5on6d6coqhph4u,0.0
pgrvtarhd6jsutls,0.0
7wprdxvtjwknlsgy,0.0
5ciygx3qgx42uyyc,0.00021274397966874505
bxumrkgakxgbtfwq,0.0
ieoozqdudsz663q4,0.0
g7ecrwewpfo7nhhk,0.0
jhvxue4x4e7mjzaf,0.0
2klah7ngr6rpjzq2,0.0
mfmdleikbqrc254j,0.0
svol6jfl5zhncq3h,0.0
t2kt2yu5kgh67iyx,0.0
qbb2yerggtlfts2j,0.0
kavmrvpu3tj6imoa,1.9522279179328825
oportlx5dhp752le,0.0
st53hryrotrvok2r,0.0
sz5qlpsdhh4gw7vc,0.0
ilpyrqimystd3jpp,0.0
4oluee5azmjmpliu,0.0
ipuytjr374a5sc6c,0.0
gdyeqmyb75ru6umu,0.0
n2v5h5crodq2yyfh,0.0
3nccjebf6uypbno4,0.0030956901625207372
wgjuxiprkbybfdsz,0.0
yx5y2nbivu7cz2y2,0.0013729128974077859
62ttbk7vvpxg4jx3,0.0
bnoyjoqymwx2yhpv,0.0
dw5hwps4zvdsaxm6,3.4953250936199156
fbasuiwo3aphjcej,1.1964314427188017e-06
spdyadibtvx6giof,0.0
bp7god5tadjpvwhq,0.0
qx5f5wupmg37husv,0.0030630009715328656
bz7yysjzjjbbczko,1.1964314427188017e-06
7pmiqkisjuyds2uu,0.0
4rctbps5kv6f6xyc,0.0
ou6bqzcotc3sjwvt,0.0
2fpipizhm4fjbtwg,0.0
melynpbuj4x5ucfj,0.0
fvgk76nvjc33l3mb,0.0
ovbugxjwnor3acve,0.0
atjpfrmxakm4s7b7,0.0
rdeilxwww64wttce,0.0
lweyyxnhnhldk65y,10.860305929755842
o2xxwgcqlpah4m3s,0.0032818839549483506
i4zgsjcu7okyjfm5,2.143887677532158
2vl2w3iorybqcqng,0.0
4jwjv5f4yrzjj742,0.0
o3whqqy4hxlj3ayw,2.65340383855795e-07
vcrk2zmcd3f4yq64,0.0
el6ps5ung5vpgiag,0.0
tfumzpnvcq6gf7ms,51.43711429082732
2kcfnxxenweejpk5,0.0
ptqy6iqhfp4qk7hs,0.0
zi4shfwkkixaq7m6,0.0
d7ldmxukrelw3l7n,0.0
er2xzgnhb4iuyq4z,0.0
mteehhlq3pyhdd5j,0.0
ujwref4rj5rhvxtq,0.0
uwg6edfyonybnkjt,0.0
wosvtrpagf7qalnj,0.0
i24letotbxtdpxis,0.0
7fa65crd7j6nykux,0.0
pzzbffvlmjwlbtid,0.0032818839549483506
afccronw5qekxokh,0.0030956901625207372
xmfejixfwjni6aw7,0.0032818839549483506
fdzjyj4p4so6otj2,0.0
nbqij66gjjfap5yf,0.0
xmpthx5d2mth24fd,0.0
n4qfuklfcenfkj6t,0.0030630009715328656
64q5kfwewu75gnph,0.0
gbmczylaitlajaz2,0.023694120721253653
o5cjbmivcvxzrobe,0.0
rk4cjt3vwedqg52q,0.0
55o7jyyuqka4geez,54.31953168105376
54aavz2q5je7qc6f,0.0032818839549483506
q3tge744qx4rue3a,0.062489775128106884
gmv3h7tzpxf4k7vg,0.0
2v4zmk5wegfe4r4j,0.0
fnfzwceia22barg7,0.0
azj3ndubo2fgqhbr,0.0
wyyybk6pnb4zccn3,0.0030956901625207372
girgdaeoy6mm6y74,0.0032818839549483506
ml7edcfprgxqouym,0.0
a2hos27egxjlt2kr,0.0030630009715328656
e2zpzdooq4k3rjm7,0.0
whjmm6xjhl5ylzwa,0.0
7xjp6wiv3xkrezyu,3.08011416217954e-07
ulfkdg4zzfg6tqsc,1.1964314427188017e-06
sodryd3tr2hdwejw,0.015565921501658257
f6su3va6llssh5ks,0.0
baz6zp6u5mcog2n2,0.0
lkwbmp7cwawjwvvx,0.0
jxblytejgi6lfis3,0.0
ne3eapf73k4fjceo,0.0
x56umqeznvub7z2o,0.0
yyuruewxpzyezm65,0.0002623902987903764
7tt6vhszhbbks6xt,0.0
mieklegseyiyc56p,0.0
jeae5jd4lqjmrbea,0.0030630009715328656
hdob6di77sin2let,0.0
634sqzjpagcd3uhi,0.0
bkmakuqupbbccu6z,0.015639504290588416
ycnww3z3r7rklox2,0.0
edmw7dw73q7k7gba,0.0
rd2fqofzv6ydccnv,0.0
qs2uxpkf4mqantdi,0.0
57gc5vutvmygitsu,0.0
sgtp2a3ucyvbzwew,0.0
piu2tfxslb2hzcqw,3.08011416217954e-07
2e4ipbmz3ie2pmhl,0.0
qyfa4sautbhuonw4,0.0
mrzwsjgzx2sl36p3,0.0
5hu7efrq6p2u4d2w,0.0
kj4iblfcxakpvu4h,0.0
wbey44axjyxfyqbu,0.0
zdjdmszwzxvwuhyp,0.0
elop4ybywbgxukbk,8.675469434649339e-08
yxtfkxsh2wzfeujz,0.0
xzrnorev56vcb557,0.0
qtoazudtbjjej3yf,0.0
llz2m3meqzg6nbl4,0.0
finavyzb3smfvill,93.6116104690234
yt3yrfokirn4ssme,0.0
htmfpiovx42gu2gu,0.0
mjhrl6a3fwef3ghe,0.0011457180504007628
d5vvii3a5jzos7jm,101.50647198235711
4sofr6l22a6sfcyl,0.0
tpwe7ui7r5ath3mm,51.71641367679032
xezinxgvk5ee2zdy,0.016102047264879724
2vsznl6y24au2cwl,0.0
kzg2it4wi6mdlgyr,0.0
lupirsqjx7a7mvry,0.001033901564300561
mo5ilobdz5hrejx6,0.0
kia3vqaxzicxxwje,0.0
ykt4w4quna2alrnw,0.0
buuazgb5jtcblrvy,0.0
w5acqhph7oeut4yu,0.0
asskw47x7dydv3dl,0.021163082840726002
7riqzp3bn6nmlsoc,0.0
w2dhyyvtrhwhsnto,0.0
vrwbg5g4x22bjd3w,0.0
em3qtv3avah3eeye,0.0
gczkekzvilafcwsq,0.0
e6bsbhkynekfiela,41.57299257058637
ldkzvmesmprvzadu,0.0
zm33qfgu36yby3yi,0.0
t6du6n5lri3fiirp,0.0
ijpkhe73q2h4glcp,0.013366920589264636
6gge7yusy3w6lnqu,0.0
wfrkt776lnzqmasl,0.0
bkudxizsliyaunrm,0.0
zpso5js2vyhytyuq,0.0
vecxzuwykypskgdq,1.7361610894630175
gitnvxqvkfs322es,0.0011145473943184815
hrtief64htcci5ei,0.0
l2ktxc2jscuothxi,0.0
wjbahvtrlgaubnw7,0.0
yrbngjpjpygxffyz,0.0
bgitzjyrsdf5gz3m,0.0
inydrmpnj3t6mwda,0.0011457180504007628
7q7v5ehiks4a6mtl,0.0
x7upeb4yefw5eiyd,0.008887491820394038
w5dhhkz2ncfykewm,0.004552716119490789
hievz7nstcnus3z2,0.0
rnzhbbhkcn7owlhs,0.0
khaq4mvc54ula7dr,0.0
pf23e4blqsjxn3z5,0.0
qiziwylkfcxunxsm,0.0
yqlurg3mwhq5f43k,0.0
xpi47ffsmrsbvnf2,0.0
lusmwjsoho46akna,0.0
s4iw2hpligzofffd,0.0
ce3hypawlpfdixtj,0.0
epgipz252am3opbu,0.0
ufzga7jdvzn5khof,0.004677459217860891
2xuusndvavjs5rnt,0.0
nhdzchdlbheue2xt,0.0
vu4i5ykocwze5c5z,76.25802825354391
ak6hxqseciuf4yg4,79.10797296217876
uuknvevm5bhuubeo,0.0
yqfksdbbxim6fdlo,0.0
3empsimmvth43ci3,0.0
5i3xgf7b3242osvv,3.08011416217954e-07
golgn2mvptcu25bh,0.004717834509126511
xnfvq53fu7cgp4lc,0.0
uorxwohu3uln36hi,0.0
ckboxv54ftxqu5fo,0.0
u65tafonhja3m5tu,0.0
ktt5vvllpie66gvp,0.0
xecwsdnt6wfr5ebv,0.0030956901625207372
xhryvchkbk7kxxyi,0.004255735046064906
urdgp4pv7gblo5db,0.0
6fljl52a43nwxt32,16.5314644685692
frre7miobztwwvsn,0.0
as6rult2h65m5acf,0.0
ztr45dkp2o34hujw,0.0
hlxvgcw6kqvsqgwj,0.0
222wlefm7esnsi3h,0.0
ibvprwcyaw6lldpk,0.016102047264879724
vvfyjbgiewa5n6zi,0.0
5no72dkf6yq6vbeh,0.0
5yfepcaensljs5nn,0.008829094782721982
j3v2xeia2hshbsdd,0.0
iq6bzxs2s3mg5too,0.0
kkucy7fr7qjvq5dy,9.379521060460826
emsdhvrwifujy44b,0.7237743459562925
midptkm3gk3sff6k,0.0
y2opwqk53gochztp,0.0
tm4w4l4j5kxs7lsn,0.0
7lyi2mhmeyebh3f2,0.0
i3pupw455mvwsphr,0.0
j53xoojssgeovhyx,0.0
y3c6jjvqexqtxms4,0.0
5lp3uvkkyie4wb3a,0.0030956901625207372
gyahi2bd3zkedb32,0.0
cjpmpe2k7756w7m4,0.0
ngp2ol7kbk45absy,0.0
tg76y3f5pfvyne6q,0.0
4l3lofc6z525fqlm,0.0
gdday6snztruziy2,0.0
6mtakwqnwpp7opgk,0.0
wan6f7bvgzzndroj,0.0
xxitkcyybfnwyewb,0.0
dtajz5cdy2523kec,0.0
nju2hkcfa5juhetb,0.0
hh5xj3wnxgirz5og,0.0
lufebjyksny7v2w4,0.0
4j73us4xhagaqyjt,0.0
23464mvp572dqgaq,0.0
kuxzjzi3rmdlkfr6,0.0
fuzi6efpjefwtxr2,0.0
rnc2kpbyzzb2u3gm,53.68561877821431
z6am6co5w5bfmehr,0.0
tye5gd2qeu37gmzd,0.0
h3l2ss3qxmlflcqu,0.12679775002825822
5uzogjht2a3tjvlw,0.0
x3thvdlbpgw7bvyu,0.0
wetc7akgndc2nsct,0.0
xgvk4e4varivm5i5,0.0
pgibyfqm2jcwu6gy,0.0
lxodnrg7gkx5hl4t,0.0
k3lteze3wt3zipkw,0.0
mjccxnfe3ujo7of5,0.0
qn6uamolrsitdfut,0.01715382650345999
zfz3cstzjgncdncc,0.0
p27rhkvrotchhyar,0.0
eu6e3k4t5a66ymum,53.309285630187816
h6xwptdbyuk2kgk6,0.0
wyipwg4vzibmir32,8.675469434649339e-08
6zssmovh5m7gg6h6,1.8736501807710546
sfb3d2h44dcm4tsf,0.0
xlxdejndxcxgi37y,8.675469434649339e-08
x3gofizhuqjgpcyv,0.0
ar76hwgnzj4wt56v,8.675469434649339e-08
c4lbmrn5ww6l37u4,0.0
alq6rowfjk3a52u3,0.0
65qxl7y5a5xev6ni,0.0
ulg2wbaooyk2lujq,0.0
sm3lqjcrjuykwfne,0.02175435398049464
zzety2gxazvrhd2u,0.0
3umw5vqs76bxqwym,0.0
trj5kmtudzd2pass,0.0
5d5ii2btnzug4anz,0.09313032965736529
66cyoqjajxu7n3qi,0.0
wcqsuqd2fpz5ggtz,0.0
2yllufbiquzpafs6,0.001034024696218238
4eyas2m2qsbfncor,0.0
y55ocjl6l6mjzsqu,0.0
xydzu3ohwhen5wsd,0.0
wstepk45ogsrzt5p,0.0
gabf4vlyveeejqu5,35.83072582279424
l4taqvvt7qksbqds,0.0
u7ik3lqe3xijyatl,0.0
mhnfzf7wi6rk72zr,0.0
htopce545icfmsgt,0.0
ya4vhn726gtcmiw2,0.0
ateqj4vlh2njlu7q,0.0
dl5rfnixvy3l4fad,0.0
oj5owohsqbgj2guk,0.0
bxpb2wkf2bp2lm3o,0.0
4gwi6smsw3mnipud,0.0011457180504007628
c4ksp3fbxbqlhm4n,0.0
eq2ve6lrgcrs6dm7,0.0
wydj2p2t5bmdpeis,0.0
lu6yrobfzvjwo2ng,0.0
df7e4rrxtdk7kasd,0.0
xrels7wzdp7pczvu,0.0
x2qhrjb5pnh36sxr,0.0
ckoa5tlt6ba3rvha,0.0
f55a7vv533o4ovfr,0.0
pb4n6ftl3whgf5j2,0.0
5k26idllcat57zp4,0.0
deelllui7jlnob6u,0.016102047264879724
jfz27xkfhxd6zly7,0.0
fyg26a4rbpa3uyoh,0.009307451861513666
gwuig3mr2v4fl527,0.0
gpsjbflbanwmaapb,0.0
yziqnramlrkezoje,0.0
lysrm5qqp46ndka2,0.0
fkq33ylfhvvf5nxz,0.004530331399214355
zwh5sxhgcyqxr2vx,0.0
73d7cnipga24szmd,1.8777869083808374
gdd4irxeelt74poj,0.0
ijtaivhbboiqbd4j,0.0
bxf7fy2ozicdkr2l,0.0
isn25durvr7uiocg,0.0
jsdrryebiixcyvzw,0.0
wudwwnh7dtq74tjf,0.0
gp32imb7ksi7bafl,0.0
yagfnw5fa7a6jpqt,0.016102047264879724
v2seiydlq5fg5zpx,0.014184703382997125
cvy4fmndzrh2itqw,0.0
lcqw47xy4v6rhdqv,0.0022692698642849726
gkpnfdn57rzzap4d,0.022618850879071853
cq432loha7fgvuio,0.0
hknawqjm3ohjgsyi,0.0
ouodkt7ge33g2km6,0.0
gptfxjl5uvkqqzmu,0.0
cmxevy4jgoycscjx,0.0
va5ekrujpjqz3jsx,0.0
qyrvpdswr7fnqmcw,0.00418192216623452
ecgxutf2lxlovev6,0.008943692416467858
yby2scrzqr7nqfpe,0.0
meyvphsfgji5gigg,0.0
kzon5xnbohtdj46g,0.0
ibv4guimixlqyssi,0.0
o2mgxnrq5uzg3aco,0.0
e4wn5fol3rpxtgbk,0.0
7qm5nzshkfz2rf4x,0.0
uh2ufya2gblv6h6w,57.866456545111745
dnn3af6jcprvfy6z,0.0
jxco6kxhp5la7nxz,0.0
4mdqzvmpc5jsxpp7,0.4826735462812826
bgghwce7lgqpzrsh,0.004198355389754756
wnjtnokcwcwmgeas,0.0
xw4wjd2oj6mjug6d,0.0
kijvhpsvwdd5sn4n,0.0
x4c6ig2qhkprppge,0.0
sp7cjkkowbhrnsve,0.0
vugaqqsptrc5acay,0.03960120379034151
xv34ejhdleu4fhr6,0.016102047264879724
wgf7mizwifc3l3iu,0.0
r3amrtvbvczvcqzw,0.0028462043607082647
khb52kenjqrhrj47,0.0027152505961984936
4gwrik5shxfdt5ae,0.0
pqrcuutnpq67drsz,0.0
oozrnmzrtilkec7w,0.0
ygjdyyn3dvr46rpy,0.0
x2uhwuswlod24fkr,0.0
q4xqv6crrvgb3z6t,0.0
vryeayruwqyeueif,0.0
fslibbxsfxchgzmc,0.0
izsduvbc2ha23osu,1.927534006215504e-06
nkoy6ytdcpeu7nbf,0.0
grfpjje43i2cgkzz,0.0
3xcpgde4pwtanovf,0.0
2pcxhx3rf6x74he4,0.0
wj5fiwmvzmvszht7,0.009033659354556803
o32xiir4dbqgk5pr,0.0
u5ha4krew255bhyf,0.0010851819475057492
o6utett5t7qhh46t,0.004570326869386923
yyjhooyqnxqhpen3,0.01586950508827349
7su4bn6q2kwpnzjv,0.0
gpagpaybokcrnjux,0.0
pjxbk2bkft6df4qt,39.290063264203006
pc6ba33v24gstnrd,0.004570326869386923
kg73korn4agwsvu2,0.0
isfogphtcqrneatc,0.008141767643704993
nozjhxgw6dlssdah,0.0010031246052381044
llidtsu6mnicfv7t,0.0
rrbh5vr6wivdkefj,0.0
u2clxpbamg7n42ks,33.161795551813285
py4uruhg5scgmkle,0.0
i677pfars34xtx22,0.011742006317262119
7iwppq63vmcf5hn4,0.0
h7qgoriblpri47e2,0.0
5uupcknrp5j7qvwq,0.0
lxkm5ajmvmqtlbql,0.0
d34bbsapfnfsqvto,0.0
ils32vnaj3qihut7,0.0
ikagegyhhsz2bokn,0.0
nsxkp2u4otx5a2zh,0.0
msgb3noetjao5qhs,0.0
scz423byxkncly7g,0.0
3ks4yegcvu725n64,0.0032818839549483506
bln43eaax2eud4ca,0.0
nwv3vib66t6lrfrx,0.0
xqttgw6j4elt7twp,0.0
5kg3djhogrys345r,0.0
vb6arf4w26ssdwqh,0.002435195571558057
hzwhl5htlm3ouoep,0.0
xjmtjxbekdzd46ma,0.0030766755465899214
sc5u34soxaet3bc6,0.0
ktkjci47urdvq7sg,0.0
yvcuncygsjvpwqen,0.0
4z56tw6emeqd4abc,0.0
tdx7w2km3qclwhpg,0.0
f3cgqfnca5rshqem,0.0
p3uyoae5rv2d5z36,0.01586950508827349
6f3tlrzmcdbic636,0.0
5wuvke24gaimq36m,0.0
gi6c6thvhmu4orrq,0.0
jkkaotkn2lrdurqv,0.0
2lvyl6uemrtjeroo,0.0010614381528803378
avtrktcdd5vea5vm,34.652390175202946
hvogntcxvbui36xm,0.0
cjeu6ja3d277oxap,0.0
rayxcu737rki7i6s,0.009033659354556803
5o4qykuzqr523gg5,0.008887491820394038
fbc5fddusms6uhhc,0.016101573202741366
3qj7zpwhsxh6xjg7,0.0
cph3ryk75yt3s3an,0.0
lqhskv47v4pyq74p,0.0010851819475057492
2ndio4runssvf7mm,0.0
uncxxrxqlk5wrbuh,0.004571793744900569
o5ivljjvtnnehuc7,0.17958211119721648
74o5syjuxgc55z5c,0.0
sjqf65d7u6qj2ept,0.0032818839549483506
ymlavrxag6ilhai7,0.0
6apqfdqjehhmmvzw,0.0
ychgapahfupdcusk,0.0
eb55oerznrckhbtv,0.015565921501658257
dghusa2e4rzplc7n,0.0
fq2retrnlkhnbc62,0.0
lkl5244qnqkrgegc,0.0
5juisstfruahk6vt,0.0
rdivy7aytbqhgt6a,0.0
ligtzsazkbrmj2fd,0.0
56j4mcwhollxfhtz,0.0
3uiiskvsncetcu4m,0.0
vnybp2e2mealhf3c,0.0
u63j34hzgy53ukws,0.0
vdj4owaa2d77qsmi,0.0
knz2qd5idx5sykqj,0.008718165879077299
nlhzbrbe2rz4bog7,0.0
u32eltn5zxakdrdt,0.0
trv53jtgjxhi2xo7,3.026349907642541
aeyjm2vlprp66gcw,0.0
pitlehtvydivwt4g,0.0
2ntdilbjdur3qg26,0.0
h3l2kw57mqfjjkgn,0.0
ms4rlnmx3tdc36ht,0.0
3ohugtzer5bjwu7d,0.0
jnpd2thehztza3zq,0.0
vhulgt4clcqztxd3,0.0
h3ct2srlgr7ozeuo,0.0
b4vt4ycxjkbdgowq,0.0
6qn3ow7kagbnkw4k,0.0
ovszmwzmy4dho5zu,0.0
diiksg2vxspviqvu,0.0
capkjsaxzscbzzld,0.0
ddm6mjcinzjbnmwj,0.0
m4wugpjad5ra3h5a,0.0
ljeui5huadaavtor,0.0
4xa5q6ypjevkgrtx,0.0
uslzifmkwnn73lhm,0.0
a2q2j7hoy62z2hty,2.9226748123072874
tzehoayftvrfjwxb,0.0
dszyvd4l3e6xrg4r,0.0
4jyfesvs5gqo2j5x,0.0
garmqwcn2z7opza4,0.0
baf4co74lmjugmbj,0.0
46u4hz6trove3jmo,0.0
7exlcmry2uvwse77,0.0
23eessdvghhkbgqf,46.40459511081114
rmezub7vejkpz2hs,0.0
iof2bljqwwu54q72,0.0
3kpxlduq5uuyirt6,0.0
bgkffnsbf47j2lel,0.0
l3jqy6zph2edx7ci,0.0
srfcknu4cu46gjgj,0.0
u7uf7e5zcdfctnkl,0.0
v7su4qetyadzvjqj,0.0
2tmspgsla26vjong,0.0
tfnah75mt222ucdd,0.0
uyoae2ca2ctdpuej,0.0
4ylvswomzzaczuum,0.0
cnehsllqpyxvogrw,0.0
tenqjnf65muuzq2d,0.009033659354556803
boxlhcsjj3lkacua,0.0
cti45ham2duyyzyk,0.0
kvgymy2gyzlu2tta,0.0
b3jvftvgg2dj42c4,0.0
c7wgsyj5fvnlgdj2,0.004717834509126511
y72524pnal6o4jcv,0.0
bq6cxun3l52d66io,0.0
46exwfallgupxglj,0.0
sum4v2emw26mr4zg,0.0
al5ixhms6loeeet6,0.002400724639468385
ix2ubax6goconp64,48.00967067360159
hbh5cne7dfrbpr6b,0.0
mc2qfsdw45e2ghso,0.0
gifhijqa7ffxm7mx,0.0
oopqub2cqbbqpdxy,0.0
s2edc3g6lnbndllt,0.0
njh5ydops7smtgfv,0.0
o2w63d6xxkwyatha,0.0
bcf6464zecfyrt2d,0.0
ibqjsjkegwxktnlu,0.0
zj3yyh5u5lgt4frj,0.0
b3fezmpg2uthavue,0.0
opibqz4jzei2eddv,0.0
hwpxklroywjjsp5x,0.0
67bzcodfqqwmgdqq,0.0
hxgfepptqcfyvt6m,0.0
22tz5xncd24sqzxk,0.0
invqcxb2anhmeeio,0.0
yxyb5kvbj233fzxm,1.1964314427188017e-06
n4jpxa7alc6m3xr3,0.0
4o24sevt4jpto6c2,0.0
3h4xgozoruu3ipai,0.0
regmxzjwsvwuoydm,0.0
sl5uvckx4kqnvvvd,0.0
zil5sn62ijlcisli,0.016102047264879724
bjjzq4577jnk34ti,0.0
vym2inxhb3wcasz7,0.0
57d5sb3qpqbq3gx7,5.851074217504798
4bj3t3awqwlt5jbr,0.0
it6hkpbtsgcsillk,0.0
dhzquu65hu43ywpq,0.0
5jd6mwlbhcky4pwj,0.0
nswolowwzv6mxz2m,0.0
3neae4f2hzcom74n,0.0
bugdjwom42bb4xrj,0.0
aeq5q26mqybv32vw,0.0
ox2yaleadnbpuskp,0.0
rpxzuowwyewu3kjj,0.0
r7wckgxmqunircea,0.0
wbqjk6xpt5wm3lcm,0.0
djq5hobirjmkonch,0.0
rr6iqoetu7l7h4rt,0.0
iw6xwpgab72w334z,0.0
oo3thfd5sk2omhic,0.0
iaamkbmieo2qt52o,0.0
htdn232qf3x4y6z4,0.0
6wmelzenldjfprnu,38.38293563677824
gp7q6gw4dctbsl7h,0.0
k6pn6vayziblkiwu,0.0
eisdrd34vpcsnber,0.0
t57ay5sppfvbjrod,0.0
3hfztoqu6lr5xzih,0.0
qdhmods35ciyzckj,0.0
b7k4xpdnl72mo7km,0.0
vtyxnceinidcmqxm,0.0
i5plbw2rmnmhdglj,0.0
l6rs2n6twltr2pkl,0.0
b2emgrvndm4f7yez,0.0
7roav2gqdgidktkk,0.0
zagtoly66ft4eibx,0.0
k3qzbsvvhsm4myjv,0.0
7uy7bxyvfmmpx44h,0.0
xh3bxag243ft57hn,0.0
gd6rlaq4my4ymlej,7.812744948209709e-06
gz7uzoalw4v2rwst,0.0
gm6fsyxlz7mf2hat,0.0
nfomimpmqesoqtun,0.0
7637nofwbua5nzqr,0.0
jbrw437wnsxslzyf,0.0
ocfumqb5y4rotkv6,0.0
k4nhe6h3wfch3drm,0.0
7hafzyamsxdesmaf,0.0
3c2pc5j43ugfhchw,0.0
r6zxz5yvkzk4vrhe,0.0
mxlv6ersarqs623o,0.0
hhdmfurp3uperkrb,0.0
r5xnlxwn47uumj25,0.008081177578612002
rvkdvmz7a7d3fokp,0.0
2njogkolbgmp7flw,0.0
wjrpwcjmtdz6oqj5,1.927534006215504e-06
6fhnj7o4ot24x5pt,0.0
fyvs2kedibu4oofj,15.683706988768392
7kyvrt3xkz3auuun,0.0
6kkokwzlr4kaedya,0.0
lwfosww52fzscx5z,0.0
74fnk3w4unjtuypn,0.0
zy5ux3zvbbyjcfeb,1.1435279966375091
tmvhgwiovmh2z3ck,0.0
gnpt3kh767xrvsww,0.0
sad2b2bk57m455oo,39.51464814810272
sdajttifhhhucs4t,0.0
drvgwmoqkdu2di4d,0.0
irr6drba3faktdmw,0.0
7dx63z6svyumwdnp,0.02156647107341703
f3i2236wmeyxjvv6,0.0
ex6gm3ymldn5zw2c,0.004991113739522977
zbqgbhopydfskswu,0.0
dxvcmpo2tkrsjd77,0.0
dn5j5yoeapfdjfsn,0.0
i4zngpeipme2cp7p,0.0
z5ztczrbvidyxvha,0.0
bqmhnv3cosz352fv,0.0
kddn5uhwcnvga76o,0.0
tpcvan3dbdzc73fo,0.0
uyvwqtkdgxslwloz,0.0
26sd25duuzm2b4qv,0.0
nss7vdugsxyapc2m,0.0
66iftu4ksl5tpaml,0.0
bwyj5zaqodlo2wkr,0.0
sgw5fgbrx6oluwwb,0.0
exeut5fnhg6icbch,0.0
yhnrtihjz3zeztmn,0.0
3ykhhbpp5usrztqn,0.0
gkwlp4jh4diandhc,0.0
bkocrmh4qpoic2yi,0.0032818839549483506
v24o2mb7cbuqtlrz,0.0
posd64sb2t2brhqt,0.0
r54bslbaxrk3ihds,0.0
we5s3u2k2zmcskez,0.0
2jngst3mjmtitc2d,0.0
p2b577lvyhnyfesx,0.0
27q5traktefwysfy,0.0
ftmo3ellzzeub3yr,0.0
p2ptgpctzcbsxngl,0.0
6qxrmohvne2mtaxk,0.0
7j6o22f45axhvsym,0.0
kexkl7gt6tgpaine,0.0
si4jehgakceu7set,0.0
rfb6evt4q7trs5c4,0.0010031246052381044
rwxdcchb6of3voxj,0.0
y6vc3rxlkrm7zwbv,0.0
ho4gzzzwyqkqztx2,38.07215680898719
3ivc55je5e7eiafu,0.0
buaxstwxfikdufwv,0.0
y6y4rmu6anp3knl7,0.0
taghhrg36pri5cte,0.0
7hkericsmbmm6alt,0.0
5rbmiezlsx3o3vwt,0.0
7vpp3ktw33aghkvq,0.0
jx6zfvyjew5bo5dz,0.0
ru2fkgglistixyqk,0.0
m247lbgmkifqpayr,0.0
cpgmmg7xjs4fighu,0.0
mbdoixvjfhx7kv6z,0.0
ygr2pzbogbvchzzt,0.0
qnpeu3v34mdci6gf,0.0
gux5w5qvvoywzsah,0.0
msixc4vcbuv2taea,0.0
rdnlmmjp35dvviya,0.0
z2dksk566se2rxeu,0.0
4kfewuj3nanvj4pp,0.0
dhe4k574k76ozojx,4.1550654625255525
qct3p5zez2n6gszy,0.004717834509126511
gsrndvdx5yfagtus,0.0
ne4xrlvc7gxsntmk,0.0
vjlitg5dm5hf3whi,0.0
uti6bslsz44rxju2,0.0
qtnf6hjmqr6kib2e,0.0
seyxghrtx24ofpsm,38.93194295803696
7muwreelqyqym7ho,0.0
oprxme3ydegfv7br,0.0
dtdnwx5v26y6dnpy,0.0
fnl3itxvf3crwepp,0.0
5f6ebarqmzxkmwkp,0.0392560844393528
ic3ijsij7let45jh,0.001085101548018948
piem6ejr6i4xp6yw,0.0
ffkmr3ahdcmlyc6v,0.0
tidywy3dkc7pffxg,0.0
nkbylmxzaeytdgwf,0.0
3csq6djnclyckznb,0.0
km4rxt2nber3hppe,0.0
yjfjswd4dla7fw4d,0.0030630009715328656
esp3ulz3fgubiy5y,0.0
6edfl37ii5arrtvj,0.0
wolyu62b3baoa4qq,0.003568038446723799
wghc6mqm2liov2od,0.0
4fgfejynvu5iadww,0.0
772k4ey7jqzhvqlf,0.0
g56f37gi5m3kjhec,0.0
2xhp35gx2le6c5ty,0.0
7mft73npaslbiifl,0.0
oxgau2i6tt2wltf5,0.0
2a4te2xtd6wcaud3,0.0
cmnpknq6bmutfqv7,0.0
y4dkyg5pjrf5s6ai,0.0
ytkhli2vg7bj52rk,0.0
dfbdm3i5xxkeoicz,0.0
4fmvml3nphwlv4hp,0.004530331399214355
slt3bymln5sz6q7w,0.0
7gyipxkuktjakuvo,0.0
wloya4nicmuzziyo,0.0
bh27f4w6jf3b3zau,0.0
7rukap3gaoqckisi,0.0
wvuhpmu5fwumtzjo,0.0
ddabziaxu76j3tqz,0.0
x6ctclwawhabgcmb,0.0
saxsxatjlukt5eo6,0.0
bsx2ul36acsvrbhl,0.0
r3v6nczkmlz4cqky,0.0
e4tq7w3bcnydkt73,0.0
all7txrbi3rwyojy,0.0
bge3kxar6wewwfmg,0.0
3mcdn47evadvj3fp,0.0
ypurns2zectr6alz,0.0
wi3pbpzbzm3mqplv,0.0
tpyx2joknzahrdlf,0.0
ev5fhvwgzymgn3bj,0.0
24itqxkxnqplxqka,0.572335215274942
uyovbzcr3evl2txx,0.0
7si6d3oe2vg4v4dl,0.0
gxbtdoyqia3bqkhb,0.0
vmvp5kihajb2lqit,0.0
mbwymbkwuvdqldah,0.0
rbkkgbem5mpjlytr,0.0
4czoqo7nf66xvzho,0.0425394678374097
u4herfyj74kttujb,0.0011457180504007628
fz7qvfqz2n5gktvp,0.0
tnphrdcvfp5uqrs4,44.343943848598585
zbvrny3rdlsz7nzf,0.0
udeeyclz3xhqikys,0.0
wxwzs2bktnqrsqib,0.0
o6w7fk5fumsw4qmb,0.0
sjlgdklzc2lwrr35,0.0
ybqqxqv6jelht3tk,0.0
jbzixxhp6csnytvu,0.0
thkinez6oby7zsrd,0.0
dwyd74i5u3c2l2pc,0.0
idjw2jxzilw6mjgu,0.0037624309790880595
ytigayxhfvbwpkjx,0.0
7vwusu7fpye35a67,0.0
pmrqunagxwyff4ko,0.0
rek3q2slyzezjwvj,0.0
3ts4biwe736nvfdz,0.0
bzq5yfkmjeyoh5lx,0.0030956901625207372
rm6p42ojpaffcp6w,0.0
426iy3k7dppiycm4,0.0
hvqczckodx3w7mov,0.0
wyz5m5btyhmmnznf,0.0
ymzce6ycjgwtxnib,0.0
g25nxrhofg7mhwg5,0.001085101548018948
zaj2xg5yvip2ujus,0.0
wtbnctushkoi5i5l,0.0
wlpjolpve4d7qmrs,0.0
b5bczwivrhnp25ry,0.0
crrw3edtycashid2,0.0
ptybktp2bdujuara,0.0
cmexshn6ef3kqydu,0.004639443814094735
wbnypk46nmdext5g,0.0
3jt46yvo46xs5mwl,0.0
wwrn5ix6zx7pkz74,0.0045700679970774784
isaghem6dbfwnj4f,0.0
6jmyzighpddjt47z,0.0
4gx445r4gsowlvo2,0.0
usbfyngzgabmyafx,0.0
gthrx75snx4imof3,0.0
wpyetk7py3ljggnf,0.0
zmfy2ovujtjeeqww,0.0
oxy7jmqbtcs7udar,0.0
kgqyzfygractn5bl,0.0
fsq2o72ejpzemomu,0.0
h25faovzxa55x4fj,0.0
vpqeq2gfqzguaxqk,0.0
fi5aoo4bnuqmaxqt,0.0
vogj5zipgw2tx2op,0.0
styfey45zpml4eua,0.0
rsaoykrdkbzimfoj,0.0
fudq2yaezcbknets,0.0
qltbniyasdvclrns,0.0
tgvrtnxjattep26d,0.0
gudeyyfczt3myr6o,0.0
olucfehoksc62lzz,0.0
2nbky2o2d3mpzcr4,41.33510460406451
2l7xvujvpbiiu3n4,0.0
d5suu35ovr3e2bs3,0.0
e4rk4f2klb56vnwc,0.0
7zzxuibhxx2unccs,0.0
pjhs2vgeh3normcr,0.0
mikqpkmd425325ci,0.0
kkx6au6vw74xqzly,35.6449211591563
yf34md6shtea66ye,0.0
e4mcepr6kco22a35,0.0
a35raaefhmklfnt4,0.0
kbcjggpj3rz4bgud,0.0
foekj2e7szbljy5a,0.0
3veqimuyattybcao,0.016102047264879724
shvvolajpwt7mn4g,0.0
iqkm6ovzvtmk2oi4,0.0
av23muc6bsygycxl,44.05072228329653
73i5fa26z4qom2sz,0.0
kfwgugvs6w6cf2m4,0.0
hrnomsag4brr2pja,0.0
3k5n5ujc3ez5jdt2,92.40730866883098
uuxfww2iuc4x2ir2,0.0
i72ddqkiipd6nvbh,0.0
ulu4xb526cgpelyy,0.0
dc4s72x6yfnoye4n,0.0
sr7kwaeuuc5wevkl,0.0
ovaokihycsfnqcdp,0.0
75t4b36botpw2ltq,0.0
vow5axulvd2izl5d,0.5008743843663278
iixqolygxisho2jq,0.0
dnfypftky3hmkmja,0.0
6szsxxiwfeqpenvv,0.0
jjo4csegswqnqk23,0.015565921501658257
jgloxvjle7epdyps,0.0
sgfis5ueayetfbna,0.0
yt2jicn4wssuoetd,0.0
xqbphe74muuufynh,0.0
7l2b35yd6eco52nj,0.0
t25j2ne5bkjlvi7g,0.0
2znzxq6pw2tenq26,0.0
u76oi5k6quv32vn6,0.0
wbigtznxl4aqt72g,0.0
uzjiqk47gjbx4zw7,0.0
rita6xarmycbfjaa,0.0
qz6zt4236ngybloq,0.0
w2klpnifeiwgkp42,0.0
dlbvzauqstj4xrgk,0.0
posuebmjaohhj23t,0.0
7acv7cwtjvq6znyn,0.0
ceebakkspqccfujn,0.0
6wguh3zxhaonayns,0.0
jivjemfbi5xoqhgy,0.0003779832646077803
aju4dss5m53fzaft,0.0
ah2lvwttm7rym7c2,2.8296269664464786
cptckxbblonnyecf,0.0
r424z5bob4f7wcuk,0.0
lifxbwar5lqo5nnu,0.0
e4jcch6csdok2kpk,0.0
a6qswps6pxpdeujp,0.0
6q7d6mpvd5rveqmo,0.0
2aikrhoquqnufwap,0.0
46g3zpmssznoid3j,0.0
gtlshlffwadhkxzg,0.0
4m3el63qawmtemwd,0.0
c3xxbethxg6vdrfb,0.0
yesfogveklrccwlh,0.0
aflsorz4mxczevhm,0.0
qstgtkboknz2h3ie,0.0
ol2h37zg5ba352cs,0.0
ygvdcfg4k46u7hty,4.058940892977475
jcxmxtuhqs4johkp,0.0
3o5spztdlqa7ch2n,0.0
efd46s4s2cjabvgl,0.004545153985954404
2q3huhuoefvh43y2,0.0
3ghaco44ss2dzx6f,0.0
5j4tw2fdcip45yrw,0.0
gvcfx7ojbrisaif5,0.0
h7hv34h4d4owvqef,0.0
2pr2f42hyap2xjoj,0.0
5gsrbw7du66sgqz5,0.0
3aoz3v6nyxn6ya25,0.0
buigcmmn5rc3uoch,0.0011457180504007628
xgejtkcmamxwqjnx,0.0
vegvxrxqjemlzhjq,0.0
wbixdyylbcasaorz,0.0
mxm5lpnqz2fuhvci,0.0011138231860326456
f5hwvpkzg4vavypw,0.0
c5ilio6hmtquzqyu,0.0
lnaddxdowaohj4fz,0.0
w7psshjeuxiehkca,0.0
e6xcdf7jfbdek3tr,0.0
juaykrfpd6wptcgk,0.0
lttbeccnsxap3ilw,0.0
xyt7ehiuljrafohz,0.0
sbunbldmn73rawzm,0.0
whldnusb6ung3usc,0.0
gxiwnofmea73smje,0.0
bt7bwo6nnhxg6as6,0.004571793744900569
hhf5mpe6xv45izgo,0.0
n2sgfu7qelu5vytp,0.0
ykecqv3e45ldke6u,49.339464348936026
iwjlv7yevwcs6hnt,0.0
yzhwtjzfghnukvx3,0.0
